2025-11-17 12:00:13,199 [Worker-3: Loading available Gradle versions] INFO  c.g.t.t.d.PublishedGradleVersions - Gradle version information cache is up-to-date. Trying to read.
2025-11-17 12:06:34,877 [Worker-4: Loading available Gradle versions] INFO  c.g.t.t.d.PublishedGradleVersions - Gradle version information cache is up-to-date. Trying to read.
2025-11-17 12:08:19,207 [Worker-1: Importing Maven projects] INFO  o.e.m.c.i.l.LifecycleMappingFactory - Using org.eclipse.m2e.jdt.JarLifecycleMapping lifecycle mapping for MavenProject: com.hcl.guvi.capstonproject:eventmanagement:0.0.1-SNAPSHOT @ C:\Users\archit.jain\OneDrive - HCL TECHNOLOGIES LIMITED\Documents\GuviProject\clubmembershipmanagement\pom.xml.
2025-11-17 12:08:25,829 [Worker-1: Importing Maven projects] INFO  o.e.m.j.i.AbstractJavaProjectConfigurator - Adding source folder /clubmembershipmanagement/src/main/java
2025-11-17 12:08:25,830 [Worker-1: Importing Maven projects] INFO  o.e.m.j.i.AbstractJavaProjectConfigurator - Adding resource folder /clubmembershipmanagement/src/main/resources
2025-11-17 12:08:25,831 [Worker-1: Importing Maven projects] INFO  o.e.m.j.i.AbstractJavaProjectConfigurator - Adding resource folder /clubmembershipmanagement/src/main/resources
2025-11-17 12:08:25,833 [Worker-1: Importing Maven projects] INFO  o.e.m.j.i.AbstractJavaProjectConfigurator - Adding source folder /clubmembershipmanagement/src/test/java
2025-11-17 12:08:28,762 [Worker-1: Importing Maven projects] INFO  o.e.m.c.i.p.ProjectConfigurationManager - Imported and configured 1 project(s) in 15 sec
2025-11-17 12:08:34,422 [Worker-2: Building workspace] INFO  o.a.m.s.f.DefaultMavenResourcesFiltering - Copying 1 resource from src\main\resources to target\classes
2025-11-17 12:08:34,450 [Worker-2: Building workspace] INFO  o.a.m.s.f.DefaultMavenResourcesFiltering - Copying 0 resource from src\main\resources to target\classes
2025-11-17 12:08:34,454 [Worker-2: Building workspace] INFO  o.a.m.s.f.DefaultMavenResourcesFiltering - skip non existing resourceDirectory C:\Users\archit.jain\OneDrive - HCL TECHNOLOGIES LIMITED\Documents\GuviProject\clubmembershipmanagement\src\test\resources
2025-11-17 12:09:03,395 [Worker-6: Importing Maven projects] INFO  o.e.m.c.i.l.LifecycleMappingFactory - Using org.eclipse.m2e.jdt.JarLifecycleMapping lifecycle mapping for MavenProject: com.hcl:user:0.0.1-SNAPSHOT @ C:\Users\archit.jain\OneDrive - HCL TECHNOLOGIES LIMITED\Documents\GuviProject\user5\pom.xml.
2025-11-17 12:09:07,871 [Worker-6: Importing Maven projects] INFO  o.e.m.j.i.AbstractJavaProjectConfigurator - Adding source folder /user5/src/main/java
2025-11-17 12:09:07,873 [Worker-6: Importing Maven projects] INFO  o.e.m.j.i.AbstractJavaProjectConfigurator - Adding resource folder /user5/src/main/resources
2025-11-17 12:09:07,873 [Worker-6: Importing Maven projects] INFO  o.e.m.j.i.AbstractJavaProjectConfigurator - Adding resource folder /user5/src/main/resources
2025-11-17 12:09:07,875 [Worker-6: Importing Maven projects] INFO  o.e.m.j.i.AbstractJavaProjectConfigurator - Adding source folder /user5/src/test/java
2025-11-17 12:09:09,661 [Worker-6: Importing Maven projects] INFO  o.e.m.c.i.p.ProjectConfigurationManager - Imported and configured 1 project(s) in 9 sec
2025-11-17 12:09:17,295 [Worker-7: Building workspace] INFO  o.a.m.s.f.DefaultMavenResourcesFiltering - Copying 1 resource from src\main\resources to target\classes
2025-11-17 12:09:17,303 [Worker-7: Building workspace] INFO  o.a.m.s.f.DefaultMavenResourcesFiltering - Copying 0 resource from src\main\resources to target\classes
2025-11-17 12:09:17,306 [Worker-7: Building workspace] INFO  o.a.m.s.f.DefaultMavenResourcesFiltering - skip non existing resourceDirectory C:\Users\archit.jain\OneDrive - HCL TECHNOLOGIES LIMITED\Documents\GuviProject\user5\src\test\resources
2025-11-17 12:12:13,751 [Worker-3: Loading available Gradle versions] INFO  c.g.t.t.d.PublishedGradleVersions - Gradle version information cache is up-to-date. Trying to read.
2025-11-17 12:12:34,752 [Worker-9: Building workspace] INFO  o.a.m.s.f.DefaultMavenResourcesFiltering - Copying 1 resource from src\main\resources to target\classes
2025-11-17 12:12:34,793 [Worker-9: Building workspace] INFO  o.a.m.s.f.DefaultMavenResourcesFiltering - Copying 0 resource from src\main\resources to target\classes
2025-11-17 12:12:34,796 [Worker-9: Building workspace] INFO  o.a.m.s.f.DefaultMavenResourcesFiltering - skip non existing resourceDirectory C:\Users\archit.jain\OneDrive - HCL TECHNOLOGIES LIMITED\Documents\GuviProject\clubmembershipmanagement\src\test\resources
2025-11-17 12:12:40,236 [Worker-9: Building workspace] INFO  o.a.m.s.f.DefaultMavenResourcesFiltering - Copying 1 resource from src\main\resources to target\classes
2025-11-17 12:12:40,244 [Worker-9: Building workspace] INFO  o.a.m.s.f.DefaultMavenResourcesFiltering - Copying 0 resource from src\main\resources to target\classes
2025-11-17 12:12:40,249 [Worker-9: Building workspace] INFO  o.a.m.s.f.DefaultMavenResourcesFiltering - skip non existing resourceDirectory C:\Users\archit.jain\OneDrive - HCL TECHNOLOGIES LIMITED\Documents\GuviProject\user5\src\test\resources
2025-11-17 12:13:18,387 [Worker-5: Importing Maven projects] INFO  o.e.m.c.i.l.LifecycleMappingFactory - Using org.maven.ide.eclipse.wtp.WarLifecycleMapping lifecycle mapping for MavenProject: com.Eureka:EurekaService:0.0.1-SNAPSHOT @ C:\Users\archit.jain\OneDrive - HCL TECHNOLOGIES LIMITED\Documents\GuviProject\EurekaService\pom.xml.
2025-11-17 12:13:25,568 [Worker-5: Importing Maven projects] INFO  o.e.m.j.i.AbstractJavaProjectConfigurator - Adding source folder /EurekaService/src/main/java
2025-11-17 12:13:25,569 [Worker-5: Importing Maven projects] INFO  o.e.m.j.i.AbstractJavaProjectConfigurator - Adding resource folder /EurekaService/src/main/resources
2025-11-17 12:13:25,570 [Worker-5: Importing Maven projects] INFO  o.e.m.j.i.AbstractJavaProjectConfigurator - Adding resource folder /EurekaService/src/main/resources
2025-11-17 12:13:25,571 [Worker-5: Importing Maven projects] INFO  o.e.m.j.i.AbstractJavaProjectConfigurator - Adding source folder /EurekaService/src/test/java
2025-11-17 12:13:28,109 [Worker-5: Importing Maven projects] INFO  o.e.m.c.i.p.ProjectConfigurationManager - Imported and configured 1 project(s) in 13 sec
2025-11-17 12:13:33,949 [Worker-1: Building workspace] INFO  o.a.m.s.f.DefaultMavenResourcesFiltering - Copying 1 resource from src\main\resources to target\classes
2025-11-17 12:13:33,955 [Worker-1: Building workspace] INFO  o.a.m.s.f.DefaultMavenResourcesFiltering - Copying 0 resource from src\main\resources to target\classes
2025-11-17 12:13:33,958 [Worker-1: Building workspace] INFO  o.a.m.s.f.DefaultMavenResourcesFiltering - skip non existing resourceDirectory C:\Users\archit.jain\OneDrive - HCL TECHNOLOGIES LIMITED\Documents\GuviProject\EurekaService\src\test\resources
2025-11-17 12:13:58,345 [Worker-5: Launching Executing clean in C__Users_archit.jain_OneDrive - HCL TECHNOLOGIES LIMITED_Documents_GuviProject_EurekaService] INFO  o.e.m.i.launch.MavenLaunchDelegate - C:\Users\archit.jain\OneDrive - HCL TECHNOLOGIES LIMITED\Documents\GuviProject\EurekaService
2025-11-17 12:13:58,346 [Worker-5: Launching Executing clean in C__Users_archit.jain_OneDrive - HCL TECHNOLOGIES LIMITED_Documents_GuviProject_EurekaService] INFO  o.e.m.i.launch.MavenLaunchDelegate -  mvn -B clean
2025-11-17 12:14:29,031 [Worker-5: Updating Maven Project] INFO  o.e.m.c.i.p.ProjectConfigurationManager - Update started
2025-11-17 12:14:32,738 [Worker-5: Updating Maven Project] INFO  o.e.m.c.i.l.LifecycleMappingFactory - Using org.maven.ide.eclipse.wtp.WarLifecycleMapping lifecycle mapping for MavenProject: com.Eureka:EurekaService:0.0.1-SNAPSHOT @ C:\Users\archit.jain\OneDrive - HCL TECHNOLOGIES LIMITED\Documents\GuviProject\EurekaService\pom.xml.
2025-11-17 12:14:35,359 [Worker-5: Updating Maven Project] INFO  o.e.m.c.i.l.LifecycleMappingFactory - Using org.eclipse.m2e.jdt.JarLifecycleMapping lifecycle mapping for MavenProject: com.hcl.guvi.capstonproject:eventmanagement:0.0.1-SNAPSHOT @ C:\Users\archit.jain\OneDrive - HCL TECHNOLOGIES LIMITED\Documents\GuviProject\clubmembershipmanagement\pom.xml.
2025-11-17 12:14:37,138 [Worker-5: Updating Maven Project] INFO  o.e.m.c.i.l.LifecycleMappingFactory - Using org.eclipse.m2e.jdt.JarLifecycleMapping lifecycle mapping for MavenProject: com.hcl:user:0.0.1-SNAPSHOT @ C:\Users\archit.jain\OneDrive - HCL TECHNOLOGIES LIMITED\Documents\GuviProject\user5\pom.xml.
2025-11-17 12:14:44,175 [Worker-5: Updating Maven Project] INFO  o.e.m.j.i.AbstractJavaProjectConfigurator - Adding source folder /EurekaService/src/main/java
2025-11-17 12:14:44,176 [Worker-5: Updating Maven Project] INFO  o.e.m.j.i.AbstractJavaProjectConfigurator - Adding resource folder /EurekaService/src/main/resources
2025-11-17 12:14:44,176 [Worker-5: Updating Maven Project] INFO  o.e.m.j.i.AbstractJavaProjectConfigurator - Adding resource folder /EurekaService/src/main/resources
2025-11-17 12:14:44,177 [Worker-5: Updating Maven Project] INFO  o.e.m.j.i.AbstractJavaProjectConfigurator - Adding source folder /EurekaService/src/test/java
2025-11-17 12:14:48,716 [Worker-5: Updating Maven Project] INFO  o.e.m.w.i.f.ResourceFilteringBuildParticipant - Cleaning filtered folder for EurekaService
2025-11-17 12:14:48,729 [Worker-5: Updating Maven Project] INFO  o.e.m.c.i.p.ProjectConfigurationManager - Update completed: 19 sec
2025-11-17 12:14:48,762 [Worker-4: Updating Maven Project] INFO  o.e.m.c.i.p.ProjectConfigurationManager - Update started
2025-11-17 12:14:50,732 [Worker-4: Updating Maven Project] INFO  o.e.m.c.i.l.LifecycleMappingFactory - Using org.maven.ide.eclipse.wtp.WarLifecycleMapping lifecycle mapping for MavenProject: com.Eureka:EurekaService:0.0.1-SNAPSHOT @ C:\Users\archit.jain\OneDrive - HCL TECHNOLOGIES LIMITED\Documents\GuviProject\EurekaService\pom.xml.
2025-11-17 12:14:55,402 [Worker-4: Updating Maven Project] INFO  o.e.m.j.i.AbstractJavaProjectConfigurator - Adding source folder /EurekaService/src/main/java
2025-11-17 12:14:55,403 [Worker-4: Updating Maven Project] INFO  o.e.m.j.i.AbstractJavaProjectConfigurator - Adding resource folder /EurekaService/src/main/resources
2025-11-17 12:14:55,403 [Worker-4: Updating Maven Project] INFO  o.e.m.j.i.AbstractJavaProjectConfigurator - Adding resource folder /EurekaService/src/main/resources
2025-11-17 12:14:55,406 [Worker-4: Updating Maven Project] INFO  o.e.m.j.i.AbstractJavaProjectConfigurator - Adding source folder /EurekaService/src/test/java
2025-11-17 12:14:59,274 [Worker-4: Updating Maven Project] INFO  o.e.m.w.i.f.ResourceFilteringBuildParticipant - Cleaning filtered folder for EurekaService
2025-11-17 12:14:59,285 [Worker-4: Updating Maven Project] INFO  o.e.m.c.i.p.ProjectConfigurationManager - Update completed: 10 sec
2025-11-17 12:15:02,402 [Worker-0: Building workspace] INFO  o.a.m.s.f.DefaultMavenResourcesFiltering - Copying 1 resource from src\main\resources to target\classes
2025-11-17 12:15:02,428 [Worker-0: Building workspace] INFO  o.a.m.s.f.DefaultMavenResourcesFiltering - Copying 0 resource from src\main\resources to target\classes
2025-11-17 12:15:02,432 [Worker-0: Building workspace] INFO  o.a.m.s.f.DefaultMavenResourcesFiltering - skip non existing resourceDirectory C:\Users\archit.jain\OneDrive - HCL TECHNOLOGIES LIMITED\Documents\GuviProject\EurekaService\src\test\resources
2025-11-17 12:15:02,432 [Worker-0: Building workspace] INFO  o.e.m.w.i.f.ResourceFilteringBuildParticipant - Changed resources require a complete clean of filtered resources of EurekaService
2025-11-17 12:15:02,434 [Worker-0: Building workspace] INFO  o.e.m.w.i.f.ResourceFilteringBuildParticipant - Executing resource filtering for EurekaService
2025-11-17 12:15:05,396 [Worker-4: Building workspace] INFO  o.a.m.s.f.DefaultMavenResourcesFiltering - Copying 0 resource from src\main\resources to target\classes
2025-11-17 12:15:05,397 [Worker-4: Building workspace] INFO  o.a.m.s.f.DefaultMavenResourcesFiltering - Copying 0 resource from src\main\resources to target\classes
2025-11-17 12:15:05,399 [Worker-4: Building workspace] INFO  o.a.m.s.f.DefaultMavenResourcesFiltering - skip non existing resourceDirectory C:\Users\archit.jain\OneDrive - HCL TECHNOLOGIES LIMITED\Documents\GuviProject\clubmembershipmanagement\src\test\resources
2025-11-17 12:15:07,967 [Worker-9: Building workspace] INFO  o.a.m.s.f.DefaultMavenResourcesFiltering - Copying 0 resource from src\main\resources to target\classes
2025-11-17 12:15:07,968 [Worker-9: Building workspace] INFO  o.a.m.s.f.DefaultMavenResourcesFiltering - Copying 0 resource from src\main\resources to target\classes
2025-11-17 12:15:07,971 [Worker-9: Building workspace] INFO  o.a.m.s.f.DefaultMavenResourcesFiltering - skip non existing resourceDirectory C:\Users\archit.jain\OneDrive - HCL TECHNOLOGIES LIMITED\Documents\GuviProject\user5\src\test\resources
2025-11-17 12:15:31,683 [Worker-2: Building workspace] INFO  o.e.m.c.i.l.LifecycleMappingFactory - Using org.eclipse.m2e.jdt.JarLifecycleMapping lifecycle mapping for MavenProject: com.hcl.guvi.capstonproject:eventmanagement:0.0.1-SNAPSHOT @ C:\Users\archit.jain\OneDrive - HCL TECHNOLOGIES LIMITED\Documents\GuviProject\eventmanagement\pom.xml.
2025-11-17 12:15:34,574 [Worker-2: Building workspace] INFO  o.a.m.s.f.DefaultMavenResourcesFiltering - Copying 1 resource from src\main\resources to target\classes
2025-11-17 12:15:34,583 [Worker-2: Building workspace] INFO  o.a.m.s.f.DefaultMavenResourcesFiltering - Copying 0 resource from src\main\resources to target\classes
2025-11-17 12:15:34,586 [Worker-2: Building workspace] INFO  o.a.m.s.f.DefaultMavenResourcesFiltering - skip non existing resourceDirectory C:\Users\archit.jain\OneDrive - HCL TECHNOLOGIES LIMITED\Documents\GuviProject\eventmanagement\src\test\resources
2025-11-17 12:15:39,590 [Worker-0: Building workspace] INFO  o.a.m.s.f.DefaultMavenResourcesFiltering - Copying 1 resource from src\main\resources to target\classes
2025-11-17 12:15:39,601 [Worker-0: Building workspace] INFO  o.a.m.s.f.DefaultMavenResourcesFiltering - Copying 0 resource from src\main\resources to target\classes
2025-11-17 12:15:39,604 [Worker-0: Building workspace] INFO  o.a.m.s.f.DefaultMavenResourcesFiltering - skip non existing resourceDirectory C:\Users\archit.jain\OneDrive - HCL TECHNOLOGIES LIMITED\Documents\GuviProject\eventmanagement\src\test\resources
2025-11-17 12:15:55,358 [Worker-2: Launching Executing clean in C__Users_archit.jain_OneDrive - HCL TECHNOLOGIES LIMITED_Documents_GuviProject_eventmanagement] INFO  o.e.m.i.launch.MavenLaunchDelegate - C:\Users\archit.jain\OneDrive - HCL TECHNOLOGIES LIMITED\Documents\GuviProject\eventmanagement
2025-11-17 12:15:55,358 [Worker-2: Launching Executing clean in C__Users_archit.jain_OneDrive - HCL TECHNOLOGIES LIMITED_Documents_GuviProject_eventmanagement] INFO  o.e.m.i.launch.MavenLaunchDelegate -  mvn -B clean
2025-11-17 12:16:02,699 [Worker-4: Launching Executing install in C__Users_archit.jain_OneDrive - HCL TECHNOLOGIES LIMITED_Documents_GuviProject_eventmanagement] INFO  o.e.m.i.launch.MavenLaunchDelegate - C:\Users\archit.jain\OneDrive - HCL TECHNOLOGIES LIMITED\Documents\GuviProject\eventmanagement
2025-11-17 12:16:02,700 [Worker-4: Launching Executing install in C__Users_archit.jain_OneDrive - HCL TECHNOLOGIES LIMITED_Documents_GuviProject_eventmanagement] INFO  o.e.m.i.launch.MavenLaunchDelegate -  mvn -B install
2025-11-17 12:16:16,700 [Worker-7: Updating Maven Project] INFO  o.e.m.c.i.p.ProjectConfigurationManager - Update started
2025-11-17 12:16:20,610 [Worker-7: Updating Maven Project] INFO  o.e.m.c.i.l.LifecycleMappingFactory - Using org.eclipse.m2e.jdt.JarLifecycleMapping lifecycle mapping for MavenProject: com.hcl.guvi.capstonproject:eventmanagement:0.0.1-SNAPSHOT @ C:\Users\archit.jain\OneDrive - HCL TECHNOLOGIES LIMITED\Documents\GuviProject\eventmanagement\pom.xml.
2025-11-17 12:16:23,305 [Worker-7: Updating Maven Project] INFO  o.e.m.c.i.l.LifecycleMappingFactory - Using org.maven.ide.eclipse.wtp.WarLifecycleMapping lifecycle mapping for MavenProject: com.Eureka:EurekaService:0.0.1-SNAPSHOT @ C:\Users\archit.jain\OneDrive - HCL TECHNOLOGIES LIMITED\Documents\GuviProject\EurekaService\pom.xml.
2025-11-17 12:16:25,381 [Worker-7: Updating Maven Project] INFO  o.e.m.c.i.l.LifecycleMappingFactory - Using org.eclipse.m2e.jdt.JarLifecycleMapping lifecycle mapping for MavenProject: com.hcl:user:0.0.1-SNAPSHOT @ C:\Users\archit.jain\OneDrive - HCL TECHNOLOGIES LIMITED\Documents\GuviProject\user5\pom.xml.
2025-11-17 12:16:31,934 [Worker-7: Updating Maven Project] INFO  o.e.m.j.i.AbstractJavaProjectConfigurator - Adding source folder /eventmanagement/src/main/java
2025-11-17 12:16:31,935 [Worker-7: Updating Maven Project] INFO  o.e.m.j.i.AbstractJavaProjectConfigurator - Adding resource folder /eventmanagement/src/main/resources
2025-11-17 12:16:31,936 [Worker-7: Updating Maven Project] INFO  o.e.m.j.i.AbstractJavaProjectConfigurator - Adding resource folder /eventmanagement/src/main/resources
2025-11-17 12:16:31,936 [Worker-7: Updating Maven Project] INFO  o.e.m.j.i.AbstractJavaProjectConfigurator - Adding source folder /eventmanagement/src/test/java
2025-11-17 12:16:34,572 [Worker-7: Updating Maven Project] INFO  o.e.m.c.i.p.ProjectConfigurationManager - Update completed: 17 sec
2025-11-17 12:16:38,559 [Worker-2: Building workspace] INFO  o.a.m.s.f.DefaultMavenResourcesFiltering - Copying 0 resource from src\main\resources to target\classes
2025-11-17 12:16:38,560 [Worker-2: Building workspace] INFO  o.a.m.s.f.DefaultMavenResourcesFiltering - Copying 0 resource from src\main\resources to target\classes
2025-11-17 12:16:38,564 [Worker-2: Building workspace] INFO  o.a.m.s.f.DefaultMavenResourcesFiltering - skip non existing resourceDirectory C:\Users\archit.jain\OneDrive - HCL TECHNOLOGIES LIMITED\Documents\GuviProject\EurekaService\src\test\resources
2025-11-17 12:16:43,170 [Worker-2: Building workspace] INFO  o.a.m.s.f.DefaultMavenResourcesFiltering - Copying 1 resource from src\main\resources to target\classes
2025-11-17 12:16:43,196 [Worker-2: Building workspace] INFO  o.a.m.s.f.DefaultMavenResourcesFiltering - Copying 0 resource from src\main\resources to target\classes
2025-11-17 12:16:43,198 [Worker-2: Building workspace] INFO  o.a.m.s.f.DefaultMavenResourcesFiltering - skip non existing resourceDirectory C:\Users\archit.jain\OneDrive - HCL TECHNOLOGIES LIMITED\Documents\GuviProject\eventmanagement\src\test\resources
2025-11-17 12:16:47,228 [Worker-6: Building workspace] INFO  o.a.m.s.f.DefaultMavenResourcesFiltering - Copying 0 resource from src\main\resources to target\classes
2025-11-17 12:16:47,228 [Worker-6: Building workspace] INFO  o.a.m.s.f.DefaultMavenResourcesFiltering - Copying 0 resource from src\main\resources to target\classes
2025-11-17 12:16:47,230 [Worker-6: Building workspace] INFO  o.a.m.s.f.DefaultMavenResourcesFiltering - skip non existing resourceDirectory C:\Users\archit.jain\OneDrive - HCL TECHNOLOGIES LIMITED\Documents\GuviProject\user5\src\test\resources
2025-11-17 12:18:05,947 [Worker-10: Building workspace] INFO  o.a.m.s.f.DefaultMavenResourcesFiltering - Copying 0 resource from src\main\resources to target\classes
2025-11-17 12:18:05,948 [Worker-10: Building workspace] INFO  o.a.m.s.f.DefaultMavenResourcesFiltering - Copying 0 resource from src\main\resources to target\classes
2025-11-17 12:18:05,951 [Worker-10: Building workspace] INFO  o.a.m.s.f.DefaultMavenResourcesFiltering - skip non existing resourceDirectory C:\Users\archit.jain\OneDrive - HCL TECHNOLOGIES LIMITED\Documents\GuviProject\EurekaService\src\test\resources
2025-11-17 12:18:06,013 [Worker-10: Building workspace] INFO  o.a.m.s.f.DefaultMavenResourcesFiltering - Copying 0 resource from src\main\resources to target\classes
2025-11-17 12:18:06,014 [Worker-10: Building workspace] INFO  o.a.m.s.f.DefaultMavenResourcesFiltering - Copying 0 resource from src\main\resources to target\classes
2025-11-17 12:18:06,017 [Worker-10: Building workspace] INFO  o.a.m.s.f.DefaultMavenResourcesFiltering - skip non existing resourceDirectory C:\Users\archit.jain\OneDrive - HCL TECHNOLOGIES LIMITED\Documents\GuviProject\eventmanagement\src\test\resources
2025-11-17 12:18:06,160 [Worker-10: Building workspace] INFO  o.a.m.s.f.DefaultMavenResourcesFiltering - Copying 0 resource from src\main\resources to target\classes
2025-11-17 12:18:06,161 [Worker-10: Building workspace] INFO  o.a.m.s.f.DefaultMavenResourcesFiltering - Copying 0 resource from src\main\resources to target\classes
2025-11-17 12:18:06,164 [Worker-10: Building workspace] INFO  o.a.m.s.f.DefaultMavenResourcesFiltering - skip non existing resourceDirectory C:\Users\archit.jain\OneDrive - HCL TECHNOLOGIES LIMITED\Documents\GuviProject\user5\src\test\resources
2025-11-17 12:19:45,751 [Worker-4: Launching Executing clean in C__Users_archit.jain_OneDrive - HCL TECHNOLOGIES LIMITED_Documents_GuviProject_EurekaService] INFO  o.e.m.i.launch.MavenLaunchDelegate - C:\Users\archit.jain\OneDrive - HCL TECHNOLOGIES LIMITED\Documents\GuviProject\EurekaService
2025-11-17 12:19:45,751 [Worker-4: Launching Executing clean in C__Users_archit.jain_OneDrive - HCL TECHNOLOGIES LIMITED_Documents_GuviProject_EurekaService] INFO  o.e.m.i.launch.MavenLaunchDelegate -  mvn -B clean
2025-11-17 12:19:56,052 [Worker-10: Launching Executing install in C__Users_archit.jain_OneDrive - HCL TECHNOLOGIES LIMITED_Documents_GuviProject_EurekaService] INFO  o.e.m.i.launch.MavenLaunchDelegate - C:\Users\archit.jain\OneDrive - HCL TECHNOLOGIES LIMITED\Documents\GuviProject\EurekaService
2025-11-17 12:19:56,053 [Worker-10: Launching Executing install in C__Users_archit.jain_OneDrive - HCL TECHNOLOGIES LIMITED_Documents_GuviProject_EurekaService] INFO  o.e.m.i.launch.MavenLaunchDelegate -  mvn -B install
2025-11-17 12:20:07,296 [Worker-2: Updating Maven Project] INFO  o.e.m.c.i.p.ProjectConfigurationManager - Update started
2025-11-17 12:20:09,220 [Worker-2: Updating Maven Project] INFO  o.e.m.c.i.l.LifecycleMappingFactory - Using org.maven.ide.eclipse.wtp.WarLifecycleMapping lifecycle mapping for MavenProject: com.Eureka:EurekaService:0.0.1-SNAPSHOT @ C:\Users\archit.jain\OneDrive - HCL TECHNOLOGIES LIMITED\Documents\GuviProject\EurekaService\pom.xml.
2025-11-17 12:20:13,451 [Worker-2: Updating Maven Project] INFO  o.e.m.j.i.AbstractJavaProjectConfigurator - Adding source folder /EurekaService/src/main/java
2025-11-17 12:20:13,452 [Worker-2: Updating Maven Project] INFO  o.e.m.j.i.AbstractJavaProjectConfigurator - Adding resource folder /EurekaService/src/main/resources
2025-11-17 12:20:13,452 [Worker-2: Updating Maven Project] INFO  o.e.m.j.i.AbstractJavaProjectConfigurator - Adding resource folder /EurekaService/src/main/resources
2025-11-17 12:20:13,454 [Worker-2: Updating Maven Project] INFO  o.e.m.j.i.AbstractJavaProjectConfigurator - Adding source folder /EurekaService/src/test/java
2025-11-17 12:20:16,293 [Worker-2: Updating Maven Project] INFO  o.e.m.w.i.f.ResourceFilteringBuildParticipant - Cleaning filtered folder for EurekaService
2025-11-17 12:20:16,314 [Worker-2: Updating Maven Project] INFO  o.e.m.c.i.p.ProjectConfigurationManager - Update completed: 9 sec
2025-11-17 12:20:19,161 [Worker-0: Building workspace] INFO  o.a.m.s.f.DefaultMavenResourcesFiltering - Copying 1 resource from src\main\resources to target\classes
2025-11-17 12:20:19,171 [Worker-0: Building workspace] INFO  o.a.m.s.f.DefaultMavenResourcesFiltering - Copying 0 resource from src\main\resources to target\classes
2025-11-17 12:20:19,174 [Worker-0: Building workspace] INFO  o.a.m.s.f.DefaultMavenResourcesFiltering - skip non existing resourceDirectory C:\Users\archit.jain\OneDrive - HCL TECHNOLOGIES LIMITED\Documents\GuviProject\EurekaService\src\test\resources
2025-11-17 12:20:19,175 [Worker-0: Building workspace] INFO  o.e.m.w.i.f.ResourceFilteringBuildParticipant - Changed resources require a complete clean of filtered resources of EurekaService
2025-11-17 12:20:19,175 [Worker-0: Building workspace] INFO  o.e.m.w.i.f.ResourceFilteringBuildParticipant - Executing resource filtering for EurekaService
2025-11-17 12:28:21,210 [Worker-1: Loading available Gradle versions] INFO  c.g.t.t.d.PublishedGradleVersions - Gradle version information cache is up-to-date. Trying to read.
2025-11-17 12:28:35,134 [Worker-8: Building workspace] INFO  o.a.m.s.f.DefaultMavenResourcesFiltering - Copying 1 resource from src\main\resources to target\classes
2025-11-17 12:28:35,195 [Worker-8: Building workspace] INFO  o.a.m.s.f.DefaultMavenResourcesFiltering - Copying 0 resource from src\main\resources to target\classes
2025-11-17 12:28:35,201 [Worker-8: Building workspace] INFO  o.a.m.s.f.DefaultMavenResourcesFiltering - skip non existing resourceDirectory C:\Users\archit.jain\OneDrive - HCL TECHNOLOGIES LIMITED\Documents\GuviProject\EurekaService\src\test\resources
2025-11-17 12:28:43,391 [Worker-12: Building workspace] INFO  o.a.m.s.f.DefaultMavenResourcesFiltering - Copying 1 resource from src\main\resources to target\classes
2025-11-17 12:28:43,402 [Worker-12: Building workspace] INFO  o.a.m.s.f.DefaultMavenResourcesFiltering - Copying 0 resource from src\main\resources to target\classes
2025-11-17 12:28:43,406 [Worker-12: Building workspace] INFO  o.a.m.s.f.DefaultMavenResourcesFiltering - skip non existing resourceDirectory C:\Users\archit.jain\OneDrive - HCL TECHNOLOGIES LIMITED\Documents\GuviProject\eventmanagement\src\test\resources
2025-11-17 12:29:22,531 [Worker-10: Importing Maven projects] INFO  o.e.m.c.i.l.LifecycleMappingFactory - Using org.maven.ide.eclipse.wtp.WarLifecycleMapping lifecycle mapping for MavenProject: com.Eureka:EurekaService:0.0.1-SNAPSHOT @ C:\Users\archit.jain\OneDrive - HCL TECHNOLOGIES LIMITED\Documents\GuviProject\EurekaService\pom.xml.
2025-11-17 12:29:28,424 [Worker-10: Importing Maven projects] INFO  o.e.m.j.i.AbstractJavaProjectConfigurator - Adding source folder /EurekaService/src/main/java
2025-11-17 12:29:28,425 [Worker-10: Importing Maven projects] INFO  o.e.m.j.i.AbstractJavaProjectConfigurator - Adding resource folder /EurekaService/src/main/resources
2025-11-17 12:29:28,425 [Worker-10: Importing Maven projects] INFO  o.e.m.j.i.AbstractJavaProjectConfigurator - Adding resource folder /EurekaService/src/main/resources
2025-11-17 12:29:28,427 [Worker-10: Importing Maven projects] INFO  o.e.m.j.i.AbstractJavaProjectConfigurator - Adding source folder /EurekaService/src/test/java
2025-11-17 12:29:30,643 [Worker-10: Importing Maven projects] INFO  o.e.m.c.i.p.ProjectConfigurationManager - Imported and configured 1 project(s) in 11 sec
2025-11-17 12:29:36,319 [Worker-6: Building workspace] INFO  o.a.m.s.f.DefaultMavenResourcesFiltering - Copying 1 resource from src\main\resources to target\classes
2025-11-17 12:29:36,326 [Worker-6: Building workspace] INFO  o.a.m.s.f.DefaultMavenResourcesFiltering - Copying 0 resource from src\main\resources to target\classes
2025-11-17 12:29:36,329 [Worker-6: Building workspace] INFO  o.a.m.s.f.DefaultMavenResourcesFiltering - skip non existing resourceDirectory C:\Users\archit.jain\OneDrive - HCL TECHNOLOGIES LIMITED\Documents\GuviProject\EurekaService\src\test\resources
2025-11-17 12:30:19,118 [Worker-7: Launching Executing clean in C__Users_archit.jain_OneDrive - HCL TECHNOLOGIES LIMITED_Documents_GuviProject_EurekaService] INFO  o.e.m.i.launch.MavenLaunchDelegate - C:\Users\archit.jain\OneDrive - HCL TECHNOLOGIES LIMITED\Documents\GuviProject\EurekaService
2025-11-17 12:30:19,121 [Worker-7: Launching Executing clean in C__Users_archit.jain_OneDrive - HCL TECHNOLOGIES LIMITED_Documents_GuviProject_EurekaService] INFO  o.e.m.i.launch.MavenLaunchDelegate -  mvn -B clean
2025-11-17 12:30:29,704 [Worker-5: Launching Executing install in C__Users_archit.jain_OneDrive - HCL TECHNOLOGIES LIMITED_Documents_GuviProject_EurekaService] INFO  o.e.m.i.launch.MavenLaunchDelegate - C:\Users\archit.jain\OneDrive - HCL TECHNOLOGIES LIMITED\Documents\GuviProject\EurekaService
2025-11-17 12:30:29,704 [Worker-5: Launching Executing install in C__Users_archit.jain_OneDrive - HCL TECHNOLOGIES LIMITED_Documents_GuviProject_EurekaService] INFO  o.e.m.i.launch.MavenLaunchDelegate -  mvn -B install
2025-11-17 12:30:49,105 [Worker-6: Updating Maven Project] INFO  o.e.m.c.i.p.ProjectConfigurationManager - Update started
2025-11-17 12:30:52,365 [Worker-6: Updating Maven Project] INFO  o.e.m.c.i.l.LifecycleMappingFactory - Using org.maven.ide.eclipse.wtp.WarLifecycleMapping lifecycle mapping for MavenProject: com.Eureka:EurekaService:0.0.1-SNAPSHOT @ C:\Users\archit.jain\OneDrive - HCL TECHNOLOGIES LIMITED\Documents\GuviProject\EurekaService\pom.xml.
2025-11-17 12:30:55,111 [Worker-6: Updating Maven Project] INFO  o.e.m.c.i.l.LifecycleMappingFactory - Using org.eclipse.m2e.jdt.JarLifecycleMapping lifecycle mapping for MavenProject: com.hcl.guvi.capstonproject:eventmanagement:0.0.1-SNAPSHOT @ C:\Users\archit.jain\OneDrive - HCL TECHNOLOGIES LIMITED\Documents\GuviProject\eventmanagement\pom.xml.
2025-11-17 12:31:01,700 [Worker-6: Updating Maven Project] INFO  o.e.m.j.i.AbstractJavaProjectConfigurator - Adding source folder /EurekaService/src/main/java
2025-11-17 12:31:01,700 [Worker-6: Updating Maven Project] INFO  o.e.m.j.i.AbstractJavaProjectConfigurator - Adding resource folder /EurekaService/src/main/resources
2025-11-17 12:31:01,701 [Worker-6: Updating Maven Project] INFO  o.e.m.j.i.AbstractJavaProjectConfigurator - Adding resource folder /EurekaService/src/main/resources
2025-11-17 12:31:01,702 [Worker-6: Updating Maven Project] INFO  o.e.m.j.i.AbstractJavaProjectConfigurator - Adding source folder /EurekaService/src/test/java
2025-11-17 12:31:05,660 [Worker-6: Updating Maven Project] INFO  o.e.m.w.i.f.ResourceFilteringBuildParticipant - Cleaning filtered folder for EurekaService
2025-11-17 12:31:05,677 [Worker-6: Updating Maven Project] INFO  o.e.m.c.i.p.ProjectConfigurationManager - Update completed: 16 sec
2025-11-17 12:31:08,992 [Worker-4: Building workspace] INFO  o.a.m.s.f.DefaultMavenResourcesFiltering - Copying 1 resource from src\main\resources to target\classes
2025-11-17 12:31:09,030 [Worker-4: Building workspace] INFO  o.a.m.s.f.DefaultMavenResourcesFiltering - Copying 0 resource from src\main\resources to target\classes
2025-11-17 12:31:09,034 [Worker-4: Building workspace] INFO  o.a.m.s.f.DefaultMavenResourcesFiltering - skip non existing resourceDirectory C:\Users\archit.jain\OneDrive - HCL TECHNOLOGIES LIMITED\Documents\GuviProject\EurekaService\src\test\resources
2025-11-17 12:31:09,035 [Worker-4: Building workspace] INFO  o.e.m.w.i.f.ResourceFilteringBuildParticipant - Changed resources require a complete clean of filtered resources of EurekaService
2025-11-17 12:31:09,038 [Worker-4: Building workspace] INFO  o.e.m.w.i.f.ResourceFilteringBuildParticipant - Executing resource filtering for EurekaService
2025-11-17 12:31:12,097 [Worker-7: Building workspace] INFO  o.a.m.s.f.DefaultMavenResourcesFiltering - Copying 0 resource from src\main\resources to target\classes
2025-11-17 12:31:12,097 [Worker-7: Building workspace] INFO  o.a.m.s.f.DefaultMavenResourcesFiltering - Copying 0 resource from src\main\resources to target\classes
2025-11-17 12:31:12,099 [Worker-7: Building workspace] INFO  o.a.m.s.f.DefaultMavenResourcesFiltering - skip non existing resourceDirectory C:\Users\archit.jain\OneDrive - HCL TECHNOLOGIES LIMITED\Documents\GuviProject\eventmanagement\src\test\resources
2025-11-17 12:46:23,383 [Worker-7: Importing Maven projects] INFO  o.e.m.c.i.e.AbstractTransferListenerAdapter - Downloading https://repo.maven.apache.org/maven2/org/asciidoctor/asciidoctor-maven-plugin/2.2.1/asciidoctor-maven-plugin-2.2.1.jar
2025-11-17 12:46:24,455 [Worker-7: Importing Maven projects] INFO  o.e.m.c.i.e.AbstractTransferListenerAdapter - Downloaded https://repo.maven.apache.org/maven2/org/asciidoctor/asciidoctor-maven-plugin/2.2.1/asciidoctor-maven-plugin-2.2.1.jar
2025-11-17 12:46:24,728 [Worker-7: Importing Maven projects] INFO  o.e.m.c.i.l.LifecycleMappingFactory - Using org.eclipse.m2e.jdt.JarLifecycleMapping lifecycle mapping for MavenProject: com.hcl.guvi.capstonproject.clubmanagement:clubmanagement:0.0.1-SNAPSHOT @ C:\Users\archit.jain\Downloads\clubmanagement\clubmanagement\pom.xml.
2025-11-17 12:46:27,296 [Worker-7: Importing Maven projects] INFO  o.e.m.c.i.e.AbstractTransferListenerAdapter - Downloaded https://repo.maven.apache.org/maven2/org/springframework/restdocs/spring-restdocs-mockmvc/3.0.5/spring-restdocs-mockmvc-3.0.5.pom
2025-11-17 12:46:27,637 [Worker-7: Importing Maven projects] INFO  o.e.m.c.i.e.AbstractTransferListenerAdapter - Downloaded https://repo.maven.apache.org/maven2/org/springframework/restdocs/spring-restdocs-core/3.0.5/spring-restdocs-core-3.0.5.pom
2025-11-17 12:46:28,259 [Worker-7: Importing Maven projects] INFO  o.e.m.c.i.e.AbstractTransferListenerAdapter - Downloading https://repo.maven.apache.org/maven2/org/springframework/restdocs/spring-restdocs-mockmvc/3.0.5/spring-restdocs-mockmvc-3.0.5.jar
2025-11-17 12:46:28,619 [Worker-7: Importing Maven projects] INFO  o.e.m.c.i.e.AbstractTransferListenerAdapter - Downloaded https://repo.maven.apache.org/maven2/org/springframework/restdocs/spring-restdocs-mockmvc/3.0.5/spring-restdocs-mockmvc-3.0.5.jar
2025-11-17 12:46:28,779 [Worker-7: Importing Maven projects] INFO  o.e.m.c.i.e.AbstractTransferListenerAdapter - Downloading https://repo.maven.apache.org/maven2/org/springframework/restdocs/spring-restdocs-core/3.0.5/spring-restdocs-core-3.0.5.jar
2025-11-17 12:46:29,386 [Worker-7: Importing Maven projects] INFO  o.e.m.c.i.e.AbstractTransferListenerAdapter - Downloaded https://repo.maven.apache.org/maven2/org/springframework/restdocs/spring-restdocs-core/3.0.5/spring-restdocs-core-3.0.5.jar
2025-11-17 12:46:30,676 [Worker-7: Importing Maven projects] INFO  o.e.m.c.i.e.AbstractTransferListenerAdapter - Downloaded https://repo.maven.apache.org/maven2/org/asciidoctor/asciidoctor-maven-plugin/2.2.1/asciidoctor-maven-plugin-2.2.1.pom
2025-11-17 12:46:31,874 [Worker-7: Importing Maven projects] INFO  o.e.m.j.i.AbstractJavaProjectConfigurator - Adding source folder /clubmanagement/src/main/java
2025-11-17 12:46:31,875 [Worker-7: Importing Maven projects] INFO  o.e.m.j.i.AbstractJavaProjectConfigurator - Adding resource folder /clubmanagement/src/main/resources
2025-11-17 12:46:31,896 [Worker-7: Importing Maven projects] INFO  o.e.m.j.i.AbstractJavaProjectConfigurator - Adding resource folder /clubmanagement/src/main/resources
2025-11-17 12:46:31,918 [Worker-7: Importing Maven projects] INFO  o.e.m.j.i.AbstractJavaProjectConfigurator - Adding source folder /clubmanagement/src/test/java
2025-11-17 12:46:33,683 [Worker-7: Importing Maven projects] INFO  o.e.m.c.i.p.ProjectConfigurationManager - Imported and configured 1 project(s) in 18 sec
2025-11-17 12:46:36,474 [Worker-7: Building workspace] INFO  o.a.m.s.f.DefaultMavenResourcesFiltering - Copying 1 resource from src\main\resources to target\classes
2025-11-17 12:46:36,482 [Worker-7: Building workspace] INFO  o.a.m.s.f.DefaultMavenResourcesFiltering - Copying 0 resource from src\main\resources to target\classes
2025-11-17 12:46:36,486 [Worker-7: Building workspace] INFO  o.a.m.s.f.DefaultMavenResourcesFiltering - skip non existing resourceDirectory C:\Users\archit.jain\Downloads\clubmanagement\clubmanagement\src\test\resources
2025-11-17 12:46:37,380 [Worker-8: Download sources and javadoc] INFO  o.e.m.c.i.e.AbstractTransferListenerAdapter - Downloading https://repo.maven.apache.org/maven2/org/springframework/restdocs/spring-restdocs-mockmvc/3.0.5/spring-restdocs-mockmvc-3.0.5-sources.jar
2025-11-17 12:46:38,277 [Worker-8: Download sources and javadoc] INFO  o.e.m.c.i.e.AbstractTransferListenerAdapter - Downloaded https://repo.maven.apache.org/maven2/org/springframework/restdocs/spring-restdocs-mockmvc/3.0.5/spring-restdocs-mockmvc-3.0.5-sources.jar
2025-11-17 12:46:38,388 [Worker-8: Download sources and javadoc] INFO  o.e.m.j.internal.DownloadSourcesJob - Downloaded sources for org.springframework.restdocs:spring-restdocs-mockmvc:3.0.5
2025-11-17 12:46:38,677 [Worker-8: Download sources and javadoc] INFO  o.e.m.c.i.e.AbstractTransferListenerAdapter - Downloading https://repo.maven.apache.org/maven2/org/springframework/restdocs/spring-restdocs-core/3.0.5/spring-restdocs-core-3.0.5-sources.jar
2025-11-17 12:46:39,923 [Worker-8: Download sources and javadoc] INFO  o.e.m.c.i.e.AbstractTransferListenerAdapter - Downloaded https://repo.maven.apache.org/maven2/org/springframework/restdocs/spring-restdocs-core/3.0.5/spring-restdocs-core-3.0.5-sources.jar
2025-11-17 12:46:40,042 [Worker-8: Download sources and javadoc] INFO  o.e.m.j.internal.DownloadSourcesJob - Downloaded sources for org.springframework.restdocs:spring-restdocs-core:3.0.5
2025-11-17 12:46:42,586 [Worker-7: Building workspace] INFO  o.a.m.s.f.DefaultMavenResourcesFiltering - Copying 0 resource from src\main\resources to target\classes
2025-11-17 12:46:42,588 [Worker-7: Building workspace] INFO  o.a.m.s.f.DefaultMavenResourcesFiltering - Copying 0 resource from src\main\resources to target\classes
2025-11-17 12:46:42,591 [Worker-7: Building workspace] INFO  o.a.m.s.f.DefaultMavenResourcesFiltering - skip non existing resourceDirectory C:\Users\archit.jain\Downloads\clubmanagement\clubmanagement\src\test\resources
2025-11-17 12:46:43,332 [Worker-7: Download sources and javadoc] INFO  o.e.m.j.internal.DownloadSourcesJob - Downloaded sources for org.springframework.restdocs:spring-restdocs-mockmvc:3.0.5
2025-11-17 12:46:43,339 [Worker-7: Download sources and javadoc] INFO  o.e.m.j.internal.DownloadSourcesJob - Downloaded sources for org.springframework.restdocs:spring-restdocs-core:3.0.5
2025-11-17 12:46:44,718 [Worker-0: Building workspace] INFO  o.a.m.s.f.DefaultMavenResourcesFiltering - Copying 0 resource from src\main\resources to target\classes
2025-11-17 12:46:44,718 [Worker-0: Building workspace] INFO  o.a.m.s.f.DefaultMavenResourcesFiltering - Copying 0 resource from src\main\resources to target\classes
2025-11-17 12:46:44,722 [Worker-0: Building workspace] INFO  o.a.m.s.f.DefaultMavenResourcesFiltering - skip non existing resourceDirectory C:\Users\archit.jain\Downloads\clubmanagement\clubmanagement\src\test\resources
2025-11-17 12:50:26,678 [Worker-7: Launching Executing install in C__Users_archit.jain_Downloads_clubmanagement_clubmanagement] INFO  o.e.m.i.launch.MavenLaunchDelegate - C:\Users\archit.jain\Downloads\clubmanagement\clubmanagement
2025-11-17 12:50:26,679 [Worker-7: Launching Executing install in C__Users_archit.jain_Downloads_clubmanagement_clubmanagement] INFO  o.e.m.i.launch.MavenLaunchDelegate -  mvn -B install
2025-11-17 12:51:36,526 [Worker-11: Updating Maven Project] INFO  o.e.m.c.i.p.ProjectConfigurationManager - Update started
2025-11-17 12:51:40,530 [Worker-11: Updating Maven Project] INFO  o.e.m.c.i.l.LifecycleMappingFactory - Using org.eclipse.m2e.jdt.JarLifecycleMapping lifecycle mapping for MavenProject: com.hcl.guvi.capstonproject.clubmanagement:clubmanagement:0.0.1-SNAPSHOT @ C:\Users\archit.jain\Downloads\clubmanagement\clubmanagement\pom.xml.
2025-11-17 12:51:43,121 [Worker-11: Updating Maven Project] INFO  o.e.m.c.i.l.LifecycleMappingFactory - Using org.maven.ide.eclipse.wtp.WarLifecycleMapping lifecycle mapping for MavenProject: com.Eureka:EurekaService:0.0.1-SNAPSHOT @ C:\Users\archit.jain\OneDrive - HCL TECHNOLOGIES LIMITED\Documents\GuviProject\EurekaService\pom.xml.
2025-11-17 12:51:45,020 [Worker-11: Updating Maven Project] INFO  o.e.m.c.i.l.LifecycleMappingFactory - Using org.eclipse.m2e.jdt.JarLifecycleMapping lifecycle mapping for MavenProject: com.hcl.guvi.capstonproject:eventmanagement:0.0.1-SNAPSHOT @ C:\Users\archit.jain\OneDrive - HCL TECHNOLOGIES LIMITED\Documents\GuviProject\eventmanagement\pom.xml.
2025-11-17 12:51:53,399 [Worker-11: Updating Maven Project] INFO  o.e.m.j.i.AbstractJavaProjectConfigurator - Adding source folder /clubmanagement/src/main/java
2025-11-17 12:51:53,400 [Worker-11: Updating Maven Project] INFO  o.e.m.j.i.AbstractJavaProjectConfigurator - Adding resource folder /clubmanagement/src/main/resources
2025-11-17 12:51:53,401 [Worker-11: Updating Maven Project] INFO  o.e.m.j.i.AbstractJavaProjectConfigurator - Adding resource folder /clubmanagement/src/main/resources
2025-11-17 12:51:53,402 [Worker-11: Updating Maven Project] INFO  o.e.m.j.i.AbstractJavaProjectConfigurator - Adding source folder /clubmanagement/src/test/java
2025-11-17 12:51:56,242 [Worker-11: Updating Maven Project] INFO  o.e.m.c.i.p.ProjectConfigurationManager - Update completed: 19 sec
2025-11-17 12:51:59,044 [Worker-9: Building workspace] INFO  o.a.m.s.f.DefaultMavenResourcesFiltering - Copying 0 resource from src\main\resources to target\classes
2025-11-17 12:51:59,045 [Worker-9: Building workspace] INFO  o.a.m.s.f.DefaultMavenResourcesFiltering - Copying 0 resource from src\main\resources to target\classes
2025-11-17 12:51:59,048 [Worker-9: Building workspace] INFO  o.a.m.s.f.DefaultMavenResourcesFiltering - skip non existing resourceDirectory C:\Users\archit.jain\OneDrive - HCL TECHNOLOGIES LIMITED\Documents\GuviProject\EurekaService\src\test\resources
2025-11-17 12:52:01,811 [Worker-9: Building workspace] INFO  o.a.m.s.f.DefaultMavenResourcesFiltering - Copying 1 resource from src\main\resources to target\classes
2025-11-17 12:52:01,837 [Worker-9: Building workspace] INFO  o.a.m.s.f.DefaultMavenResourcesFiltering - Copying 0 resource from src\main\resources to target\classes
2025-11-17 12:52:01,839 [Worker-9: Building workspace] INFO  o.a.m.s.f.DefaultMavenResourcesFiltering - skip non existing resourceDirectory C:\Users\archit.jain\Downloads\clubmanagement\clubmanagement\src\test\resources
2025-11-17 12:52:05,041 [Worker-9: Building workspace] INFO  o.a.m.s.f.DefaultMavenResourcesFiltering - Copying 0 resource from src\main\resources to target\classes
2025-11-17 12:52:05,041 [Worker-9: Building workspace] INFO  o.a.m.s.f.DefaultMavenResourcesFiltering - Copying 0 resource from src\main\resources to target\classes
2025-11-17 12:52:05,044 [Worker-9: Building workspace] INFO  o.a.m.s.f.DefaultMavenResourcesFiltering - skip non existing resourceDirectory C:\Users\archit.jain\OneDrive - HCL TECHNOLOGIES LIMITED\Documents\GuviProject\eventmanagement\src\test\resources
2025-11-17 12:52:41,617 [Worker-11: Updating Maven Project] INFO  o.e.m.c.i.p.ProjectConfigurationManager - Update started
2025-11-17 12:52:44,517 [Worker-11: Updating Maven Project] INFO  o.e.m.c.i.l.LifecycleMappingFactory - Using org.eclipse.m2e.jdt.JarLifecycleMapping lifecycle mapping for MavenProject: com.hcl.guvi.capstonproject.clubmanagement:clubmanagement:0.0.1-SNAPSHOT @ C:\Users\archit.jain\Downloads\clubmanagement\clubmanagement\pom.xml.
2025-11-17 12:52:46,984 [Worker-11: Updating Maven Project] INFO  o.e.m.c.i.l.LifecycleMappingFactory - Using org.eclipse.m2e.jdt.JarLifecycleMapping lifecycle mapping for MavenProject: com.hcl.guvi.capstonproject:eventmanagement:0.0.1-SNAPSHOT @ C:\Users\archit.jain\OneDrive - HCL TECHNOLOGIES LIMITED\Documents\GuviProject\eventmanagement\pom.xml.
2025-11-17 12:52:50,273 [Worker-11: Updating Maven Project] INFO  o.e.m.j.i.AbstractJavaProjectConfigurator - Adding source folder /clubmanagement/src/main/java
2025-11-17 12:52:50,274 [Worker-11: Updating Maven Project] INFO  o.e.m.j.i.AbstractJavaProjectConfigurator - Adding resource folder /clubmanagement/src/main/resources
2025-11-17 12:52:50,274 [Worker-11: Updating Maven Project] INFO  o.e.m.j.i.AbstractJavaProjectConfigurator - Adding resource folder /clubmanagement/src/main/resources
2025-11-17 12:52:50,275 [Worker-11: Updating Maven Project] INFO  o.e.m.j.i.AbstractJavaProjectConfigurator - Adding source folder /clubmanagement/src/test/java
2025-11-17 12:52:52,327 [Worker-11: Updating Maven Project] INFO  o.e.m.c.i.p.ProjectConfigurationManager - Update completed: 10 sec
2025-11-17 12:52:55,178 [Worker-11: Building workspace] INFO  o.a.m.s.f.DefaultMavenResourcesFiltering - Copying 1 resource from src\main\resources to target\classes
2025-11-17 12:52:55,196 [Worker-11: Building workspace] INFO  o.a.m.s.f.DefaultMavenResourcesFiltering - Copying 0 resource from src\main\resources to target\classes
2025-11-17 12:52:55,198 [Worker-11: Building workspace] INFO  o.a.m.s.f.DefaultMavenResourcesFiltering - skip non existing resourceDirectory C:\Users\archit.jain\Downloads\clubmanagement\clubmanagement\src\test\resources
2025-11-17 12:52:57,916 [Worker-9: Building workspace] INFO  o.a.m.s.f.DefaultMavenResourcesFiltering - Copying 0 resource from src\main\resources to target\classes
2025-11-17 12:52:57,917 [Worker-9: Building workspace] INFO  o.a.m.s.f.DefaultMavenResourcesFiltering - Copying 0 resource from src\main\resources to target\classes
2025-11-17 12:52:57,919 [Worker-9: Building workspace] INFO  o.a.m.s.f.DefaultMavenResourcesFiltering - skip non existing resourceDirectory C:\Users\archit.jain\OneDrive - HCL TECHNOLOGIES LIMITED\Documents\GuviProject\eventmanagement\src\test\resources
2025-11-17 12:54:25,869 [Worker-7: Building workspace] INFO  o.a.m.s.f.DefaultMavenResourcesFiltering - Copying 1 resource from src\main\resources to target\classes
2025-11-17 12:54:25,884 [Worker-7: Building workspace] INFO  o.a.m.s.f.DefaultMavenResourcesFiltering - Copying 0 resource from src\main\resources to target\classes
2025-11-17 12:54:25,887 [Worker-7: Building workspace] INFO  o.a.m.s.f.DefaultMavenResourcesFiltering - skip non existing resourceDirectory C:\Users\archit.jain\Downloads\clubmanagement\clubmanagement\src\test\resources
2025-11-17 12:54:42,843 [Worker-7: Building workspace] INFO  o.a.m.s.f.DefaultMavenResourcesFiltering - Copying 1 resource from src\main\resources to target\classes
2025-11-17 12:54:42,855 [Worker-7: Building workspace] INFO  o.a.m.s.f.DefaultMavenResourcesFiltering - Copying 0 resource from src\main\resources to target\classes
2025-11-17 12:54:42,858 [Worker-7: Building workspace] INFO  o.a.m.s.f.DefaultMavenResourcesFiltering - skip non existing resourceDirectory C:\Users\archit.jain\Downloads\clubmanagement\clubmanagement\src\test\resources
2025-11-17 13:14:13,030 [Worker-19: Building workspace] INFO  o.a.m.s.f.DefaultMavenResourcesFiltering - Copying 1 resource from src\main\resources to target\classes
2025-11-17 13:14:13,059 [Worker-19: Building workspace] INFO  o.a.m.s.f.DefaultMavenResourcesFiltering - Copying 0 resource from src\main\resources to target\classes
2025-11-17 13:14:13,062 [Worker-19: Building workspace] INFO  o.a.m.s.f.DefaultMavenResourcesFiltering - skip non existing resourceDirectory C:\Users\archit.jain\Downloads\clubmanagement\clubmanagement\src\test\resources
2025-11-17 13:14:28,615 [Worker-19: Building workspace] INFO  o.a.m.s.f.DefaultMavenResourcesFiltering - Copying 1 resource from src\main\resources to target\classes
2025-11-17 13:14:28,646 [Worker-19: Building workspace] INFO  o.a.m.s.f.DefaultMavenResourcesFiltering - Copying 0 resource from src\main\resources to target\classes
2025-11-17 13:14:28,649 [Worker-19: Building workspace] INFO  o.a.m.s.f.DefaultMavenResourcesFiltering - skip non existing resourceDirectory C:\Users\archit.jain\Downloads\clubmanagement\clubmanagement\src\test\resources
2025-11-17 13:14:54,571 [Worker-17: Building workspace] INFO  o.a.m.s.f.DefaultMavenResourcesFiltering - Copying 1 resource from src\main\resources to target\classes
2025-11-17 13:14:54,600 [Worker-17: Building workspace] INFO  o.a.m.s.f.DefaultMavenResourcesFiltering - Copying 0 resource from src\main\resources to target\classes
2025-11-17 13:14:54,604 [Worker-17: Building workspace] INFO  o.a.m.s.f.DefaultMavenResourcesFiltering - skip non existing resourceDirectory C:\Users\archit.jain\Downloads\clubmanagement\clubmanagement\src\test\resources
2025-11-17 13:15:01,296 [Worker-19: Building workspace] INFO  o.a.m.s.f.DefaultMavenResourcesFiltering - Copying 1 resource from src\main\resources to target\classes
2025-11-17 13:15:01,322 [Worker-19: Building workspace] INFO  o.a.m.s.f.DefaultMavenResourcesFiltering - Copying 0 resource from src\main\resources to target\classes
2025-11-17 13:15:01,330 [Worker-19: Building workspace] INFO  o.a.m.s.f.DefaultMavenResourcesFiltering - skip non existing resourceDirectory C:\Users\archit.jain\Downloads\clubmanagement\clubmanagement\src\test\resources
2025-11-17 13:15:18,108 [Worker-17: Building workspace] INFO  o.a.m.s.f.DefaultMavenResourcesFiltering - Copying 1 resource from src\main\resources to target\classes
2025-11-17 13:15:18,119 [Worker-17: Building workspace] INFO  o.a.m.s.f.DefaultMavenResourcesFiltering - Copying 0 resource from src\main\resources to target\classes
2025-11-17 13:15:18,122 [Worker-17: Building workspace] INFO  o.a.m.s.f.DefaultMavenResourcesFiltering - skip non existing resourceDirectory C:\Users\archit.jain\Downloads\clubmanagement\clubmanagement\src\test\resources
2025-11-17 13:15:35,171 [Worker-17: Building workspace] INFO  o.a.m.s.f.DefaultMavenResourcesFiltering - Copying 1 resource from src\main\resources to target\classes
2025-11-17 13:15:35,196 [Worker-17: Building workspace] INFO  o.a.m.s.f.DefaultMavenResourcesFiltering - Copying 0 resource from src\main\resources to target\classes
2025-11-17 13:15:35,200 [Worker-17: Building workspace] INFO  o.a.m.s.f.DefaultMavenResourcesFiltering - skip non existing resourceDirectory C:\Users\archit.jain\Downloads\clubmanagement\clubmanagement\src\test\resources
2025-11-17 13:17:14,297 [Worker-21: Building workspace] INFO  o.a.m.s.f.DefaultMavenResourcesFiltering - Copying 1 resource from src\main\resources to target\classes
2025-11-17 13:17:14,320 [Worker-21: Building workspace] INFO  o.a.m.s.f.DefaultMavenResourcesFiltering - Copying 0 resource from src\main\resources to target\classes
2025-11-17 13:17:14,324 [Worker-21: Building workspace] INFO  o.a.m.s.f.DefaultMavenResourcesFiltering - skip non existing resourceDirectory C:\Users\archit.jain\Downloads\clubmanagement\clubmanagement\src\test\resources
2025-11-17 14:42:13,664 [Worker-30: Building workspace] INFO  o.a.m.s.f.DefaultMavenResourcesFiltering - Copying 1 resource from src\main\resources to target\classes
2025-11-17 14:42:13,704 [Worker-30: Building workspace] INFO  o.a.m.s.f.DefaultMavenResourcesFiltering - Copying 0 resource from src\main\resources to target\classes
2025-11-17 14:42:13,708 [Worker-30: Building workspace] INFO  o.a.m.s.f.DefaultMavenResourcesFiltering - skip non existing resourceDirectory C:\Users\archit.jain\Downloads\clubmanagement\clubmanagement\src\test\resources
2025-11-17 14:42:45,833 [Worker-32: Building workspace] INFO  o.a.m.s.f.DefaultMavenResourcesFiltering - Copying 1 resource from src\main\resources to target\classes
2025-11-17 14:42:45,867 [Worker-32: Building workspace] INFO  o.a.m.s.f.DefaultMavenResourcesFiltering - Copying 0 resource from src\main\resources to target\classes
2025-11-17 14:42:45,870 [Worker-32: Building workspace] INFO  o.a.m.s.f.DefaultMavenResourcesFiltering - skip non existing resourceDirectory C:\Users\archit.jain\OneDrive - HCL TECHNOLOGIES LIMITED\Documents\GuviProject\eventmanagement\src\test\resources
2025-11-17 14:45:08,738 [Worker-28: Building workspace] INFO  o.a.m.s.f.DefaultMavenResourcesFiltering - Copying 1 resource from src\main\resources to target\classes
2025-11-17 14:45:08,747 [Worker-28: Building workspace] INFO  o.a.m.s.f.DefaultMavenResourcesFiltering - Copying 0 resource from src\main\resources to target\classes
2025-11-17 14:45:08,749 [Worker-28: Building workspace] INFO  o.a.m.s.f.DefaultMavenResourcesFiltering - skip non existing resourceDirectory C:\Users\archit.jain\OneDrive - HCL TECHNOLOGIES LIMITED\Documents\GuviProject\eventmanagement\src\test\resources
2025-11-17 14:54:02,634 [Worker-30: Building workspace] INFO  o.a.m.s.f.DefaultMavenResourcesFiltering - Copying 1 resource from src\main\resources to target\classes
2025-11-17 14:54:02,679 [Worker-30: Building workspace] INFO  o.a.m.s.f.DefaultMavenResourcesFiltering - Copying 0 resource from src\main\resources to target\classes
2025-11-17 14:54:02,683 [Worker-30: Building workspace] INFO  o.a.m.s.f.DefaultMavenResourcesFiltering - skip non existing resourceDirectory C:\Users\archit.jain\OneDrive - HCL TECHNOLOGIES LIMITED\Documents\GuviProject\eventmanagement\src\test\resources
2025-11-17 14:55:58,308 [Worker-35: Building workspace] INFO  o.a.m.s.f.DefaultMavenResourcesFiltering - Copying 1 resource from src\main\resources to target\classes
2025-11-17 14:55:58,335 [Worker-35: Building workspace] INFO  o.a.m.s.f.DefaultMavenResourcesFiltering - Copying 0 resource from src\main\resources to target\classes
2025-11-17 14:55:58,339 [Worker-35: Building workspace] INFO  o.a.m.s.f.DefaultMavenResourcesFiltering - skip non existing resourceDirectory C:\Users\archit.jain\OneDrive - HCL TECHNOLOGIES LIMITED\Documents\GuviProject\eventmanagement\src\test\resources
2025-11-17 15:03:56,746 [Worker-35: Building workspace] INFO  o.a.m.s.f.DefaultMavenResourcesFiltering - Copying 1 resource from src\main\resources to target\classes
2025-11-17 15:03:56,770 [Worker-35: Building workspace] INFO  o.a.m.s.f.DefaultMavenResourcesFiltering - Copying 0 resource from src\main\resources to target\classes
2025-11-17 15:03:56,773 [Worker-35: Building workspace] INFO  o.a.m.s.f.DefaultMavenResourcesFiltering - skip non existing resourceDirectory C:\Users\archit.jain\OneDrive - HCL TECHNOLOGIES LIMITED\Documents\GuviProject\eventmanagement\src\test\resources
2025-11-17 15:06:11,031 [Worker-37: Building workspace] INFO  o.a.m.s.f.DefaultMavenResourcesFiltering - Copying 1 resource from src\main\resources to target\classes
2025-11-17 15:06:11,059 [Worker-37: Building workspace] INFO  o.a.m.s.f.DefaultMavenResourcesFiltering - Copying 0 resource from src\main\resources to target\classes
2025-11-17 15:06:11,061 [Worker-37: Building workspace] INFO  o.a.m.s.f.DefaultMavenResourcesFiltering - skip non existing resourceDirectory C:\Users\archit.jain\OneDrive - HCL TECHNOLOGIES LIMITED\Documents\GuviProject\eventmanagement\src\test\resources
2025-11-17 15:10:13,209 [Worker-45: Building workspace] INFO  o.a.m.s.f.DefaultMavenResourcesFiltering - Copying 1 resource from src\main\resources to target\classes
2025-11-17 15:10:13,218 [Worker-45: Building workspace] INFO  o.a.m.s.f.DefaultMavenResourcesFiltering - Copying 0 resource from src\main\resources to target\classes
2025-11-17 15:10:13,221 [Worker-45: Building workspace] INFO  o.a.m.s.f.DefaultMavenResourcesFiltering - skip non existing resourceDirectory C:\Users\archit.jain\OneDrive - HCL TECHNOLOGIES LIMITED\Documents\GuviProject\eventmanagement\src\test\resources
2025-11-17 15:11:49,299 [Worker-41: Building workspace] INFO  o.a.m.s.f.DefaultMavenResourcesFiltering - Copying 1 resource from src\main\resources to target\classes
2025-11-17 15:11:49,334 [Worker-41: Building workspace] INFO  o.a.m.s.f.DefaultMavenResourcesFiltering - Copying 0 resource from src\main\resources to target\classes
2025-11-17 15:11:49,339 [Worker-41: Building workspace] INFO  o.a.m.s.f.DefaultMavenResourcesFiltering - skip non existing resourceDirectory C:\Users\archit.jain\OneDrive - HCL TECHNOLOGIES LIMITED\Documents\GuviProject\eventmanagement\src\test\resources
2025-11-17 15:17:29,732 [Worker-49: Building workspace] INFO  o.a.m.s.f.DefaultMavenResourcesFiltering - Copying 1 resource from src\main\resources to target\classes
2025-11-17 15:17:29,747 [Worker-49: Building workspace] INFO  o.a.m.s.f.DefaultMavenResourcesFiltering - Copying 0 resource from src\main\resources to target\classes
2025-11-17 15:17:29,750 [Worker-49: Building workspace] INFO  o.a.m.s.f.DefaultMavenResourcesFiltering - skip non existing resourceDirectory C:\Users\archit.jain\OneDrive - HCL TECHNOLOGIES LIMITED\Documents\GuviProject\eventmanagement\src\test\resources
2025-11-17 15:19:21,086 [Worker-51: Building workspace] INFO  o.a.m.s.f.DefaultMavenResourcesFiltering - Copying 1 resource from src\main\resources to target\classes
2025-11-17 15:19:21,096 [Worker-51: Building workspace] INFO  o.a.m.s.f.DefaultMavenResourcesFiltering - Copying 0 resource from src\main\resources to target\classes
2025-11-17 15:19:21,098 [Worker-51: Building workspace] INFO  o.a.m.s.f.DefaultMavenResourcesFiltering - skip non existing resourceDirectory C:\Users\archit.jain\OneDrive - HCL TECHNOLOGIES LIMITED\Documents\GuviProject\eventmanagement\src\test\resources
2025-11-17 15:26:50,599 [Worker-52: Building workspace] INFO  o.a.m.s.f.DefaultMavenResourcesFiltering - Copying 1 resource from src\main\resources to target\classes
2025-11-17 15:26:50,606 [Worker-52: Building workspace] INFO  o.a.m.s.f.DefaultMavenResourcesFiltering - Copying 0 resource from src\main\resources to target\classes
2025-11-17 15:26:50,608 [Worker-52: Building workspace] INFO  o.a.m.s.f.DefaultMavenResourcesFiltering - skip non existing resourceDirectory C:\Users\archit.jain\OneDrive - HCL TECHNOLOGIES LIMITED\Documents\GuviProject\eventmanagement\src\test\resources
2025-11-17 15:29:26,645 [Worker-43: Building workspace] INFO  o.a.m.s.f.DefaultMavenResourcesFiltering - Copying 1 resource from src\main\resources to target\classes
2025-11-17 15:29:26,658 [Worker-43: Building workspace] INFO  o.a.m.s.f.DefaultMavenResourcesFiltering - Copying 0 resource from src\main\resources to target\classes
2025-11-17 15:29:26,660 [Worker-43: Building workspace] INFO  o.a.m.s.f.DefaultMavenResourcesFiltering - skip non existing resourceDirectory C:\Users\archit.jain\OneDrive - HCL TECHNOLOGIES LIMITED\Documents\GuviProject\eventmanagement\src\test\resources
2025-11-17 15:31:51,784 [Worker-49: Building workspace] INFO  o.a.m.s.f.DefaultMavenResourcesFiltering - Copying 1 resource from src\main\resources to target\classes
2025-11-17 15:31:51,793 [Worker-49: Building workspace] INFO  o.a.m.s.f.DefaultMavenResourcesFiltering - Copying 0 resource from src\main\resources to target\classes
2025-11-17 15:31:51,795 [Worker-49: Building workspace] INFO  o.a.m.s.f.DefaultMavenResourcesFiltering - skip non existing resourceDirectory C:\Users\archit.jain\OneDrive - HCL TECHNOLOGIES LIMITED\Documents\GuviProject\eventmanagement\src\test\resources
2025-11-17 15:34:53,557 [Worker-49: Building workspace] INFO  o.a.m.s.f.DefaultMavenResourcesFiltering - Copying 1 resource from src\main\resources to target\classes
2025-11-17 15:34:53,570 [Worker-49: Building workspace] INFO  o.a.m.s.f.DefaultMavenResourcesFiltering - Copying 0 resource from src\main\resources to target\classes
2025-11-17 15:34:53,572 [Worker-49: Building workspace] INFO  o.a.m.s.f.DefaultMavenResourcesFiltering - skip non existing resourceDirectory C:\Users\archit.jain\OneDrive - HCL TECHNOLOGIES LIMITED\Documents\GuviProject\eventmanagement\src\test\resources
2025-11-17 15:44:54,806 [Worker-43: Building workspace] INFO  o.a.m.s.f.DefaultMavenResourcesFiltering - Copying 1 resource from src\main\resources to target\classes
2025-11-17 15:44:54,819 [Worker-43: Building workspace] INFO  o.a.m.s.f.DefaultMavenResourcesFiltering - Copying 0 resource from src\main\resources to target\classes
2025-11-17 15:44:54,821 [Worker-43: Building workspace] INFO  o.a.m.s.f.DefaultMavenResourcesFiltering - skip non existing resourceDirectory C:\Users\archit.jain\OneDrive - HCL TECHNOLOGIES LIMITED\Documents\GuviProject\eventmanagement\src\test\resources
2025-11-17 15:47:19,126 [Worker-54: Building workspace] INFO  o.a.m.s.f.DefaultMavenResourcesFiltering - Copying 1 resource from src\main\resources to target\classes
2025-11-17 15:47:19,139 [Worker-54: Building workspace] INFO  o.a.m.s.f.DefaultMavenResourcesFiltering - Copying 0 resource from src\main\resources to target\classes
2025-11-17 15:47:19,141 [Worker-54: Building workspace] INFO  o.a.m.s.f.DefaultMavenResourcesFiltering - skip non existing resourceDirectory C:\Users\archit.jain\OneDrive - HCL TECHNOLOGIES LIMITED\Documents\GuviProject\eventmanagement\src\test\resources
2025-11-17 15:47:27,643 [Worker-54: Building workspace] INFO  o.a.m.s.f.DefaultMavenResourcesFiltering - Copying 1 resource from src\main\resources to target\classes
2025-11-17 15:47:27,675 [Worker-54: Building workspace] INFO  o.a.m.s.f.DefaultMavenResourcesFiltering - Copying 0 resource from src\main\resources to target\classes
2025-11-17 15:47:27,677 [Worker-54: Building workspace] INFO  o.a.m.s.f.DefaultMavenResourcesFiltering - skip non existing resourceDirectory C:\Users\archit.jain\OneDrive - HCL TECHNOLOGIES LIMITED\Documents\GuviProject\eventmanagement\src\test\resources
2025-11-17 15:47:52,682 [Worker-53: Building workspace] INFO  o.a.m.s.f.DefaultMavenResourcesFiltering - Copying 1 resource from src\main\resources to target\classes
2025-11-17 15:47:52,702 [Worker-53: Building workspace] INFO  o.a.m.s.f.DefaultMavenResourcesFiltering - Copying 0 resource from src\main\resources to target\classes
2025-11-17 15:47:52,704 [Worker-53: Building workspace] INFO  o.a.m.s.f.DefaultMavenResourcesFiltering - skip non existing resourceDirectory C:\Users\archit.jain\OneDrive - HCL TECHNOLOGIES LIMITED\Documents\GuviProject\eventmanagement\src\test\resources
2025-11-17 15:48:52,241 [Worker-53: Building workspace] INFO  o.a.m.s.f.DefaultMavenResourcesFiltering - Copying 1 resource from src\main\resources to target\classes
2025-11-17 15:48:52,263 [Worker-53: Building workspace] INFO  o.a.m.s.f.DefaultMavenResourcesFiltering - Copying 0 resource from src\main\resources to target\classes
2025-11-17 15:48:52,267 [Worker-53: Building workspace] INFO  o.a.m.s.f.DefaultMavenResourcesFiltering - skip non existing resourceDirectory C:\Users\archit.jain\OneDrive - HCL TECHNOLOGIES LIMITED\Documents\GuviProject\eventmanagement\src\test\resources
2025-11-17 15:49:34,311 [Worker-53: Building workspace] INFO  o.a.m.s.f.DefaultMavenResourcesFiltering - Copying 1 resource from src\main\resources to target\classes
2025-11-17 15:49:34,324 [Worker-53: Building workspace] INFO  o.a.m.s.f.DefaultMavenResourcesFiltering - Copying 0 resource from src\main\resources to target\classes
2025-11-17 15:49:34,327 [Worker-53: Building workspace] INFO  o.a.m.s.f.DefaultMavenResourcesFiltering - skip non existing resourceDirectory C:\Users\archit.jain\OneDrive - HCL TECHNOLOGIES LIMITED\Documents\GuviProject\eventmanagement\src\test\resources
2025-11-17 15:50:24,450 [Worker-52: Building workspace] INFO  o.a.m.s.f.DefaultMavenResourcesFiltering - Copying 1 resource from src\main\resources to target\classes
2025-11-17 15:50:24,459 [Worker-52: Building workspace] INFO  o.a.m.s.f.DefaultMavenResourcesFiltering - Copying 0 resource from src\main\resources to target\classes
2025-11-17 15:50:24,463 [Worker-52: Building workspace] INFO  o.a.m.s.f.DefaultMavenResourcesFiltering - skip non existing resourceDirectory C:\Users\archit.jain\OneDrive - HCL TECHNOLOGIES LIMITED\Documents\GuviProject\eventmanagement\src\test\resources
2025-11-17 15:52:36,364 [Worker-52: Building workspace] INFO  o.a.m.s.f.DefaultMavenResourcesFiltering - Copying 1 resource from src\main\resources to target\classes
2025-11-17 15:52:36,397 [Worker-52: Building workspace] INFO  o.a.m.s.f.DefaultMavenResourcesFiltering - Copying 0 resource from src\main\resources to target\classes
2025-11-17 15:52:36,401 [Worker-52: Building workspace] INFO  o.a.m.s.f.DefaultMavenResourcesFiltering - skip non existing resourceDirectory C:\Users\archit.jain\OneDrive - HCL TECHNOLOGIES LIMITED\Documents\GuviProject\eventmanagement\src\test\resources
2025-11-17 15:52:59,458 [Worker-43: Building workspace] INFO  o.a.m.s.f.DefaultMavenResourcesFiltering - Copying 1 resource from src\main\resources to target\classes
2025-11-17 15:52:59,484 [Worker-43: Building workspace] INFO  o.a.m.s.f.DefaultMavenResourcesFiltering - Copying 0 resource from src\main\resources to target\classes
2025-11-17 15:52:59,488 [Worker-43: Building workspace] INFO  o.a.m.s.f.DefaultMavenResourcesFiltering - skip non existing resourceDirectory C:\Users\archit.jain\OneDrive - HCL TECHNOLOGIES LIMITED\Documents\GuviProject\eventmanagement\src\test\resources
2025-11-18 11:59:22,045 [Worker-58: Building workspace] INFO  o.a.m.s.f.DefaultMavenResourcesFiltering - Copying 1 resource from src\main\resources to target\classes
2025-11-18 11:59:22,067 [Worker-58: Building workspace] INFO  o.a.m.s.f.DefaultMavenResourcesFiltering - Copying 0 resource from src\main\resources to target\classes
2025-11-18 11:59:22,070 [Worker-58: Building workspace] INFO  o.a.m.s.f.DefaultMavenResourcesFiltering - skip non existing resourceDirectory C:\Users\archit.jain\OneDrive - HCL TECHNOLOGIES LIMITED\Documents\GuviProject\eventmanagement\src\test\resources
2025-11-18 11:59:25,156 [Worker-59: Building workspace] INFO  o.a.m.s.f.DefaultMavenResourcesFiltering - Copying 1 resource from src\main\resources to target\classes
2025-11-18 11:59:25,173 [Worker-59: Building workspace] INFO  o.a.m.s.f.DefaultMavenResourcesFiltering - Copying 0 resource from src\main\resources to target\classes
2025-11-18 11:59:25,175 [Worker-59: Building workspace] INFO  o.a.m.s.f.DefaultMavenResourcesFiltering - skip non existing resourceDirectory C:\Users\archit.jain\OneDrive - HCL TECHNOLOGIES LIMITED\Documents\GuviProject\eventmanagement\src\test\resources
2025-11-18 12:06:54,039 [Worker-63: Building workspace] INFO  o.a.m.s.f.DefaultMavenResourcesFiltering - Copying 1 resource from src\main\resources to target\classes
2025-11-18 12:06:54,063 [Worker-63: Building workspace] INFO  o.a.m.s.f.DefaultMavenResourcesFiltering - Copying 0 resource from src\main\resources to target\classes
2025-11-18 12:06:54,066 [Worker-63: Building workspace] INFO  o.a.m.s.f.DefaultMavenResourcesFiltering - skip non existing resourceDirectory C:\Users\archit.jain\OneDrive - HCL TECHNOLOGIES LIMITED\Documents\GuviProject\eventmanagement\src\test\resources
2025-11-18 12:12:18,513 [Worker-59: Building workspace] INFO  o.a.m.s.f.DefaultMavenResourcesFiltering - Copying 1 resource from src\main\resources to target\classes
2025-11-18 12:12:18,519 [Worker-59: Building workspace] INFO  o.a.m.s.f.DefaultMavenResourcesFiltering - Copying 0 resource from src\main\resources to target\classes
2025-11-18 12:12:18,520 [Worker-59: Building workspace] INFO  o.a.m.s.f.DefaultMavenResourcesFiltering - skip non existing resourceDirectory C:\Users\archit.jain\OneDrive - HCL TECHNOLOGIES LIMITED\Documents\GuviProject\user5\src\test\resources
2025-11-18 12:12:42,869 [Worker-59: Building workspace] INFO  o.a.m.s.f.DefaultMavenResourcesFiltering - Copying 1 resource from src\main\resources to target\classes
2025-11-18 12:12:42,877 [Worker-59: Building workspace] INFO  o.a.m.s.f.DefaultMavenResourcesFiltering - Copying 0 resource from src\main\resources to target\classes
2025-11-18 12:12:42,879 [Worker-59: Building workspace] INFO  o.a.m.s.f.DefaultMavenResourcesFiltering - skip non existing resourceDirectory C:\Users\archit.jain\OneDrive - HCL TECHNOLOGIES LIMITED\Documents\GuviProject\user5\src\test\resources
2025-11-18 12:12:55,983 [Worker-69: Building workspace] INFO  o.a.m.s.f.DefaultMavenResourcesFiltering - Copying 1 resource from src\main\resources to target\classes
2025-11-18 12:12:55,989 [Worker-69: Building workspace] INFO  o.a.m.s.f.DefaultMavenResourcesFiltering - Copying 0 resource from src\main\resources to target\classes
2025-11-18 12:12:55,992 [Worker-69: Building workspace] INFO  o.a.m.s.f.DefaultMavenResourcesFiltering - skip non existing resourceDirectory C:\Users\archit.jain\OneDrive - HCL TECHNOLOGIES LIMITED\Documents\GuviProject\user5\src\test\resources
2025-11-18 12:13:10,708 [Worker-59: Building workspace] INFO  o.a.m.s.f.DefaultMavenResourcesFiltering - Copying 1 resource from src\main\resources to target\classes
2025-11-18 12:13:10,729 [Worker-59: Building workspace] INFO  o.a.m.s.f.DefaultMavenResourcesFiltering - Copying 0 resource from src\main\resources to target\classes
2025-11-18 12:13:10,732 [Worker-59: Building workspace] INFO  o.a.m.s.f.DefaultMavenResourcesFiltering - skip non existing resourceDirectory C:\Users\archit.jain\OneDrive - HCL TECHNOLOGIES LIMITED\Documents\GuviProject\user5\src\test\resources
2025-11-18 12:14:22,401 [Worker-69: Building workspace] INFO  o.a.m.s.f.DefaultMavenResourcesFiltering - Copying 1 resource from src\main\resources to target\classes
2025-11-18 12:14:22,421 [Worker-69: Building workspace] INFO  o.a.m.s.f.DefaultMavenResourcesFiltering - Copying 0 resource from src\main\resources to target\classes
2025-11-18 12:14:22,423 [Worker-69: Building workspace] INFO  o.a.m.s.f.DefaultMavenResourcesFiltering - skip non existing resourceDirectory C:\Users\archit.jain\OneDrive - HCL TECHNOLOGIES LIMITED\Documents\GuviProject\user5\src\test\resources
2025-11-18 12:14:52,535 [Worker-64: Building workspace] INFO  o.a.m.s.f.DefaultMavenResourcesFiltering - Copying 1 resource from src\main\resources to target\classes
2025-11-18 12:14:52,544 [Worker-64: Building workspace] INFO  o.a.m.s.f.DefaultMavenResourcesFiltering - Copying 0 resource from src\main\resources to target\classes
2025-11-18 12:14:52,546 [Worker-64: Building workspace] INFO  o.a.m.s.f.DefaultMavenResourcesFiltering - skip non existing resourceDirectory C:\Users\archit.jain\OneDrive - HCL TECHNOLOGIES LIMITED\Documents\GuviProject\user5\src\test\resources
2025-11-18 12:24:57,450 [Worker-71: Building workspace] INFO  o.a.m.s.f.DefaultMavenResourcesFiltering - Copying 1 resource from src\main\resources to target\classes
2025-11-18 12:24:57,459 [Worker-71: Building workspace] INFO  o.a.m.s.f.DefaultMavenResourcesFiltering - Copying 0 resource from src\main\resources to target\classes
2025-11-18 12:24:57,461 [Worker-71: Building workspace] INFO  o.a.m.s.f.DefaultMavenResourcesFiltering - skip non existing resourceDirectory C:\Users\archit.jain\OneDrive - HCL TECHNOLOGIES LIMITED\Documents\GuviProject\user5\src\test\resources
2025-11-18 12:25:15,486 [Worker-73: Building workspace] INFO  o.a.m.s.f.DefaultMavenResourcesFiltering - Copying 1 resource from src\main\resources to target\classes
2025-11-18 12:25:15,505 [Worker-73: Building workspace] INFO  o.a.m.s.f.DefaultMavenResourcesFiltering - Copying 0 resource from src\main\resources to target\classes
2025-11-18 12:25:15,507 [Worker-73: Building workspace] INFO  o.a.m.s.f.DefaultMavenResourcesFiltering - skip non existing resourceDirectory C:\Users\archit.jain\OneDrive - HCL TECHNOLOGIES LIMITED\Documents\GuviProject\user5\src\test\resources
2025-11-18 12:25:31,217 [Worker-73: Building workspace] INFO  o.a.m.s.f.DefaultMavenResourcesFiltering - Copying 1 resource from src\main\resources to target\classes
2025-11-18 12:25:31,233 [Worker-73: Building workspace] INFO  o.a.m.s.f.DefaultMavenResourcesFiltering - Copying 0 resource from src\main\resources to target\classes
2025-11-18 12:25:31,235 [Worker-73: Building workspace] INFO  o.a.m.s.f.DefaultMavenResourcesFiltering - skip non existing resourceDirectory C:\Users\archit.jain\OneDrive - HCL TECHNOLOGIES LIMITED\Documents\GuviProject\user5\src\test\resources
2025-11-18 12:26:06,744 [Worker-71: Building workspace] INFO  o.a.m.s.f.DefaultMavenResourcesFiltering - Copying 1 resource from src\main\resources to target\classes
2025-11-18 12:26:06,769 [Worker-71: Building workspace] INFO  o.a.m.s.f.DefaultMavenResourcesFiltering - Copying 0 resource from src\main\resources to target\classes
2025-11-18 12:26:06,771 [Worker-71: Building workspace] INFO  o.a.m.s.f.DefaultMavenResourcesFiltering - skip non existing resourceDirectory C:\Users\archit.jain\OneDrive - HCL TECHNOLOGIES LIMITED\Documents\GuviProject\user5\src\test\resources
2025-11-18 12:26:42,958 [Worker-74: Building workspace] INFO  o.a.m.s.f.DefaultMavenResourcesFiltering - Copying 1 resource from src\main\resources to target\classes
2025-11-18 12:26:42,962 [Worker-74: Building workspace] INFO  o.a.m.s.f.DefaultMavenResourcesFiltering - Copying 0 resource from src\main\resources to target\classes
2025-11-18 12:26:42,964 [Worker-74: Building workspace] INFO  o.a.m.s.f.DefaultMavenResourcesFiltering - skip non existing resourceDirectory C:\Users\archit.jain\OneDrive - HCL TECHNOLOGIES LIMITED\Documents\GuviProject\user5\src\test\resources
2025-11-18 12:27:38,128 [Worker-65: Building workspace] INFO  o.a.m.s.f.DefaultMavenResourcesFiltering - Copying 1 resource from src\main\resources to target\classes
2025-11-18 12:27:38,138 [Worker-65: Building workspace] INFO  o.a.m.s.f.DefaultMavenResourcesFiltering - Copying 0 resource from src\main\resources to target\classes
2025-11-18 12:27:38,140 [Worker-65: Building workspace] INFO  o.a.m.s.f.DefaultMavenResourcesFiltering - skip non existing resourceDirectory C:\Users\archit.jain\OneDrive - HCL TECHNOLOGIES LIMITED\Documents\GuviProject\user5\src\test\resources
2025-11-18 12:34:29,315 [Worker-72: Building workspace] INFO  o.a.m.s.f.DefaultMavenResourcesFiltering - Copying 1 resource from src\main\resources to target\classes
2025-11-18 12:34:29,326 [Worker-72: Building workspace] INFO  o.a.m.s.f.DefaultMavenResourcesFiltering - Copying 0 resource from src\main\resources to target\classes
2025-11-18 12:34:29,328 [Worker-72: Building workspace] INFO  o.a.m.s.f.DefaultMavenResourcesFiltering - skip non existing resourceDirectory C:\Users\archit.jain\OneDrive - HCL TECHNOLOGIES LIMITED\Documents\GuviProject\user5\src\test\resources
2025-11-18 12:36:17,196 [Worker-67: Building workspace] INFO  o.a.m.s.f.DefaultMavenResourcesFiltering - Copying 1 resource from src\main\resources to target\classes
2025-11-18 12:36:17,202 [Worker-67: Building workspace] INFO  o.a.m.s.f.DefaultMavenResourcesFiltering - Copying 0 resource from src\main\resources to target\classes
2025-11-18 12:36:17,204 [Worker-67: Building workspace] INFO  o.a.m.s.f.DefaultMavenResourcesFiltering - skip non existing resourceDirectory C:\Users\archit.jain\OneDrive - HCL TECHNOLOGIES LIMITED\Documents\GuviProject\user5\src\test\resources
2025-11-18 12:36:52,224 [Worker-72: Building workspace] INFO  o.a.m.s.f.DefaultMavenResourcesFiltering - Copying 1 resource from src\main\resources to target\classes
2025-11-18 12:36:52,235 [Worker-72: Building workspace] INFO  o.a.m.s.f.DefaultMavenResourcesFiltering - Copying 0 resource from src\main\resources to target\classes
2025-11-18 12:36:52,237 [Worker-72: Building workspace] INFO  o.a.m.s.f.DefaultMavenResourcesFiltering - skip non existing resourceDirectory C:\Users\archit.jain\OneDrive - HCL TECHNOLOGIES LIMITED\Documents\GuviProject\user5\src\test\resources
2025-11-18 12:39:55,348 [Worker-77: Building workspace] INFO  o.a.m.s.f.DefaultMavenResourcesFiltering - Copying 1 resource from src\main\resources to target\classes
2025-11-18 12:39:55,355 [Worker-77: Building workspace] INFO  o.a.m.s.f.DefaultMavenResourcesFiltering - Copying 0 resource from src\main\resources to target\classes
2025-11-18 12:39:55,357 [Worker-77: Building workspace] INFO  o.a.m.s.f.DefaultMavenResourcesFiltering - skip non existing resourceDirectory C:\Users\archit.jain\OneDrive - HCL TECHNOLOGIES LIMITED\Documents\GuviProject\user5\src\test\resources
2025-11-19 11:45:00,035 [Worker-93: Building workspace] INFO  o.a.m.s.f.DefaultMavenResourcesFiltering - Copying 1 resource from src\main\resources to target\classes
2025-11-19 11:45:00,062 [Worker-93: Building workspace] INFO  o.a.m.s.f.DefaultMavenResourcesFiltering - Copying 0 resource from src\main\resources to target\classes
2025-11-19 11:45:00,067 [Worker-93: Building workspace] INFO  o.a.m.s.f.DefaultMavenResourcesFiltering - skip non existing resourceDirectory C:\Users\archit.jain\OneDrive - HCL TECHNOLOGIES LIMITED\Documents\GuviProject\user5\src\test\resources
2025-11-19 11:53:57,201 [Worker-100: Building workspace] INFO  o.a.m.s.f.DefaultMavenResourcesFiltering - Copying 1 resource from src\main\resources to target\classes
2025-11-19 11:53:57,209 [Worker-100: Building workspace] INFO  o.a.m.s.f.DefaultMavenResourcesFiltering - Copying 0 resource from src\main\resources to target\classes
2025-11-19 11:53:57,210 [Worker-100: Building workspace] INFO  o.a.m.s.f.DefaultMavenResourcesFiltering - skip non existing resourceDirectory C:\Users\archit.jain\OneDrive - HCL TECHNOLOGIES LIMITED\Documents\GuviProject\user5\src\test\resources
2025-11-19 12:01:30,924 [Worker-99: Building workspace] INFO  o.a.m.s.f.DefaultMavenResourcesFiltering - Copying 1 resource from src\main\resources to target\classes
2025-11-19 12:01:30,935 [Worker-99: Building workspace] INFO  o.a.m.s.f.DefaultMavenResourcesFiltering - Copying 0 resource from src\main\resources to target\classes
2025-11-19 12:01:30,937 [Worker-99: Building workspace] INFO  o.a.m.s.f.DefaultMavenResourcesFiltering - skip non existing resourceDirectory C:\Users\archit.jain\OneDrive - HCL TECHNOLOGIES LIMITED\Documents\GuviProject\user5\src\test\resources
2025-11-19 12:02:41,793 [Worker-102: Building workspace] INFO  o.a.m.s.f.DefaultMavenResourcesFiltering - Copying 1 resource from src\main\resources to target\classes
2025-11-19 12:02:41,815 [Worker-102: Building workspace] INFO  o.a.m.s.f.DefaultMavenResourcesFiltering - Copying 0 resource from src\main\resources to target\classes
2025-11-19 12:02:41,817 [Worker-102: Building workspace] INFO  o.a.m.s.f.DefaultMavenResourcesFiltering - skip non existing resourceDirectory C:\Users\archit.jain\OneDrive - HCL TECHNOLOGIES LIMITED\Documents\GuviProject\user5\src\test\resources
2025-11-19 14:12:46,441 [Worker-112: Building workspace] INFO  o.a.m.s.f.DefaultMavenResourcesFiltering - Copying 1 resource from src\main\resources to target\classes
2025-11-19 14:12:46,467 [Worker-112: Building workspace] INFO  o.a.m.s.f.DefaultMavenResourcesFiltering - Copying 0 resource from src\main\resources to target\classes
2025-11-19 14:12:46,470 [Worker-112: Building workspace] INFO  o.a.m.s.f.DefaultMavenResourcesFiltering - skip non existing resourceDirectory C:\Users\archit.jain\OneDrive - HCL TECHNOLOGIES LIMITED\Documents\GuviProject\user5\src\test\resources
2025-11-19 14:13:13,920 [Worker-112: Building workspace] INFO  o.a.m.s.f.DefaultMavenResourcesFiltering - Copying 0 resource from src\main\resources to target\classes
2025-11-19 14:13:13,920 [Worker-112: Building workspace] INFO  o.a.m.s.f.DefaultMavenResourcesFiltering - Copying 0 resource from src\main\resources to target\classes
2025-11-19 14:13:13,922 [Worker-112: Building workspace] INFO  o.a.m.s.f.DefaultMavenResourcesFiltering - skip non existing resourceDirectory C:\Users\archit.jain\OneDrive - HCL TECHNOLOGIES LIMITED\Documents\GuviProject\EurekaService\src\test\resources
2025-11-19 14:26:39,626 [Worker-125: Building workspace] INFO  o.a.m.s.f.DefaultMavenResourcesFiltering - Copying 1 resource from src\main\resources to target\classes
2025-11-19 14:26:39,708 [Worker-125: Building workspace] INFO  o.a.m.s.f.DefaultMavenResourcesFiltering - Copying 0 resource from src\main\resources to target\classes
2025-11-19 14:26:39,710 [Worker-125: Building workspace] INFO  o.a.m.s.f.DefaultMavenResourcesFiltering - skip non existing resourceDirectory C:\Users\archit.jain\OneDrive - HCL TECHNOLOGIES LIMITED\Documents\GuviProject\eventmanagement\src\test\resources
2025-11-19 14:45:25,067 [Worker-127: Building workspace] INFO  o.a.m.s.f.DefaultMavenResourcesFiltering - Copying 1 resource from src\main\resources to target\classes
2025-11-19 14:45:25,083 [Worker-127: Building workspace] INFO  o.a.m.s.f.DefaultMavenResourcesFiltering - Copying 0 resource from src\main\resources to target\classes
2025-11-19 14:45:25,085 [Worker-127: Building workspace] INFO  o.a.m.s.f.DefaultMavenResourcesFiltering - skip non existing resourceDirectory C:\Users\archit.jain\OneDrive - HCL TECHNOLOGIES LIMITED\Documents\GuviProject\eventmanagement\src\test\resources
2025-11-19 14:46:39,750 [Worker-127: Building workspace] INFO  o.a.m.s.f.DefaultMavenResourcesFiltering - Copying 1 resource from src\main\resources to target\classes
2025-11-19 14:46:39,766 [Worker-127: Building workspace] INFO  o.a.m.s.f.DefaultMavenResourcesFiltering - Copying 0 resource from src\main\resources to target\classes
2025-11-19 14:46:39,767 [Worker-127: Building workspace] INFO  o.a.m.s.f.DefaultMavenResourcesFiltering - skip non existing resourceDirectory C:\Users\archit.jain\OneDrive - HCL TECHNOLOGIES LIMITED\Documents\GuviProject\eventmanagement\src\test\resources
2025-11-19 14:49:24,259 [Worker-128: Building workspace] INFO  o.a.m.s.f.DefaultMavenResourcesFiltering - Copying 1 resource from src\main\resources to target\classes
2025-11-19 14:49:24,281 [Worker-128: Building workspace] INFO  o.a.m.s.f.DefaultMavenResourcesFiltering - Copying 0 resource from src\main\resources to target\classes
2025-11-19 14:49:24,283 [Worker-128: Building workspace] INFO  o.a.m.s.f.DefaultMavenResourcesFiltering - skip non existing resourceDirectory C:\Users\archit.jain\OneDrive - HCL TECHNOLOGIES LIMITED\Documents\GuviProject\eventmanagement\src\test\resources
2025-11-19 14:49:45,060 [Worker-129: Building workspace] INFO  o.a.m.s.f.DefaultMavenResourcesFiltering - Copying 1 resource from src\main\resources to target\classes
2025-11-19 14:49:45,132 [Worker-129: Building workspace] INFO  o.a.m.s.f.DefaultMavenResourcesFiltering - Copying 0 resource from src\main\resources to target\classes
2025-11-19 14:49:45,135 [Worker-129: Building workspace] INFO  o.a.m.s.f.DefaultMavenResourcesFiltering - skip non existing resourceDirectory C:\Users\archit.jain\OneDrive - HCL TECHNOLOGIES LIMITED\Documents\GuviProject\eventmanagement\src\test\resources
2025-11-19 14:49:59,184 [Worker-126: Building workspace] INFO  o.a.m.s.f.DefaultMavenResourcesFiltering - Copying 1 resource from src\main\resources to target\classes
2025-11-19 14:49:59,198 [Worker-126: Building workspace] INFO  o.a.m.s.f.DefaultMavenResourcesFiltering - Copying 0 resource from src\main\resources to target\classes
2025-11-19 14:49:59,200 [Worker-126: Building workspace] INFO  o.a.m.s.f.DefaultMavenResourcesFiltering - skip non existing resourceDirectory C:\Users\archit.jain\OneDrive - HCL TECHNOLOGIES LIMITED\Documents\GuviProject\eventmanagement\src\test\resources
2025-11-19 14:51:32,477 [Worker-126: Launching EventmanagementApplication] INFO  o.a.m.s.f.DefaultMavenResourcesFiltering - Copying 1 resource from src\main\resources to target\classes
2025-11-19 14:51:32,486 [Worker-126: Launching EventmanagementApplication] INFO  o.a.m.s.f.DefaultMavenResourcesFiltering - Copying 0 resource from src\main\resources to target\classes
2025-11-19 14:51:32,487 [Worker-126: Launching EventmanagementApplication] INFO  o.a.m.s.f.DefaultMavenResourcesFiltering - skip non existing resourceDirectory C:\Users\archit.jain\OneDrive - HCL TECHNOLOGIES LIMITED\Documents\GuviProject\eventmanagement\src\test\resources
2025-11-19 15:06:06,006 [Worker-129: Building workspace] INFO  o.a.m.s.f.DefaultMavenResourcesFiltering - Copying 1 resource from src\main\resources to target\classes
2025-11-19 15:06:06,016 [Worker-129: Building workspace] INFO  o.a.m.s.f.DefaultMavenResourcesFiltering - Copying 0 resource from src\main\resources to target\classes
2025-11-19 15:06:06,018 [Worker-129: Building workspace] INFO  o.a.m.s.f.DefaultMavenResourcesFiltering - skip non existing resourceDirectory C:\Users\archit.jain\OneDrive - HCL TECHNOLOGIES LIMITED\Documents\GuviProject\user5\src\test\resources
2025-11-19 15:06:28,028 [Worker-126: Launching UserApplication] INFO  o.a.m.s.f.DefaultMavenResourcesFiltering - Copying 1 resource from src\main\resources to target\classes
2025-11-19 15:06:28,043 [Worker-126: Launching UserApplication] INFO  o.a.m.s.f.DefaultMavenResourcesFiltering - Copying 0 resource from src\main\resources to target\classes
2025-11-19 15:06:28,045 [Worker-126: Launching UserApplication] INFO  o.a.m.s.f.DefaultMavenResourcesFiltering - skip non existing resourceDirectory C:\Users\archit.jain\OneDrive - HCL TECHNOLOGIES LIMITED\Documents\GuviProject\user5\src\test\resources
2025-11-19 16:52:05,534 [Worker-137: Building workspace] INFO  o.a.m.s.f.DefaultMavenResourcesFiltering - Copying 1 resource from src\main\resources to target\classes
2025-11-19 16:52:05,559 [Worker-137: Building workspace] INFO  o.a.m.s.f.DefaultMavenResourcesFiltering - Copying 0 resource from src\main\resources to target\classes
2025-11-19 16:52:05,561 [Worker-137: Building workspace] INFO  o.a.m.s.f.DefaultMavenResourcesFiltering - skip non existing resourceDirectory C:\Users\archit.jain\OneDrive - HCL TECHNOLOGIES LIMITED\Documents\GuviProject\user5\src\test\resources
2025-11-19 16:54:31,070 [Worker-134: Building workspace] INFO  o.a.m.s.f.DefaultMavenResourcesFiltering - Copying 1 resource from src\main\resources to target\classes
2025-11-19 16:54:31,080 [Worker-134: Building workspace] INFO  o.a.m.s.f.DefaultMavenResourcesFiltering - Copying 0 resource from src\main\resources to target\classes
2025-11-19 16:54:31,083 [Worker-134: Building workspace] INFO  o.a.m.s.f.DefaultMavenResourcesFiltering - skip non existing resourceDirectory C:\Users\archit.jain\OneDrive - HCL TECHNOLOGIES LIMITED\Documents\GuviProject\user5\src\test\resources
2025-11-19 16:54:46,783 [Worker-138: Building workspace] INFO  o.a.m.s.f.DefaultMavenResourcesFiltering - Copying 1 resource from src\main\resources to target\classes
2025-11-19 16:54:46,843 [Worker-138: Building workspace] INFO  o.a.m.s.f.DefaultMavenResourcesFiltering - Copying 0 resource from src\main\resources to target\classes
2025-11-19 16:54:46,845 [Worker-138: Building workspace] INFO  o.a.m.s.f.DefaultMavenResourcesFiltering - skip non existing resourceDirectory C:\Users\archit.jain\OneDrive - HCL TECHNOLOGIES LIMITED\Documents\GuviProject\user5\src\test\resources
2025-11-19 16:56:42,302 [Worker-137: Building workspace] INFO  o.a.m.s.f.DefaultMavenResourcesFiltering - Copying 1 resource from src\main\resources to target\classes
2025-11-19 16:56:42,366 [Worker-137: Building workspace] INFO  o.a.m.s.f.DefaultMavenResourcesFiltering - Copying 0 resource from src\main\resources to target\classes
2025-11-19 16:56:42,368 [Worker-137: Building workspace] INFO  o.a.m.s.f.DefaultMavenResourcesFiltering - skip non existing resourceDirectory C:\Users\archit.jain\OneDrive - HCL TECHNOLOGIES LIMITED\Documents\GuviProject\user5\src\test\resources
2025-11-19 16:57:05,600 [Worker-138: Building workspace] INFO  o.a.m.s.f.DefaultMavenResourcesFiltering - Copying 1 resource from src\main\resources to target\classes
2025-11-19 16:57:05,608 [Worker-138: Building workspace] INFO  o.a.m.s.f.DefaultMavenResourcesFiltering - Copying 0 resource from src\main\resources to target\classes
2025-11-19 16:57:05,609 [Worker-138: Building workspace] INFO  o.a.m.s.f.DefaultMavenResourcesFiltering - skip non existing resourceDirectory C:\Users\archit.jain\OneDrive - HCL TECHNOLOGIES LIMITED\Documents\GuviProject\user5\src\test\resources
2025-11-19 16:57:28,235 [Worker-138: Building workspace] INFO  o.a.m.s.f.DefaultMavenResourcesFiltering - Copying 1 resource from src\main\resources to target\classes
2025-11-19 16:57:28,246 [Worker-138: Building workspace] INFO  o.a.m.s.f.DefaultMavenResourcesFiltering - Copying 0 resource from src\main\resources to target\classes
2025-11-19 16:57:28,248 [Worker-138: Building workspace] INFO  o.a.m.s.f.DefaultMavenResourcesFiltering - skip non existing resourceDirectory C:\Users\archit.jain\OneDrive - HCL TECHNOLOGIES LIMITED\Documents\GuviProject\user5\src\test\resources
2025-11-19 16:57:52,909 [Worker-134: Building workspace] INFO  o.a.m.s.f.DefaultMavenResourcesFiltering - Copying 1 resource from src\main\resources to target\classes
2025-11-19 16:57:52,918 [Worker-134: Building workspace] INFO  o.a.m.s.f.DefaultMavenResourcesFiltering - Copying 0 resource from src\main\resources to target\classes
2025-11-19 16:57:52,919 [Worker-134: Building workspace] INFO  o.a.m.s.f.DefaultMavenResourcesFiltering - skip non existing resourceDirectory C:\Users\archit.jain\OneDrive - HCL TECHNOLOGIES LIMITED\Documents\GuviProject\user5\src\test\resources
2025-11-19 16:58:01,800 [Worker-138: Building workspace] INFO  o.a.m.s.f.DefaultMavenResourcesFiltering - Copying 1 resource from src\main\resources to target\classes
2025-11-19 16:58:01,810 [Worker-138: Building workspace] INFO  o.a.m.s.f.DefaultMavenResourcesFiltering - Copying 0 resource from src\main\resources to target\classes
2025-11-19 16:58:01,814 [Worker-138: Building workspace] INFO  o.a.m.s.f.DefaultMavenResourcesFiltering - skip non existing resourceDirectory C:\Users\archit.jain\OneDrive - HCL TECHNOLOGIES LIMITED\Documents\GuviProject\user5\src\test\resources
2025-11-19 16:58:31,448 [Worker-139: Building workspace] INFO  o.a.m.s.f.DefaultMavenResourcesFiltering - Copying 1 resource from src\main\resources to target\classes
2025-11-19 16:58:31,460 [Worker-139: Building workspace] INFO  o.a.m.s.f.DefaultMavenResourcesFiltering - Copying 0 resource from src\main\resources to target\classes
2025-11-19 16:58:31,462 [Worker-139: Building workspace] INFO  o.a.m.s.f.DefaultMavenResourcesFiltering - skip non existing resourceDirectory C:\Users\archit.jain\OneDrive - HCL TECHNOLOGIES LIMITED\Documents\GuviProject\user5\src\test\resources
2025-11-19 16:59:18,885 [Worker-138: Building workspace] INFO  o.a.m.s.f.DefaultMavenResourcesFiltering - Copying 1 resource from src\main\resources to target\classes
2025-11-19 16:59:18,895 [Worker-138: Building workspace] INFO  o.a.m.s.f.DefaultMavenResourcesFiltering - Copying 0 resource from src\main\resources to target\classes
2025-11-19 16:59:18,897 [Worker-138: Building workspace] INFO  o.a.m.s.f.DefaultMavenResourcesFiltering - skip non existing resourceDirectory C:\Users\archit.jain\OneDrive - HCL TECHNOLOGIES LIMITED\Documents\GuviProject\user5\src\test\resources
2025-11-19 16:59:21,497 [Worker-131: Building workspace] INFO  o.a.m.s.f.DefaultMavenResourcesFiltering - Copying 1 resource from src\main\resources to target\classes
2025-11-19 16:59:21,544 [Worker-131: Building workspace] INFO  o.a.m.s.f.DefaultMavenResourcesFiltering - Copying 0 resource from src\main\resources to target\classes
2025-11-19 16:59:21,546 [Worker-131: Building workspace] INFO  o.a.m.s.f.DefaultMavenResourcesFiltering - skip non existing resourceDirectory C:\Users\archit.jain\OneDrive - HCL TECHNOLOGIES LIMITED\Documents\GuviProject\user5\src\test\resources
2025-11-19 16:59:26,312 [Worker-139: Building workspace] INFO  o.a.m.s.f.DefaultMavenResourcesFiltering - Copying 1 resource from src\main\resources to target\classes
2025-11-19 16:59:26,320 [Worker-139: Building workspace] INFO  o.a.m.s.f.DefaultMavenResourcesFiltering - Copying 0 resource from src\main\resources to target\classes
2025-11-19 16:59:26,323 [Worker-139: Building workspace] INFO  o.a.m.s.f.DefaultMavenResourcesFiltering - skip non existing resourceDirectory C:\Users\archit.jain\OneDrive - HCL TECHNOLOGIES LIMITED\Documents\GuviProject\user5\src\test\resources
2025-11-19 17:00:14,224 [Worker-131: Building workspace] INFO  o.a.m.s.f.DefaultMavenResourcesFiltering - Copying 1 resource from src\main\resources to target\classes
2025-11-19 17:00:14,229 [Worker-131: Building workspace] INFO  o.a.m.s.f.DefaultMavenResourcesFiltering - Copying 0 resource from src\main\resources to target\classes
2025-11-19 17:00:14,232 [Worker-131: Building workspace] INFO  o.a.m.s.f.DefaultMavenResourcesFiltering - skip non existing resourceDirectory C:\Users\archit.jain\OneDrive - HCL TECHNOLOGIES LIMITED\Documents\GuviProject\user5\src\test\resources
2025-11-19 17:05:33,132 [Worker-128: Building workspace] INFO  o.a.m.s.f.DefaultMavenResourcesFiltering - Copying 1 resource from src\main\resources to target\classes
2025-11-19 17:05:33,142 [Worker-128: Building workspace] INFO  o.a.m.s.f.DefaultMavenResourcesFiltering - Copying 0 resource from src\main\resources to target\classes
2025-11-19 17:05:33,144 [Worker-128: Building workspace] INFO  o.a.m.s.f.DefaultMavenResourcesFiltering - skip non existing resourceDirectory C:\Users\archit.jain\OneDrive - HCL TECHNOLOGIES LIMITED\Documents\GuviProject\user5\src\test\resources
2025-11-19 17:11:35,348 [Worker-137: Building workspace] INFO  o.a.m.s.f.DefaultMavenResourcesFiltering - Copying 1 resource from src\main\resources to target\classes
2025-11-19 17:11:35,357 [Worker-137: Building workspace] INFO  o.a.m.s.f.DefaultMavenResourcesFiltering - Copying 0 resource from src\main\resources to target\classes
2025-11-19 17:11:35,359 [Worker-137: Building workspace] INFO  o.a.m.s.f.DefaultMavenResourcesFiltering - skip non existing resourceDirectory C:\Users\archit.jain\OneDrive - HCL TECHNOLOGIES LIMITED\Documents\GuviProject\user5\src\test\resources
2025-11-19 17:11:55,456 [Worker-137: Building workspace] INFO  o.a.m.s.f.DefaultMavenResourcesFiltering - Copying 1 resource from src\main\resources to target\classes
2025-11-19 17:11:55,465 [Worker-137: Building workspace] INFO  o.a.m.s.f.DefaultMavenResourcesFiltering - Copying 0 resource from src\main\resources to target\classes
2025-11-19 17:11:55,469 [Worker-137: Building workspace] INFO  o.a.m.s.f.DefaultMavenResourcesFiltering - skip non existing resourceDirectory C:\Users\archit.jain\OneDrive - HCL TECHNOLOGIES LIMITED\Documents\GuviProject\user5\src\test\resources
2025-11-19 17:17:17,535 [Worker-134: Building workspace] INFO  o.a.m.s.f.DefaultMavenResourcesFiltering - Copying 1 resource from src\main\resources to target\classes
2025-11-19 17:17:17,547 [Worker-134: Building workspace] INFO  o.a.m.s.f.DefaultMavenResourcesFiltering - Copying 0 resource from src\main\resources to target\classes
2025-11-19 17:17:17,549 [Worker-134: Building workspace] INFO  o.a.m.s.f.DefaultMavenResourcesFiltering - skip non existing resourceDirectory C:\Users\archit.jain\OneDrive - HCL TECHNOLOGIES LIMITED\Documents\GuviProject\user5\src\test\resources
2025-11-19 17:17:43,038 [Worker-137: Building workspace] INFO  o.a.m.s.f.DefaultMavenResourcesFiltering - Copying 1 resource from src\main\resources to target\classes
2025-11-19 17:17:43,047 [Worker-137: Building workspace] INFO  o.a.m.s.f.DefaultMavenResourcesFiltering - Copying 0 resource from src\main\resources to target\classes
2025-11-19 17:17:43,048 [Worker-137: Building workspace] INFO  o.a.m.s.f.DefaultMavenResourcesFiltering - skip non existing resourceDirectory C:\Users\archit.jain\OneDrive - HCL TECHNOLOGIES LIMITED\Documents\GuviProject\user5\src\test\resources
2025-11-19 17:18:18,151 [Worker-141: Building workspace] INFO  o.a.m.s.f.DefaultMavenResourcesFiltering - Copying 1 resource from src\main\resources to target\classes
2025-11-19 17:18:18,159 [Worker-141: Building workspace] INFO  o.a.m.s.f.DefaultMavenResourcesFiltering - Copying 0 resource from src\main\resources to target\classes
2025-11-19 17:18:18,161 [Worker-141: Building workspace] INFO  o.a.m.s.f.DefaultMavenResourcesFiltering - skip non existing resourceDirectory C:\Users\archit.jain\OneDrive - HCL TECHNOLOGIES LIMITED\Documents\GuviProject\user5\src\test\resources
2025-11-19 17:21:05,879 [Worker-139: Building workspace] INFO  o.a.m.s.f.DefaultMavenResourcesFiltering - Copying 1 resource from src\main\resources to target\classes
2025-11-19 17:21:05,888 [Worker-139: Building workspace] INFO  o.a.m.s.f.DefaultMavenResourcesFiltering - Copying 0 resource from src\main\resources to target\classes
2025-11-19 17:21:05,890 [Worker-139: Building workspace] INFO  o.a.m.s.f.DefaultMavenResourcesFiltering - skip non existing resourceDirectory C:\Users\archit.jain\OneDrive - HCL TECHNOLOGIES LIMITED\Documents\GuviProject\user5\src\test\resources
2025-11-19 17:21:14,878 [Worker-139: Building workspace] INFO  o.a.m.s.f.DefaultMavenResourcesFiltering - Copying 1 resource from src\main\resources to target\classes
2025-11-19 17:21:14,884 [Worker-139: Building workspace] INFO  o.a.m.s.f.DefaultMavenResourcesFiltering - Copying 0 resource from src\main\resources to target\classes
2025-11-19 17:21:14,885 [Worker-139: Building workspace] INFO  o.a.m.s.f.DefaultMavenResourcesFiltering - skip non existing resourceDirectory C:\Users\archit.jain\OneDrive - HCL TECHNOLOGIES LIMITED\Documents\GuviProject\user5\src\test\resources
2025-11-19 17:21:39,167 [Worker-112: Building workspace] INFO  o.a.m.s.f.DefaultMavenResourcesFiltering - Copying 1 resource from src\main\resources to target\classes
2025-11-19 17:21:39,175 [Worker-112: Building workspace] INFO  o.a.m.s.f.DefaultMavenResourcesFiltering - Copying 0 resource from src\main\resources to target\classes
2025-11-19 17:21:39,177 [Worker-112: Building workspace] INFO  o.a.m.s.f.DefaultMavenResourcesFiltering - skip non existing resourceDirectory C:\Users\archit.jain\OneDrive - HCL TECHNOLOGIES LIMITED\Documents\GuviProject\user5\src\test\resources
2025-11-19 17:22:09,413 [Worker-140: Building workspace] INFO  o.a.m.s.f.DefaultMavenResourcesFiltering - Copying 1 resource from src\main\resources to target\classes
2025-11-19 17:22:09,420 [Worker-140: Building workspace] INFO  o.a.m.s.f.DefaultMavenResourcesFiltering - Copying 0 resource from src\main\resources to target\classes
2025-11-19 17:22:09,421 [Worker-140: Building workspace] INFO  o.a.m.s.f.DefaultMavenResourcesFiltering - skip non existing resourceDirectory C:\Users\archit.jain\OneDrive - HCL TECHNOLOGIES LIMITED\Documents\GuviProject\user5\src\test\resources
2025-11-19 22:52:38,777 [Worker-146: Building workspace] INFO  o.a.m.s.f.DefaultMavenResourcesFiltering - Copying 1 resource from src\main\resources to target\classes
2025-11-19 22:52:38,804 [Worker-146: Building workspace] INFO  o.a.m.s.f.DefaultMavenResourcesFiltering - Copying 0 resource from src\main\resources to target\classes
2025-11-19 22:52:38,806 [Worker-146: Building workspace] INFO  o.a.m.s.f.DefaultMavenResourcesFiltering - skip non existing resourceDirectory C:\Users\archit.jain\OneDrive - HCL TECHNOLOGIES LIMITED\Documents\GuviProject\user5\src\test\resources
2025-11-19 23:20:42,911 [Worker-143: Building workspace] INFO  o.a.m.s.f.DefaultMavenResourcesFiltering - Copying 1 resource from src\main\resources to target\classes
2025-11-19 23:20:42,922 [Worker-143: Building workspace] INFO  o.a.m.s.f.DefaultMavenResourcesFiltering - Copying 0 resource from src\main\resources to target\classes
2025-11-19 23:20:42,925 [Worker-143: Building workspace] INFO  o.a.m.s.f.DefaultMavenResourcesFiltering - skip non existing resourceDirectory C:\Users\archit.jain\OneDrive - HCL TECHNOLOGIES LIMITED\Documents\GuviProject\user5\src\test\resources
2025-11-19 23:35:57,795 [Worker-144: Building workspace] INFO  o.a.m.s.f.DefaultMavenResourcesFiltering - Copying 1 resource from src\main\resources to target\classes
2025-11-19 23:35:57,823 [Worker-144: Building workspace] INFO  o.a.m.s.f.DefaultMavenResourcesFiltering - Copying 0 resource from src\main\resources to target\classes
2025-11-19 23:35:57,826 [Worker-144: Building workspace] INFO  o.a.m.s.f.DefaultMavenResourcesFiltering - skip non existing resourceDirectory C:\Users\archit.jain\OneDrive - HCL TECHNOLOGIES LIMITED\Documents\GuviProject\user5\src\test\resources
2025-11-19 23:42:15,182 [Worker-123: Building workspace] INFO  o.a.m.s.f.DefaultMavenResourcesFiltering - Copying 1 resource from src\main\resources to target\classes
2025-11-19 23:42:15,203 [Worker-123: Building workspace] INFO  o.a.m.s.f.DefaultMavenResourcesFiltering - Copying 0 resource from src\main\resources to target\classes
2025-11-19 23:42:15,205 [Worker-123: Building workspace] INFO  o.a.m.s.f.DefaultMavenResourcesFiltering - skip non existing resourceDirectory C:\Users\archit.jain\OneDrive - HCL TECHNOLOGIES LIMITED\Documents\GuviProject\user5\src\test\resources
2025-11-20 15:36:45,088 [Worker-2: Building workspace] INFO  o.a.m.s.f.DefaultMavenResourcesFiltering - Copying 1 resource from src\main\resources to target\classes
2025-11-20 15:36:45,130 [Worker-2: Building workspace] INFO  o.a.m.s.f.DefaultMavenResourcesFiltering - Copying 0 resource from src\main\resources to target\classes
2025-11-20 15:36:45,135 [Worker-2: Building workspace] INFO  o.a.m.s.f.DefaultMavenResourcesFiltering - skip non existing resourceDirectory C:\Users\archit.jain\OneDrive - HCL TECHNOLOGIES LIMITED\Documents\GuviProject\EurekaService\src\test\resources
2025-11-20 15:36:51,744 [Worker-2: Building workspace] INFO  o.a.m.s.f.DefaultMavenResourcesFiltering - Copying 1 resource from src\main\resources to target\classes
2025-11-20 15:36:51,753 [Worker-2: Building workspace] INFO  o.a.m.s.f.DefaultMavenResourcesFiltering - Copying 0 resource from src\main\resources to target\classes
2025-11-20 15:36:51,757 [Worker-2: Building workspace] INFO  o.a.m.s.f.DefaultMavenResourcesFiltering - skip non existing resourceDirectory C:\Users\archit.jain\OneDrive - HCL TECHNOLOGIES LIMITED\Documents\GuviProject\eventmanagement\src\test\resources
2025-11-20 15:36:56,359 [Worker-2: Building workspace] INFO  o.a.m.s.f.DefaultMavenResourcesFiltering - Copying 1 resource from src\main\resources to target\classes
2025-11-20 15:36:56,366 [Worker-2: Building workspace] INFO  o.a.m.s.f.DefaultMavenResourcesFiltering - Copying 0 resource from src\main\resources to target\classes
2025-11-20 15:36:56,369 [Worker-2: Building workspace] INFO  o.a.m.s.f.DefaultMavenResourcesFiltering - skip non existing resourceDirectory C:\Users\archit.jain\OneDrive - HCL TECHNOLOGIES LIMITED\Documents\GuviProject\user5\src\test\resources
2025-11-20 15:37:07,181 [Worker-2: Loading available Gradle versions] INFO  c.g.t.t.d.PublishedGradleVersions - Gradle version information cache is out-of-date. Trying to update.
2025-11-20 15:37:17,364 [Worker-2: Loading available Gradle versions] INFO  c.g.t.t.d.PublishedGradleVersions - Updating Gradle version information cache failed. Using outdated cache.
2025-11-20 15:43:31,634 [Worker-3: Importing Maven projects] INFO  o.e.m.c.i.e.AbstractTransferListenerAdapter - Downloaded https://repo.maven.apache.org/maven2/org/springframework/boot/spring-boot-starter-parent/3.2.2/spring-boot-starter-parent-3.2.2.pom
2025-11-20 15:43:31,779 [Worker-3: Importing Maven projects] INFO  o.e.m.c.i.p.ProjectConfigurationManager - Imported and configured 1 project(s) in 200 sec
2025-11-20 15:44:31,719 [Worker-8: Launching Executing clean in C__Users_archit.jain_Downloads_music-app_33d68588-c4d8-4f0b-85c1-e9aeadc64138-v2] INFO  o.e.m.i.launch.MavenLaunchDelegate - C:\Users\archit.jain\Downloads\music-app\33d68588-c4d8-4f0b-85c1-e9aeadc64138-v2
2025-11-20 15:44:31,719 [Worker-8: Launching Executing clean in C__Users_archit.jain_Downloads_music-app_33d68588-c4d8-4f0b-85c1-e9aeadc64138-v2] INFO  o.e.m.i.launch.MavenLaunchDelegate -  mvn -B clean
2025-11-20 15:44:58,237 [Worker-10: Launching Executing install in C__Users_archit.jain_Downloads_music-app_33d68588-c4d8-4f0b-85c1-e9aeadc64138-v2] INFO  o.e.m.i.launch.MavenLaunchDelegate - C:\Users\archit.jain\Downloads\music-app\33d68588-c4d8-4f0b-85c1-e9aeadc64138-v2
2025-11-20 15:44:58,238 [Worker-10: Launching Executing install in C__Users_archit.jain_Downloads_music-app_33d68588-c4d8-4f0b-85c1-e9aeadc64138-v2] INFO  o.e.m.i.launch.MavenLaunchDelegate -  mvn -B install
2025-11-20 15:46:22,752 [Worker-8: Building workspace] INFO  o.e.m.c.i.l.LifecycleMappingFactory - Using org.eclipse.m2e.jdt.JarLifecycleMapping lifecycle mapping for MavenProject: com.hackerrank.sample:springboot-base:1.0 @ C:\Users\archit.jain\Downloads\music-app\33d68588-c4d8-4f0b-85c1-e9aeadc64138-v2\pom.xml.
2025-11-20 15:46:24,255 [Worker-8: Building workspace] INFO  o.a.m.s.f.DefaultMavenResourcesFiltering - Copying 1 resource from src\main\resources to target\classes
2025-11-20 15:46:24,260 [Worker-8: Building workspace] INFO  o.a.m.s.f.DefaultMavenResourcesFiltering - Copying 0 resource from src\main\resources to target\classes
2025-11-20 15:46:24,261 [Worker-8: Building workspace] INFO  o.a.m.s.f.DefaultMavenResourcesFiltering - skip non existing resourceDirectory C:\Users\archit.jain\Downloads\music-app\33d68588-c4d8-4f0b-85c1-e9aeadc64138-v2\src\test\resources
2025-11-20 15:46:26,734 [Worker-11: Download sources and javadoc] INFO  o.e.m.c.i.e.AbstractTransferListenerAdapter - Downloading https://repo.maven.apache.org/maven2/org/springframework/boot/spring-boot-starter/3.2.2/spring-boot-starter-3.2.2-sources.jar
2025-11-20 15:46:26,849 [Worker-11: Download sources and javadoc] INFO  o.e.m.c.i.e.AbstractTransferListenerAdapter - Downloaded https://repo.maven.apache.org/maven2/org/springframework/boot/spring-boot-starter/3.2.2/spring-boot-starter-3.2.2-sources.jar
2025-11-20 15:46:26,906 [Worker-11: Download sources and javadoc] INFO  o.e.m.j.internal.DownloadSourcesJob - Downloaded sources for org.springframework.boot:spring-boot-starter:3.2.2
2025-11-20 15:46:26,993 [Worker-11: Download sources and javadoc] INFO  o.e.m.c.i.e.AbstractTransferListenerAdapter - Downloading https://repo.maven.apache.org/maven2/org/springframework/boot/spring-boot/3.2.2/spring-boot-3.2.2-sources.jar
2025-11-20 15:46:27,805 [Worker-11: Download sources and javadoc] INFO  o.e.m.c.i.e.AbstractTransferListenerAdapter - Downloaded https://repo.maven.apache.org/maven2/org/springframework/boot/spring-boot/3.2.2/spring-boot-3.2.2-sources.jar
2025-11-20 15:46:27,873 [Worker-11: Download sources and javadoc] INFO  o.e.m.j.internal.DownloadSourcesJob - Downloaded sources for org.springframework.boot:spring-boot:3.2.2
2025-11-20 15:46:27,976 [Worker-11: Download sources and javadoc] INFO  o.e.m.c.i.e.AbstractTransferListenerAdapter - Downloading https://repo.maven.apache.org/maven2/org/springframework/spring-context/6.1.3/spring-context-6.1.3-sources.jar
2025-11-20 15:46:28,367 [Worker-11: Download sources and javadoc] INFO  o.e.m.c.i.e.AbstractTransferListenerAdapter - Downloaded https://repo.maven.apache.org/maven2/org/springframework/spring-context/6.1.3/spring-context-6.1.3-sources.jar
2025-11-20 15:46:28,436 [Worker-11: Download sources and javadoc] INFO  o.e.m.j.internal.DownloadSourcesJob - Downloaded sources for org.springframework:spring-context:6.1.3
2025-11-20 15:46:28,523 [Worker-11: Download sources and javadoc] INFO  o.e.m.c.i.e.AbstractTransferListenerAdapter - Downloading https://repo.maven.apache.org/maven2/org/springframework/boot/spring-boot-autoconfigure/3.2.2/spring-boot-autoconfigure-3.2.2-sources.jar
2025-11-20 15:46:28,937 [Worker-11: Download sources and javadoc] INFO  o.e.m.c.i.e.AbstractTransferListenerAdapter - Downloaded https://repo.maven.apache.org/maven2/org/springframework/boot/spring-boot-autoconfigure/3.2.2/spring-boot-autoconfigure-3.2.2-sources.jar
2025-11-20 15:46:29,007 [Worker-11: Download sources and javadoc] INFO  o.e.m.j.internal.DownloadSourcesJob - Downloaded sources for org.springframework.boot:spring-boot-autoconfigure:3.2.2
2025-11-20 15:46:29,090 [Worker-11: Download sources and javadoc] INFO  o.e.m.c.i.e.AbstractTransferListenerAdapter - Downloading https://repo.maven.apache.org/maven2/org/springframework/boot/spring-boot-starter-logging/3.2.2/spring-boot-starter-logging-3.2.2-sources.jar
2025-11-20 15:46:29,256 [Worker-11: Download sources and javadoc] INFO  o.e.m.c.i.e.AbstractTransferListenerAdapter - Downloaded https://repo.maven.apache.org/maven2/org/springframework/boot/spring-boot-starter-logging/3.2.2/spring-boot-starter-logging-3.2.2-sources.jar
2025-11-20 15:46:29,325 [Worker-11: Download sources and javadoc] INFO  o.e.m.j.internal.DownloadSourcesJob - Downloaded sources for org.springframework.boot:spring-boot-starter-logging:3.2.2
2025-11-20 15:46:29,419 [Worker-11: Download sources and javadoc] INFO  o.e.m.c.i.e.AbstractTransferListenerAdapter - Downloading https://repo.maven.apache.org/maven2/org/slf4j/jul-to-slf4j/2.0.11/jul-to-slf4j-2.0.11-sources.jar
2025-11-20 15:46:29,511 [Worker-11: Download sources and javadoc] INFO  o.e.m.c.i.e.AbstractTransferListenerAdapter - Downloaded https://repo.maven.apache.org/maven2/org/slf4j/jul-to-slf4j/2.0.11/jul-to-slf4j-2.0.11-sources.jar
2025-11-20 15:46:29,578 [Worker-11: Download sources and javadoc] INFO  o.e.m.j.internal.DownloadSourcesJob - Downloaded sources for org.slf4j:jul-to-slf4j:2.0.11
2025-11-20 15:46:29,689 [Worker-11: Download sources and javadoc] INFO  o.e.m.c.i.e.AbstractTransferListenerAdapter - Downloading https://repo.maven.apache.org/maven2/org/springframework/spring-core/6.1.3/spring-core-6.1.3-sources.jar
2025-11-20 15:46:30,231 [Worker-11: Download sources and javadoc] INFO  o.e.m.c.i.e.AbstractTransferListenerAdapter - Downloaded https://repo.maven.apache.org/maven2/org/springframework/spring-core/6.1.3/spring-core-6.1.3-sources.jar
2025-11-20 15:46:30,293 [Worker-11: Download sources and javadoc] INFO  o.e.m.j.internal.DownloadSourcesJob - Downloaded sources for org.springframework:spring-core:6.1.3
2025-11-20 15:46:30,376 [Worker-11: Download sources and javadoc] INFO  o.e.m.c.i.e.AbstractTransferListenerAdapter - Downloading https://repo.maven.apache.org/maven2/org/springframework/spring-jcl/6.1.3/spring-jcl-6.1.3-sources.jar
2025-11-20 15:46:30,514 [Worker-11: Download sources and javadoc] INFO  o.e.m.c.i.e.AbstractTransferListenerAdapter - Downloaded https://repo.maven.apache.org/maven2/org/springframework/spring-jcl/6.1.3/spring-jcl-6.1.3-sources.jar
2025-11-20 15:46:30,588 [Worker-11: Download sources and javadoc] INFO  o.e.m.j.internal.DownloadSourcesJob - Downloaded sources for org.springframework:spring-jcl:6.1.3
2025-11-20 15:46:30,676 [Worker-11: Download sources and javadoc] INFO  o.e.m.c.i.e.AbstractTransferListenerAdapter - Downloading https://repo.maven.apache.org/maven2/org/springframework/boot/spring-boot-starter-web/3.2.2/spring-boot-starter-web-3.2.2-sources.jar
2025-11-20 15:46:30,865 [Worker-11: Download sources and javadoc] INFO  o.e.m.c.i.e.AbstractTransferListenerAdapter - Downloaded https://repo.maven.apache.org/maven2/org/springframework/boot/spring-boot-starter-web/3.2.2/spring-boot-starter-web-3.2.2-sources.jar
2025-11-20 15:46:30,983 [Worker-11: Download sources and javadoc] INFO  o.e.m.j.internal.DownloadSourcesJob - Downloaded sources for org.springframework.boot:spring-boot-starter-web:3.2.2
2025-11-20 15:46:31,045 [Worker-11: Download sources and javadoc] INFO  o.e.m.c.i.e.AbstractTransferListenerAdapter - Downloading https://repo.maven.apache.org/maven2/org/springframework/boot/spring-boot-starter-json/3.2.2/spring-boot-starter-json-3.2.2-sources.jar
2025-11-20 15:46:31,405 [Worker-11: Download sources and javadoc] INFO  o.e.m.c.i.e.AbstractTransferListenerAdapter - Downloaded https://repo.maven.apache.org/maven2/org/springframework/boot/spring-boot-starter-json/3.2.2/spring-boot-starter-json-3.2.2-sources.jar
2025-11-20 15:46:31,475 [Worker-11: Download sources and javadoc] INFO  o.e.m.j.internal.DownloadSourcesJob - Downloaded sources for org.springframework.boot:spring-boot-starter-json:3.2.2
2025-11-20 15:46:31,588 [Worker-11: Download sources and javadoc] INFO  o.e.m.c.i.e.AbstractTransferListenerAdapter - Downloading https://repo.maven.apache.org/maven2/com/fasterxml/jackson/core/jackson-databind/2.15.3/jackson-databind-2.15.3-sources.jar
2025-11-20 15:46:32,044 [Worker-11: Download sources and javadoc] INFO  o.e.m.c.i.e.AbstractTransferListenerAdapter - Downloaded https://repo.maven.apache.org/maven2/com/fasterxml/jackson/core/jackson-databind/2.15.3/jackson-databind-2.15.3-sources.jar
2025-11-20 15:46:32,160 [Worker-11: Download sources and javadoc] INFO  o.e.m.j.internal.DownloadSourcesJob - Downloaded sources for com.fasterxml.jackson.core:jackson-databind:2.15.3
2025-11-20 15:46:32,243 [Worker-11: Download sources and javadoc] INFO  o.e.m.c.i.e.AbstractTransferListenerAdapter - Downloading https://repo.maven.apache.org/maven2/com/fasterxml/jackson/core/jackson-annotations/2.15.3/jackson-annotations-2.15.3-sources.jar
2025-11-20 15:46:32,364 [Worker-11: Download sources and javadoc] INFO  o.e.m.c.i.e.AbstractTransferListenerAdapter - Downloaded https://repo.maven.apache.org/maven2/com/fasterxml/jackson/core/jackson-annotations/2.15.3/jackson-annotations-2.15.3-sources.jar
2025-11-20 15:46:32,437 [Worker-11: Download sources and javadoc] INFO  o.e.m.j.internal.DownloadSourcesJob - Downloaded sources for com.fasterxml.jackson.core:jackson-annotations:2.15.3
2025-11-20 15:46:32,582 [Worker-11: Download sources and javadoc] INFO  o.e.m.c.i.e.AbstractTransferListenerAdapter - Downloading https://repo.maven.apache.org/maven2/com/fasterxml/jackson/core/jackson-core/2.15.3/jackson-core-2.15.3-sources.jar
2025-11-20 15:46:32,861 [Worker-11: Download sources and javadoc] INFO  o.e.m.c.i.e.AbstractTransferListenerAdapter - Downloaded https://repo.maven.apache.org/maven2/com/fasterxml/jackson/core/jackson-core/2.15.3/jackson-core-2.15.3-sources.jar
2025-11-20 15:46:32,924 [Worker-11: Download sources and javadoc] INFO  o.e.m.j.internal.DownloadSourcesJob - Downloaded sources for com.fasterxml.jackson.core:jackson-core:2.15.3
2025-11-20 15:46:33,021 [Worker-11: Download sources and javadoc] INFO  o.e.m.c.i.e.AbstractTransferListenerAdapter - Downloading https://repo.maven.apache.org/maven2/com/fasterxml/jackson/datatype/jackson-datatype-jdk8/2.15.3/jackson-datatype-jdk8-2.15.3-sources.jar
2025-11-20 15:46:33,113 [Worker-11: Download sources and javadoc] INFO  o.e.m.c.i.e.AbstractTransferListenerAdapter - Downloaded https://repo.maven.apache.org/maven2/com/fasterxml/jackson/datatype/jackson-datatype-jdk8/2.15.3/jackson-datatype-jdk8-2.15.3-sources.jar
2025-11-20 15:46:33,181 [Worker-11: Download sources and javadoc] INFO  o.e.m.j.internal.DownloadSourcesJob - Downloaded sources for com.fasterxml.jackson.datatype:jackson-datatype-jdk8:2.15.3
2025-11-20 15:46:33,302 [Worker-11: Download sources and javadoc] INFO  o.e.m.c.i.e.AbstractTransferListenerAdapter - Downloading https://repo.maven.apache.org/maven2/com/fasterxml/jackson/datatype/jackson-datatype-jsr310/2.15.3/jackson-datatype-jsr310-2.15.3-sources.jar
2025-11-20 15:46:33,403 [Worker-11: Download sources and javadoc] INFO  o.e.m.c.i.e.AbstractTransferListenerAdapter - Downloaded https://repo.maven.apache.org/maven2/com/fasterxml/jackson/datatype/jackson-datatype-jsr310/2.15.3/jackson-datatype-jsr310-2.15.3-sources.jar
2025-11-20 15:46:33,467 [Worker-11: Download sources and javadoc] INFO  o.e.m.j.internal.DownloadSourcesJob - Downloaded sources for com.fasterxml.jackson.datatype:jackson-datatype-jsr310:2.15.3
2025-11-20 15:46:33,565 [Worker-11: Download sources and javadoc] INFO  o.e.m.c.i.e.AbstractTransferListenerAdapter - Downloading https://repo.maven.apache.org/maven2/com/fasterxml/jackson/module/jackson-module-parameter-names/2.15.3/jackson-module-parameter-names-2.15.3-sources.jar
2025-11-20 15:46:33,658 [Worker-11: Download sources and javadoc] INFO  o.e.m.c.i.e.AbstractTransferListenerAdapter - Downloaded https://repo.maven.apache.org/maven2/com/fasterxml/jackson/module/jackson-module-parameter-names/2.15.3/jackson-module-parameter-names-2.15.3-sources.jar
2025-11-20 15:46:33,734 [Worker-11: Download sources and javadoc] INFO  o.e.m.j.internal.DownloadSourcesJob - Downloaded sources for com.fasterxml.jackson.module:jackson-module-parameter-names:2.15.3
2025-11-20 15:46:33,829 [Worker-11: Download sources and javadoc] INFO  o.e.m.c.i.e.AbstractTransferListenerAdapter - Downloading https://repo.maven.apache.org/maven2/org/springframework/boot/spring-boot-starter-tomcat/3.2.2/spring-boot-starter-tomcat-3.2.2-sources.jar
2025-11-20 15:46:33,924 [Worker-11: Download sources and javadoc] INFO  o.e.m.c.i.e.AbstractTransferListenerAdapter - Downloaded https://repo.maven.apache.org/maven2/org/springframework/boot/spring-boot-starter-tomcat/3.2.2/spring-boot-starter-tomcat-3.2.2-sources.jar
2025-11-20 15:46:34,050 [Worker-11: Download sources and javadoc] INFO  o.e.m.j.internal.DownloadSourcesJob - Downloaded sources for org.springframework.boot:spring-boot-starter-tomcat:3.2.2
2025-11-20 15:46:34,112 [Worker-11: Download sources and javadoc] INFO  o.e.m.c.i.e.AbstractTransferListenerAdapter - Downloading https://repo.maven.apache.org/maven2/org/apache/tomcat/embed/tomcat-embed-core/10.1.18/tomcat-embed-core-10.1.18-sources.jar
2025-11-20 15:46:35,187 [Worker-11: Download sources and javadoc] INFO  o.e.m.c.i.e.AbstractTransferListenerAdapter - Downloaded https://repo.maven.apache.org/maven2/org/apache/tomcat/embed/tomcat-embed-core/10.1.18/tomcat-embed-core-10.1.18-sources.jar
2025-11-20 15:46:35,264 [Worker-11: Download sources and javadoc] INFO  o.e.m.j.internal.DownloadSourcesJob - Downloaded sources for org.apache.tomcat.embed:tomcat-embed-core:10.1.18
2025-11-20 15:46:35,357 [Worker-11: Download sources and javadoc] INFO  o.e.m.c.i.e.AbstractTransferListenerAdapter - Downloading https://repo.maven.apache.org/maven2/org/apache/tomcat/embed/tomcat-embed-el/10.1.18/tomcat-embed-el-10.1.18-sources.jar
2025-11-20 15:46:35,573 [Worker-11: Download sources and javadoc] INFO  o.e.m.c.i.e.AbstractTransferListenerAdapter - Downloaded https://repo.maven.apache.org/maven2/org/apache/tomcat/embed/tomcat-embed-el/10.1.18/tomcat-embed-el-10.1.18-sources.jar
2025-11-20 15:46:35,641 [Worker-11: Download sources and javadoc] INFO  o.e.m.j.internal.DownloadSourcesJob - Downloaded sources for org.apache.tomcat.embed:tomcat-embed-el:10.1.18
2025-11-20 15:46:35,719 [Worker-11: Download sources and javadoc] INFO  o.e.m.c.i.e.AbstractTransferListenerAdapter - Downloading https://repo.maven.apache.org/maven2/org/apache/tomcat/embed/tomcat-embed-websocket/10.1.18/tomcat-embed-websocket-10.1.18-sources.jar
2025-11-20 15:46:35,921 [Worker-11: Download sources and javadoc] INFO  o.e.m.c.i.e.AbstractTransferListenerAdapter - Downloaded https://repo.maven.apache.org/maven2/org/apache/tomcat/embed/tomcat-embed-websocket/10.1.18/tomcat-embed-websocket-10.1.18-sources.jar
2025-11-20 15:46:35,991 [Worker-11: Download sources and javadoc] INFO  o.e.m.j.internal.DownloadSourcesJob - Downloaded sources for org.apache.tomcat.embed:tomcat-embed-websocket:10.1.18
2025-11-20 15:46:36,077 [Worker-11: Download sources and javadoc] INFO  o.e.m.c.i.e.AbstractTransferListenerAdapter - Downloading https://repo.maven.apache.org/maven2/org/springframework/spring-web/6.1.3/spring-web-6.1.3-sources.jar
2025-11-20 15:46:36,499 [Worker-11: Download sources and javadoc] INFO  o.e.m.c.i.e.AbstractTransferListenerAdapter - Downloaded https://repo.maven.apache.org/maven2/org/springframework/spring-web/6.1.3/spring-web-6.1.3-sources.jar
2025-11-20 15:46:36,556 [Worker-11: Download sources and javadoc] INFO  o.e.m.j.internal.DownloadSourcesJob - Downloaded sources for org.springframework:spring-web:6.1.3
2025-11-20 15:46:36,618 [Worker-11: Download sources and javadoc] INFO  o.e.m.c.i.e.AbstractTransferListenerAdapter - Downloading https://repo.maven.apache.org/maven2/org/springframework/spring-beans/6.1.3/spring-beans-6.1.3-sources.jar
2025-11-20 15:46:36,908 [Worker-11: Download sources and javadoc] INFO  o.e.m.c.i.e.AbstractTransferListenerAdapter - Downloaded https://repo.maven.apache.org/maven2/org/springframework/spring-beans/6.1.3/spring-beans-6.1.3-sources.jar
2025-11-20 15:46:36,983 [Worker-11: Download sources and javadoc] INFO  o.e.m.j.internal.DownloadSourcesJob - Downloaded sources for org.springframework:spring-beans:6.1.3
2025-11-20 15:46:37,071 [Worker-11: Download sources and javadoc] INFO  o.e.m.c.i.e.AbstractTransferListenerAdapter - Downloading https://repo.maven.apache.org/maven2/io/micrometer/micrometer-observation/1.12.2/micrometer-observation-1.12.2-sources.jar
2025-11-20 15:46:37,171 [Worker-11: Download sources and javadoc] INFO  o.e.m.c.i.e.AbstractTransferListenerAdapter - Downloaded https://repo.maven.apache.org/maven2/io/micrometer/micrometer-observation/1.12.2/micrometer-observation-1.12.2-sources.jar
2025-11-20 15:46:37,309 [Worker-11: Download sources and javadoc] INFO  o.e.m.j.internal.DownloadSourcesJob - Downloaded sources for io.micrometer:micrometer-observation:1.12.2
2025-11-20 15:46:37,428 [Worker-11: Download sources and javadoc] INFO  o.e.m.c.i.e.AbstractTransferListenerAdapter - Downloading https://repo.maven.apache.org/maven2/io/micrometer/micrometer-commons/1.12.2/micrometer-commons-1.12.2-sources.jar
2025-11-20 15:46:37,531 [Worker-11: Download sources and javadoc] INFO  o.e.m.c.i.e.AbstractTransferListenerAdapter - Downloaded https://repo.maven.apache.org/maven2/io/micrometer/micrometer-commons/1.12.2/micrometer-commons-1.12.2-sources.jar
2025-11-20 15:46:37,617 [Worker-11: Download sources and javadoc] INFO  o.e.m.j.internal.DownloadSourcesJob - Downloaded sources for io.micrometer:micrometer-commons:1.12.2
2025-11-20 15:46:37,694 [Worker-11: Download sources and javadoc] INFO  o.e.m.c.i.e.AbstractTransferListenerAdapter - Downloading https://repo.maven.apache.org/maven2/org/springframework/spring-webmvc/6.1.3/spring-webmvc-6.1.3-sources.jar
2025-11-20 15:46:38,244 [Worker-11: Download sources and javadoc] INFO  o.e.m.c.i.e.AbstractTransferListenerAdapter - Downloaded https://repo.maven.apache.org/maven2/org/springframework/spring-webmvc/6.1.3/spring-webmvc-6.1.3-sources.jar
2025-11-20 15:46:38,369 [Worker-11: Download sources and javadoc] INFO  o.e.m.j.internal.DownloadSourcesJob - Downloaded sources for org.springframework:spring-webmvc:6.1.3
2025-11-20 15:46:38,442 [Worker-11: Download sources and javadoc] INFO  o.e.m.c.i.e.AbstractTransferListenerAdapter - Downloading https://repo.maven.apache.org/maven2/org/springframework/spring-aop/6.1.3/spring-aop-6.1.3-sources.jar
2025-11-20 15:46:38,628 [Worker-11: Download sources and javadoc] INFO  o.e.m.c.i.e.AbstractTransferListenerAdapter - Downloaded https://repo.maven.apache.org/maven2/org/springframework/spring-aop/6.1.3/spring-aop-6.1.3-sources.jar
2025-11-20 15:46:38,704 [Worker-11: Download sources and javadoc] INFO  o.e.m.j.internal.DownloadSourcesJob - Downloaded sources for org.springframework:spring-aop:6.1.3
2025-11-20 15:46:38,777 [Worker-11: Download sources and javadoc] INFO  o.e.m.c.i.e.AbstractTransferListenerAdapter - Downloading https://repo.maven.apache.org/maven2/org/springframework/spring-expression/6.1.3/spring-expression-6.1.3-sources.jar
2025-11-20 15:46:38,962 [Worker-11: Download sources and javadoc] INFO  o.e.m.c.i.e.AbstractTransferListenerAdapter - Downloaded https://repo.maven.apache.org/maven2/org/springframework/spring-expression/6.1.3/spring-expression-6.1.3-sources.jar
2025-11-20 15:46:39,025 [Worker-11: Download sources and javadoc] INFO  o.e.m.j.internal.DownloadSourcesJob - Downloaded sources for org.springframework:spring-expression:6.1.3
2025-11-20 15:46:39,105 [Worker-11: Download sources and javadoc] INFO  o.e.m.c.i.e.AbstractTransferListenerAdapter - Downloading https://repo.maven.apache.org/maven2/org/springframework/boot/spring-boot-starter-test/3.2.2/spring-boot-starter-test-3.2.2-sources.jar
2025-11-20 15:46:39,188 [Worker-11: Download sources and javadoc] INFO  o.e.m.c.i.e.AbstractTransferListenerAdapter - Downloaded https://repo.maven.apache.org/maven2/org/springframework/boot/spring-boot-starter-test/3.2.2/spring-boot-starter-test-3.2.2-sources.jar
2025-11-20 15:46:39,248 [Worker-11: Download sources and javadoc] INFO  o.e.m.j.internal.DownloadSourcesJob - Downloaded sources for org.springframework.boot:spring-boot-starter-test:3.2.2
2025-11-20 15:46:39,319 [Worker-11: Download sources and javadoc] INFO  o.e.m.c.i.e.AbstractTransferListenerAdapter - Downloading https://repo.maven.apache.org/maven2/org/springframework/boot/spring-boot-test/3.2.2/spring-boot-test-3.2.2-sources.jar
2025-11-20 15:46:39,514 [Worker-11: Download sources and javadoc] INFO  o.e.m.c.i.e.AbstractTransferListenerAdapter - Downloaded https://repo.maven.apache.org/maven2/org/springframework/boot/spring-boot-test/3.2.2/spring-boot-test-3.2.2-sources.jar
2025-11-20 15:46:39,575 [Worker-11: Download sources and javadoc] INFO  o.e.m.j.internal.DownloadSourcesJob - Downloaded sources for org.springframework.boot:spring-boot-test:3.2.2
2025-11-20 15:46:39,679 [Worker-11: Download sources and javadoc] INFO  o.e.m.c.i.e.AbstractTransferListenerAdapter - Downloading https://repo.maven.apache.org/maven2/org/springframework/boot/spring-boot-test-autoconfigure/3.2.2/spring-boot-test-autoconfigure-3.2.2-sources.jar
2025-11-20 15:46:39,801 [Worker-11: Download sources and javadoc] INFO  o.e.m.c.i.e.AbstractTransferListenerAdapter - Downloaded https://repo.maven.apache.org/maven2/org/springframework/boot/spring-boot-test-autoconfigure/3.2.2/spring-boot-test-autoconfigure-3.2.2-sources.jar
2025-11-20 15:46:39,862 [Worker-11: Download sources and javadoc] INFO  o.e.m.j.internal.DownloadSourcesJob - Downloaded sources for org.springframework.boot:spring-boot-test-autoconfigure:3.2.2
2025-11-20 15:46:39,947 [Worker-11: Download sources and javadoc] INFO  o.e.m.c.i.e.AbstractTransferListenerAdapter - Downloading https://repo.maven.apache.org/maven2/com/jayway/jsonpath/json-path/2.8.0/json-path-2.8.0-sources.jar
2025-11-20 15:46:40,185 [Worker-11: Download sources and javadoc] INFO  o.e.m.c.i.e.AbstractTransferListenerAdapter - Downloaded https://repo.maven.apache.org/maven2/com/jayway/jsonpath/json-path/2.8.0/json-path-2.8.0-sources.jar
2025-11-20 15:46:40,255 [Worker-11: Download sources and javadoc] INFO  o.e.m.j.internal.DownloadSourcesJob - Downloaded sources for com.jayway.jsonpath:json-path:2.8.0
2025-11-20 15:46:40,316 [Worker-11: Download sources and javadoc] INFO  o.e.m.c.i.e.AbstractTransferListenerAdapter - Downloading https://repo.maven.apache.org/maven2/org/slf4j/slf4j-api/2.0.11/slf4j-api-2.0.11-sources.jar
2025-11-20 15:46:40,433 [Worker-11: Download sources and javadoc] INFO  o.e.m.c.i.e.AbstractTransferListenerAdapter - Downloaded https://repo.maven.apache.org/maven2/org/slf4j/slf4j-api/2.0.11/slf4j-api-2.0.11-sources.jar
2025-11-20 15:46:40,506 [Worker-11: Download sources and javadoc] INFO  o.e.m.j.internal.DownloadSourcesJob - Downloaded sources for org.slf4j:slf4j-api:2.0.11
2025-11-20 15:46:40,574 [Worker-11: Download sources and javadoc] INFO  o.e.m.c.i.e.AbstractTransferListenerAdapter - Downloading https://repo.maven.apache.org/maven2/jakarta/xml/bind/jakarta.xml.bind-api/4.0.1/jakarta.xml.bind-api-4.0.1-sources.jar
2025-11-20 15:46:40,766 [Worker-11: Download sources and javadoc] INFO  o.e.m.c.i.e.AbstractTransferListenerAdapter - Downloaded https://repo.maven.apache.org/maven2/jakarta/xml/bind/jakarta.xml.bind-api/4.0.1/jakarta.xml.bind-api-4.0.1-sources.jar
2025-11-20 15:46:40,954 [Worker-11: Download sources and javadoc] INFO  o.e.m.j.internal.DownloadSourcesJob - Downloaded sources for jakarta.xml.bind:jakarta.xml.bind-api:4.0.1
2025-11-20 15:46:41,035 [Worker-11: Download sources and javadoc] INFO  o.e.m.c.i.e.AbstractTransferListenerAdapter - Downloading https://repo.maven.apache.org/maven2/jakarta/activation/jakarta.activation-api/2.1.2/jakarta.activation-api-2.1.2-sources.jar
2025-11-20 15:46:41,132 [Worker-11: Download sources and javadoc] INFO  o.e.m.c.i.e.AbstractTransferListenerAdapter - Downloaded https://repo.maven.apache.org/maven2/jakarta/activation/jakarta.activation-api/2.1.2/jakarta.activation-api-2.1.2-sources.jar
2025-11-20 15:46:41,239 [Worker-11: Download sources and javadoc] INFO  o.e.m.j.internal.DownloadSourcesJob - Downloaded sources for jakarta.activation:jakarta.activation-api:2.1.2
2025-11-20 15:46:41,297 [Worker-11: Download sources and javadoc] INFO  o.e.m.c.i.e.AbstractTransferListenerAdapter - Downloading https://repo.maven.apache.org/maven2/net/minidev/json-smart/2.5.0/json-smart-2.5.0-sources.jar
2025-11-20 15:46:41,400 [Worker-11: Download sources and javadoc] INFO  o.e.m.c.i.e.AbstractTransferListenerAdapter - Downloaded https://repo.maven.apache.org/maven2/net/minidev/json-smart/2.5.0/json-smart-2.5.0-sources.jar
2025-11-20 15:46:41,537 [Worker-11: Download sources and javadoc] INFO  o.e.m.j.internal.DownloadSourcesJob - Downloaded sources for net.minidev:json-smart:2.5.0
2025-11-20 15:46:41,661 [Worker-11: Download sources and javadoc] INFO  o.e.m.c.i.e.AbstractTransferListenerAdapter - Downloading https://repo.maven.apache.org/maven2/net/minidev/accessors-smart/2.5.0/accessors-smart-2.5.0-sources.jar
2025-11-20 15:46:41,758 [Worker-11: Download sources and javadoc] INFO  o.e.m.c.i.e.AbstractTransferListenerAdapter - Downloaded https://repo.maven.apache.org/maven2/net/minidev/accessors-smart/2.5.0/accessors-smart-2.5.0-sources.jar
2025-11-20 15:46:41,860 [Worker-11: Download sources and javadoc] INFO  o.e.m.j.internal.DownloadSourcesJob - Downloaded sources for net.minidev:accessors-smart:2.5.0
2025-11-20 15:46:41,933 [Worker-11: Download sources and javadoc] INFO  o.e.m.c.i.e.AbstractTransferListenerAdapter - Downloading https://repo.maven.apache.org/maven2/org/ow2/asm/asm/9.3/asm-9.3-sources.jar
2025-11-20 15:46:42,122 [Worker-11: Download sources and javadoc] INFO  o.e.m.c.i.e.AbstractTransferListenerAdapter - Downloaded https://repo.maven.apache.org/maven2/org/ow2/asm/asm/9.3/asm-9.3-sources.jar
2025-11-20 15:46:42,189 [Worker-11: Download sources and javadoc] INFO  o.e.m.j.internal.DownloadSourcesJob - Downloaded sources for org.ow2.asm:asm:9.3
2025-11-20 15:46:42,290 [Worker-11: Download sources and javadoc] INFO  o.e.m.c.i.e.AbstractTransferListenerAdapter - Downloading https://repo.maven.apache.org/maven2/net/bytebuddy/byte-buddy/1.14.11/byte-buddy-1.14.11-sources.jar
2025-11-20 15:46:43,025 [Worker-11: Download sources and javadoc] INFO  o.e.m.c.i.e.AbstractTransferListenerAdapter - Downloaded https://repo.maven.apache.org/maven2/net/bytebuddy/byte-buddy/1.14.11/byte-buddy-1.14.11-sources.jar
2025-11-20 15:46:43,103 [Worker-11: Download sources and javadoc] INFO  o.e.m.j.internal.DownloadSourcesJob - Downloaded sources for net.bytebuddy:byte-buddy:1.14.11
2025-11-20 15:46:43,194 [Worker-11: Download sources and javadoc] INFO  o.e.m.c.i.e.AbstractTransferListenerAdapter - Downloading https://repo.maven.apache.org/maven2/org/awaitility/awaitility/4.2.0/awaitility-4.2.0-sources.jar
2025-11-20 15:46:43,288 [Worker-11: Download sources and javadoc] INFO  o.e.m.c.i.e.AbstractTransferListenerAdapter - Downloaded https://repo.maven.apache.org/maven2/org/awaitility/awaitility/4.2.0/awaitility-4.2.0-sources.jar
2025-11-20 15:46:43,364 [Worker-11: Download sources and javadoc] INFO  o.e.m.j.internal.DownloadSourcesJob - Downloaded sources for org.awaitility:awaitility:4.2.0
2025-11-20 15:46:43,456 [Worker-11: Download sources and javadoc] INFO  o.e.m.c.i.e.AbstractTransferListenerAdapter - Downloading https://repo.maven.apache.org/maven2/org/junit/platform/junit-platform-commons/1.10.1/junit-platform-commons-1.10.1-sources.jar
2025-11-20 15:46:43,565 [Worker-11: Download sources and javadoc] INFO  o.e.m.c.i.e.AbstractTransferListenerAdapter - Downloaded https://repo.maven.apache.org/maven2/org/junit/platform/junit-platform-commons/1.10.1/junit-platform-commons-1.10.1-sources.jar
2025-11-20 15:46:43,642 [Worker-11: Download sources and javadoc] INFO  o.e.m.j.internal.DownloadSourcesJob - Downloaded sources for org.junit.platform:junit-platform-commons:1.10.1
2025-11-20 15:46:43,730 [Worker-11: Download sources and javadoc] INFO  o.e.m.c.i.e.AbstractTransferListenerAdapter - Downloading https://repo.maven.apache.org/maven2/org/junit/platform/junit-platform-engine/1.10.1/junit-platform-engine-1.10.1-sources.jar
2025-11-20 15:46:43,919 [Worker-11: Download sources and javadoc] INFO  o.e.m.c.i.e.AbstractTransferListenerAdapter - Downloaded https://repo.maven.apache.org/maven2/org/junit/platform/junit-platform-engine/1.10.1/junit-platform-engine-1.10.1-sources.jar
2025-11-20 15:46:44,051 [Worker-11: Download sources and javadoc] INFO  o.e.m.j.internal.DownloadSourcesJob - Downloaded sources for org.junit.platform:junit-platform-engine:1.10.1
2025-11-20 15:46:44,111 [Worker-11: Download sources and javadoc] INFO  o.e.m.c.i.e.AbstractTransferListenerAdapter - Downloading https://repo.maven.apache.org/maven2/net/bytebuddy/byte-buddy-agent/1.14.11/byte-buddy-agent-1.14.11-sources.jar
2025-11-20 15:46:44,271 [Worker-11: Download sources and javadoc] INFO  o.e.m.c.i.e.AbstractTransferListenerAdapter - Downloaded https://repo.maven.apache.org/maven2/net/bytebuddy/byte-buddy-agent/1.14.11/byte-buddy-agent-1.14.11-sources.jar
2025-11-20 15:46:44,340 [Worker-11: Download sources and javadoc] INFO  o.e.m.j.internal.DownloadSourcesJob - Downloaded sources for net.bytebuddy:byte-buddy-agent:1.14.11
2025-11-20 15:46:44,410 [Worker-11: Download sources and javadoc] INFO  o.e.m.c.i.e.AbstractTransferListenerAdapter - Downloading https://repo.maven.apache.org/maven2/org/springframework/spring-test/6.1.3/spring-test-6.1.3-sources.jar
2025-11-20 15:46:44,993 [Worker-11: Download sources and javadoc] INFO  o.e.m.c.i.e.AbstractTransferListenerAdapter - Downloaded https://repo.maven.apache.org/maven2/org/springframework/spring-test/6.1.3/spring-test-6.1.3-sources.jar
2025-11-20 15:46:45,045 [Worker-11: Download sources and javadoc] INFO  o.e.m.j.internal.DownloadSourcesJob - Downloaded sources for org.springframework:spring-test:6.1.3
2025-11-20 15:46:45,105 [Worker-11: Download sources and javadoc] INFO  o.e.m.c.i.e.AbstractTransferListenerAdapter - Downloading https://repo.maven.apache.org/maven2/org/springframework/boot/spring-boot-starter-data-jpa/3.2.2/spring-boot-starter-data-jpa-3.2.2-sources.jar
2025-11-20 15:46:45,137 [Worker-7: Updating Maven Project] INFO  o.e.m.c.i.p.ProjectConfigurationManager - Update started
2025-11-20 15:46:45,272 [Worker-11: Download sources and javadoc] INFO  o.e.m.c.i.e.AbstractTransferListenerAdapter - Downloaded https://repo.maven.apache.org/maven2/org/springframework/boot/spring-boot-starter-data-jpa/3.2.2/spring-boot-starter-data-jpa-3.2.2-sources.jar
2025-11-20 15:46:45,346 [Worker-11: Download sources and javadoc] WARN  o.e.a.i.i.DefaultRepositoryEventDispatcher - Failed to dispatch repository event to org.eclipse.m2e.core.internal.embedder.EclipseRepositoryListener: null
2025-11-20 15:46:45,351 [Worker-11: Download sources and javadoc] INFO  o.e.m.j.internal.DownloadSourcesJob - Downloaded sources for org.springframework.boot:spring-boot-starter-data-jpa:3.2.2
2025-11-20 15:46:45,437 [Worker-11: Download sources and javadoc] INFO  o.e.m.c.i.e.AbstractTransferListenerAdapter - Downloading https://repo.maven.apache.org/maven2/org/springframework/boot/spring-boot-starter-aop/3.2.2/spring-boot-starter-aop-3.2.2-sources.jar
2025-11-20 15:46:45,537 [Worker-11: Download sources and javadoc] INFO  o.e.m.c.i.e.AbstractTransferListenerAdapter - Downloaded https://repo.maven.apache.org/maven2/org/springframework/boot/spring-boot-starter-aop/3.2.2/spring-boot-starter-aop-3.2.2-sources.jar
2025-11-20 15:46:45,610 [Worker-11: Download sources and javadoc] INFO  o.e.m.j.internal.DownloadSourcesJob - Downloaded sources for org.springframework.boot:spring-boot-starter-aop:3.2.2
2025-11-20 15:46:45,707 [Worker-11: Download sources and javadoc] INFO  o.e.m.c.i.e.AbstractTransferListenerAdapter - Downloading https://repo.maven.apache.org/maven2/org/aspectj/aspectjweaver/1.9.21/aspectjweaver-1.9.21-sources.jar
2025-11-20 15:46:46,362 [Worker-11: Download sources and javadoc] INFO  o.e.m.c.i.e.AbstractTransferListenerAdapter - Downloaded https://repo.maven.apache.org/maven2/org/aspectj/aspectjweaver/1.9.21/aspectjweaver-1.9.21-sources.jar
2025-11-20 15:46:46,453 [Worker-11: Download sources and javadoc] INFO  o.e.m.j.internal.DownloadSourcesJob - Downloaded sources for org.aspectj:aspectjweaver:1.9.21
2025-11-20 15:46:46,521 [Worker-11: Download sources and javadoc] INFO  o.e.m.c.i.e.AbstractTransferListenerAdapter - Downloading https://repo.maven.apache.org/maven2/org/springframework/boot/spring-boot-starter-jdbc/3.2.2/spring-boot-starter-jdbc-3.2.2-sources.jar
2025-11-20 15:46:46,618 [Worker-11: Download sources and javadoc] INFO  o.e.m.c.i.e.AbstractTransferListenerAdapter - Downloaded https://repo.maven.apache.org/maven2/org/springframework/boot/spring-boot-starter-jdbc/3.2.2/spring-boot-starter-jdbc-3.2.2-sources.jar
2025-11-20 15:46:46,688 [Worker-11: Download sources and javadoc] INFO  o.e.m.j.internal.DownloadSourcesJob - Downloaded sources for org.springframework.boot:spring-boot-starter-jdbc:3.2.2
2025-11-20 15:46:46,759 [Worker-11: Download sources and javadoc] INFO  o.e.m.c.i.e.AbstractTransferListenerAdapter - Downloading https://repo.maven.apache.org/maven2/org/springframework/spring-jdbc/6.1.3/spring-jdbc-6.1.3-sources.jar
2025-11-20 15:46:47,014 [Worker-11: Download sources and javadoc] INFO  o.e.m.c.i.e.AbstractTransferListenerAdapter - Downloaded https://repo.maven.apache.org/maven2/org/springframework/spring-jdbc/6.1.3/spring-jdbc-6.1.3-sources.jar
2025-11-20 15:46:47,094 [Worker-11: Download sources and javadoc] INFO  o.e.m.j.internal.DownloadSourcesJob - Downloaded sources for org.springframework:spring-jdbc:6.1.3
2025-11-20 15:46:47,164 [Worker-11: Download sources and javadoc] INFO  o.e.m.c.i.e.AbstractTransferListenerAdapter - Downloading https://repo.maven.apache.org/maven2/org/hibernate/orm/hibernate-core/6.4.1.Final/hibernate-core-6.4.1.Final-sources.jar
2025-11-20 15:46:49,028 [Worker-7: Updating Maven Project] INFO  o.e.m.c.i.l.LifecycleMappingFactory - Using org.eclipse.m2e.jdt.JarLifecycleMapping lifecycle mapping for MavenProject: com.hackerrank.sample:springboot-base:1.0 @ C:\Users\archit.jain\Downloads\music-app\33d68588-c4d8-4f0b-85c1-e9aeadc64138-v2\pom.xml.
2025-11-20 15:46:49,419 [Worker-11: Download sources and javadoc] INFO  o.e.m.c.i.e.AbstractTransferListenerAdapter - Downloaded https://repo.maven.apache.org/maven2/org/hibernate/orm/hibernate-core/6.4.1.Final/hibernate-core-6.4.1.Final-sources.jar
2025-11-20 15:46:49,502 [Worker-11: Download sources and javadoc] INFO  o.e.m.j.internal.DownloadSourcesJob - Downloaded sources for org.hibernate.orm:hibernate-core:6.4.1.Final
2025-11-20 15:46:49,577 [Worker-11: Download sources and javadoc] INFO  o.e.m.c.i.e.AbstractTransferListenerAdapter - Downloading https://repo.maven.apache.org/maven2/org/glassfish/jaxb/jaxb-runtime/4.0.4/jaxb-runtime-4.0.4-sources.jar
2025-11-20 15:46:49,963 [Worker-11: Download sources and javadoc] INFO  o.e.m.c.i.e.AbstractTransferListenerAdapter - Downloaded https://repo.maven.apache.org/maven2/org/glassfish/jaxb/jaxb-runtime/4.0.4/jaxb-runtime-4.0.4-sources.jar
2025-11-20 15:46:50,097 [Worker-11: Download sources and javadoc] INFO  o.e.m.j.internal.DownloadSourcesJob - Downloaded sources for org.glassfish.jaxb:jaxb-runtime:4.0.4
2025-11-20 15:46:50,207 [Worker-11: Download sources and javadoc] INFO  o.e.m.c.i.e.AbstractTransferListenerAdapter - Downloading https://repo.maven.apache.org/maven2/org/glassfish/jaxb/jaxb-core/4.0.4/jaxb-core-4.0.4-sources.jar
2025-11-20 15:46:50,332 [Worker-11: Download sources and javadoc] INFO  o.e.m.c.i.e.AbstractTransferListenerAdapter - Downloaded https://repo.maven.apache.org/maven2/org/glassfish/jaxb/jaxb-core/4.0.4/jaxb-core-4.0.4-sources.jar
2025-11-20 15:46:50,425 [Worker-11: Download sources and javadoc] INFO  o.e.m.j.internal.DownloadSourcesJob - Downloaded sources for org.glassfish.jaxb:jaxb-core:4.0.4
2025-11-20 15:46:50,489 [Worker-11: Download sources and javadoc] INFO  o.e.m.c.i.e.AbstractTransferListenerAdapter - Downloading https://repo.maven.apache.org/maven2/org/eclipse/angus/angus-activation/2.0.1/angus-activation-2.0.1-sources.jar
2025-11-20 15:46:50,590 [Worker-11: Download sources and javadoc] INFO  o.e.m.c.i.e.AbstractTransferListenerAdapter - Downloaded https://repo.maven.apache.org/maven2/org/eclipse/angus/angus-activation/2.0.1/angus-activation-2.0.1-sources.jar
2025-11-20 15:46:50,642 [Worker-7: Updating Maven Project] INFO  o.e.m.c.i.l.LifecycleMappingFactory - Using org.maven.ide.eclipse.wtp.WarLifecycleMapping lifecycle mapping for MavenProject: com.Eureka:EurekaService:0.0.1-SNAPSHOT @ C:\Users\archit.jain\OneDrive - HCL TECHNOLOGIES LIMITED\Documents\GuviProject\EurekaService\pom.xml.
2025-11-20 15:46:50,668 [Worker-11: Download sources and javadoc] INFO  o.e.m.j.internal.DownloadSourcesJob - Downloaded sources for org.eclipse.angus:angus-activation:2.0.1
2025-11-20 15:46:50,746 [Worker-11: Download sources and javadoc] INFO  o.e.m.c.i.e.AbstractTransferListenerAdapter - Downloading https://repo.maven.apache.org/maven2/org/glassfish/jaxb/txw2/4.0.4/txw2-4.0.4-sources.jar
2025-11-20 15:46:50,862 [Worker-11: Download sources and javadoc] INFO  o.e.m.c.i.e.AbstractTransferListenerAdapter - Downloaded https://repo.maven.apache.org/maven2/org/glassfish/jaxb/txw2/4.0.4/txw2-4.0.4-sources.jar
2025-11-20 15:46:50,922 [Worker-11: Download sources and javadoc] INFO  o.e.m.j.internal.DownloadSourcesJob - Downloaded sources for org.glassfish.jaxb:txw2:4.0.4
2025-11-20 15:46:50,987 [Worker-11: Download sources and javadoc] INFO  o.e.m.c.i.e.AbstractTransferListenerAdapter - Downloading https://repo.maven.apache.org/maven2/org/springframework/data/spring-data-jpa/3.2.2/spring-data-jpa-3.2.2-sources.jar
2025-11-20 15:46:51,242 [Worker-11: Download sources and javadoc] INFO  o.e.m.c.i.e.AbstractTransferListenerAdapter - Downloaded https://repo.maven.apache.org/maven2/org/springframework/data/spring-data-jpa/3.2.2/spring-data-jpa-3.2.2-sources.jar
2025-11-20 15:46:51,327 [Worker-11: Download sources and javadoc] INFO  o.e.m.j.internal.DownloadSourcesJob - Downloaded sources for org.springframework.data:spring-data-jpa:3.2.2
2025-11-20 15:46:51,393 [Worker-11: Download sources and javadoc] INFO  o.e.m.c.i.e.AbstractTransferListenerAdapter - Downloading https://repo.maven.apache.org/maven2/org/springframework/data/spring-data-commons/3.2.2/spring-data-commons-3.2.2-sources.jar
2025-11-20 15:46:51,834 [Worker-11: Download sources and javadoc] INFO  o.e.m.c.i.e.AbstractTransferListenerAdapter - Downloaded https://repo.maven.apache.org/maven2/org/springframework/data/spring-data-commons/3.2.2/spring-data-commons-3.2.2-sources.jar
2025-11-20 15:46:51,916 [Worker-11: Download sources and javadoc] INFO  o.e.m.j.internal.DownloadSourcesJob - Downloaded sources for org.springframework.data:spring-data-commons:3.2.2
2025-11-20 15:46:51,976 [Worker-11: Download sources and javadoc] INFO  o.e.m.c.i.e.AbstractTransferListenerAdapter - Downloading https://repo.maven.apache.org/maven2/org/springframework/spring-orm/6.1.3/spring-orm-6.1.3-sources.jar
2025-11-20 15:46:52,120 [Worker-11: Download sources and javadoc] INFO  o.e.m.c.i.e.AbstractTransferListenerAdapter - Downloaded https://repo.maven.apache.org/maven2/org/springframework/spring-orm/6.1.3/spring-orm-6.1.3-sources.jar
2025-11-20 15:46:52,202 [Worker-11: Download sources and javadoc] INFO  o.e.m.j.internal.DownloadSourcesJob - Downloaded sources for org.springframework:spring-orm:6.1.3
2025-11-20 15:46:52,283 [Worker-11: Download sources and javadoc] INFO  o.e.m.c.i.e.AbstractTransferListenerAdapter - Downloading https://repo.maven.apache.org/maven2/org/springframework/spring-tx/6.1.3/spring-tx-6.1.3-sources.jar
2025-11-20 15:46:52,584 [Worker-11: Download sources and javadoc] INFO  o.e.m.c.i.e.AbstractTransferListenerAdapter - Downloaded https://repo.maven.apache.org/maven2/org/springframework/spring-tx/6.1.3/spring-tx-6.1.3-sources.jar
2025-11-20 15:46:52,659 [Worker-11: Download sources and javadoc] INFO  o.e.m.j.internal.DownloadSourcesJob - Downloaded sources for org.springframework:spring-tx:6.1.3
2025-11-20 15:46:52,730 [Worker-11: Download sources and javadoc] INFO  o.e.m.c.i.e.AbstractTransferListenerAdapter - Downloading https://repo.maven.apache.org/maven2/org/springframework/spring-aspects/6.1.3/spring-aspects-6.1.3-sources.jar
2025-11-20 15:46:52,798 [Worker-7: Updating Maven Project] INFO  o.e.m.c.i.l.LifecycleMappingFactory - Using org.eclipse.m2e.jdt.JarLifecycleMapping lifecycle mapping for MavenProject: com.hcl:user:0.0.1-SNAPSHOT @ C:\Users\archit.jain\OneDrive - HCL TECHNOLOGIES LIMITED\Documents\GuviProject\user5\pom.xml.
2025-11-20 15:46:52,915 [Worker-11: Download sources and javadoc] INFO  o.e.m.c.i.e.AbstractTransferListenerAdapter - Downloaded https://repo.maven.apache.org/maven2/org/springframework/spring-aspects/6.1.3/spring-aspects-6.1.3-sources.jar
2025-11-20 15:46:53,007 [Worker-11: Download sources and javadoc] INFO  o.e.m.j.internal.DownloadSourcesJob - Downloaded sources for org.springframework:spring-aspects:6.1.3
2025-11-20 15:46:54,288 [Worker-7: Updating Maven Project] INFO  o.e.m.c.i.l.LifecycleMappingFactory - Using org.eclipse.m2e.jdt.JarLifecycleMapping lifecycle mapping for MavenProject: com.hcl.guvi.capstonproject:eventmanagement:0.0.1-SNAPSHOT @ C:\Users\archit.jain\OneDrive - HCL TECHNOLOGIES LIMITED\Documents\GuviProject\eventmanagement\pom.xml.
2025-11-20 15:47:00,432 [Worker-7: Updating Maven Project] WARN  o.e.m.j.i.AbstractJavaProjectConfigurator - Could not determine source level, using default 1.5
2025-11-20 15:47:00,433 [Worker-7: Updating Maven Project] WARN  o.e.m.j.i.AbstractJavaProjectConfigurator - Could not determine target level, using default 1.5
2025-11-20 15:47:00,527 [Worker-7: Updating Maven Project] INFO  o.e.m.j.i.AbstractJavaProjectConfigurator - Adding source folder /springboot-base/src/main/java
2025-11-20 15:47:00,529 [Worker-7: Updating Maven Project] INFO  o.e.m.j.i.AbstractJavaProjectConfigurator - Adding resource folder /springboot-base/src/main/resources
2025-11-20 15:47:00,543 [Worker-7: Updating Maven Project] INFO  o.e.m.j.i.AbstractJavaProjectConfigurator - Adding resource folder /springboot-base/src/main/resources
2025-11-20 15:47:00,557 [Worker-7: Updating Maven Project] INFO  o.e.m.j.i.AbstractJavaProjectConfigurator - Adding source folder /springboot-base/src/test/java
2025-11-20 15:47:02,664 [Worker-7: Updating Maven Project] INFO  o.e.m.c.i.p.ProjectConfigurationManager - Update completed: 17 sec
2025-11-20 15:47:08,075 [Worker-3: Building workspace] INFO  o.a.m.s.f.DefaultMavenResourcesFiltering - Copying 0 resource from src\main\resources to target\classes
2025-11-20 15:47:08,077 [Worker-3: Building workspace] INFO  o.a.m.s.f.DefaultMavenResourcesFiltering - Copying 0 resource from src\main\resources to target\classes
2025-11-20 15:47:08,079 [Worker-3: Building workspace] INFO  o.a.m.s.f.DefaultMavenResourcesFiltering - skip non existing resourceDirectory C:\Users\archit.jain\OneDrive - HCL TECHNOLOGIES LIMITED\Documents\GuviProject\EurekaService\src\test\resources
2025-11-20 15:47:10,536 [Worker-3: Building workspace] INFO  o.a.m.s.f.DefaultMavenResourcesFiltering - Copying 0 resource from src\main\resources to target\classes
2025-11-20 15:47:10,536 [Worker-3: Building workspace] INFO  o.a.m.s.f.DefaultMavenResourcesFiltering - Copying 0 resource from src\main\resources to target\classes
2025-11-20 15:47:10,538 [Worker-3: Building workspace] INFO  o.a.m.s.f.DefaultMavenResourcesFiltering - skip non existing resourceDirectory C:\Users\archit.jain\OneDrive - HCL TECHNOLOGIES LIMITED\Documents\GuviProject\eventmanagement\src\test\resources
2025-11-20 15:47:11,081 [Worker-12: Building workspace] INFO  o.a.m.s.f.DefaultMavenResourcesFiltering - Copying 1 resource from src\main\resources to target\classes
2025-11-20 15:47:11,106 [Worker-12: Building workspace] INFO  o.a.m.s.f.DefaultMavenResourcesFiltering - Copying 0 resource from src\main\resources to target\classes
2025-11-20 15:47:11,110 [Worker-12: Building workspace] INFO  o.a.m.s.f.DefaultMavenResourcesFiltering - skip non existing resourceDirectory C:\Users\archit.jain\Downloads\music-app\33d68588-c4d8-4f0b-85c1-e9aeadc64138-v2\src\test\resources
2025-11-20 15:47:13,520 [Worker-12: Building workspace] INFO  o.a.m.s.f.DefaultMavenResourcesFiltering - Copying 0 resource from src\main\resources to target\classes
2025-11-20 15:47:13,521 [Worker-12: Building workspace] INFO  o.a.m.s.f.DefaultMavenResourcesFiltering - Copying 0 resource from src\main\resources to target\classes
2025-11-20 15:47:13,523 [Worker-12: Building workspace] INFO  o.a.m.s.f.DefaultMavenResourcesFiltering - skip non existing resourceDirectory C:\Users\archit.jain\OneDrive - HCL TECHNOLOGIES LIMITED\Documents\GuviProject\user5\src\test\resources
2025-11-20 15:53:15,566 [Worker-14: Rebuilding] INFO  o.a.m.s.f.DefaultMavenResourcesFiltering - Copying 1 resource from src\main\resources to target\classes
2025-11-20 15:53:15,572 [Worker-14: Rebuilding] INFO  o.a.m.s.f.DefaultMavenResourcesFiltering - Copying 0 resource from src\main\resources to target\classes
2025-11-20 15:53:15,574 [Worker-14: Rebuilding] INFO  o.a.m.s.f.DefaultMavenResourcesFiltering - skip non existing resourceDirectory C:\Users\archit.jain\Downloads\music-app\33d68588-c4d8-4f0b-85c1-e9aeadc64138-v2\src\test\resources
2025-11-20 15:53:33,054 [Worker-11: Updating Maven Project] INFO  o.e.m.c.i.p.ProjectConfigurationManager - Update started
2025-11-20 15:53:36,430 [Worker-11: Updating Maven Project] INFO  o.e.m.c.i.l.LifecycleMappingFactory - Using org.eclipse.m2e.jdt.JarLifecycleMapping lifecycle mapping for MavenProject: com.hackerrank.sample:springboot-base:1.0 @ C:\Users\archit.jain\Downloads\music-app\33d68588-c4d8-4f0b-85c1-e9aeadc64138-v2\pom.xml.
2025-11-20 15:53:37,802 [Worker-11: Updating Maven Project] INFO  o.e.m.c.i.l.LifecycleMappingFactory - Using org.maven.ide.eclipse.wtp.WarLifecycleMapping lifecycle mapping for MavenProject: com.Eureka:EurekaService:0.0.1-SNAPSHOT @ C:\Users\archit.jain\OneDrive - HCL TECHNOLOGIES LIMITED\Documents\GuviProject\EurekaService\pom.xml.
2025-11-20 15:53:39,432 [Worker-11: Updating Maven Project] INFO  o.e.m.c.i.l.LifecycleMappingFactory - Using org.eclipse.m2e.jdt.JarLifecycleMapping lifecycle mapping for MavenProject: com.hcl:user:0.0.1-SNAPSHOT @ C:\Users\archit.jain\OneDrive - HCL TECHNOLOGIES LIMITED\Documents\GuviProject\user5\pom.xml.
2025-11-20 15:53:40,594 [Worker-11: Updating Maven Project] INFO  o.e.m.c.i.l.LifecycleMappingFactory - Using org.eclipse.m2e.jdt.JarLifecycleMapping lifecycle mapping for MavenProject: com.hcl.guvi.capstonproject:eventmanagement:0.0.1-SNAPSHOT @ C:\Users\archit.jain\OneDrive - HCL TECHNOLOGIES LIMITED\Documents\GuviProject\eventmanagement\pom.xml.
2025-11-20 15:53:46,456 [Worker-11: Updating Maven Project] WARN  o.e.m.j.i.AbstractJavaProjectConfigurator - Could not determine source level, using default 1.5
2025-11-20 15:53:46,457 [Worker-11: Updating Maven Project] WARN  o.e.m.j.i.AbstractJavaProjectConfigurator - Could not determine target level, using default 1.5
2025-11-20 15:53:46,530 [Worker-11: Updating Maven Project] INFO  o.e.m.j.i.AbstractJavaProjectConfigurator - Adding source folder /springboot-base/src/main/java
2025-11-20 15:53:46,530 [Worker-11: Updating Maven Project] INFO  o.e.m.j.i.AbstractJavaProjectConfigurator - Adding resource folder /springboot-base/src/main/resources
2025-11-20 15:53:46,530 [Worker-11: Updating Maven Project] INFO  o.e.m.j.i.AbstractJavaProjectConfigurator - Adding resource folder /springboot-base/src/main/resources
2025-11-20 15:53:46,532 [Worker-11: Updating Maven Project] INFO  o.e.m.j.i.AbstractJavaProjectConfigurator - Adding source folder /springboot-base/src/test/java
2025-11-20 15:53:48,014 [Worker-11: Updating Maven Project] INFO  o.e.m.c.i.p.ProjectConfigurationManager - Update completed: 14 sec
2025-11-20 15:53:51,027 [Worker-19: Building workspace] INFO  o.a.m.s.f.DefaultMavenResourcesFiltering - Copying 0 resource from src\main\resources to target\classes
2025-11-20 15:53:51,028 [Worker-19: Building workspace] INFO  o.a.m.s.f.DefaultMavenResourcesFiltering - Copying 0 resource from src\main\resources to target\classes
2025-11-20 15:53:51,031 [Worker-19: Building workspace] INFO  o.a.m.s.f.DefaultMavenResourcesFiltering - skip non existing resourceDirectory C:\Users\archit.jain\OneDrive - HCL TECHNOLOGIES LIMITED\Documents\GuviProject\EurekaService\src\test\resources
2025-11-20 15:53:53,224 [Worker-20: Building workspace] INFO  o.a.m.s.f.DefaultMavenResourcesFiltering - Copying 0 resource from src\main\resources to target\classes
2025-11-20 15:53:53,225 [Worker-20: Building workspace] INFO  o.a.m.s.f.DefaultMavenResourcesFiltering - Copying 0 resource from src\main\resources to target\classes
2025-11-20 15:53:53,226 [Worker-20: Building workspace] INFO  o.a.m.s.f.DefaultMavenResourcesFiltering - skip non existing resourceDirectory C:\Users\archit.jain\OneDrive - HCL TECHNOLOGIES LIMITED\Documents\GuviProject\eventmanagement\src\test\resources
2025-11-20 15:53:54,949 [Worker-21: Building workspace] INFO  o.a.m.s.f.DefaultMavenResourcesFiltering - Copying 1 resource from src\main\resources to target\classes
2025-11-20 15:53:54,962 [Worker-21: Building workspace] INFO  o.a.m.s.f.DefaultMavenResourcesFiltering - Copying 0 resource from src\main\resources to target\classes
2025-11-20 15:53:54,964 [Worker-21: Building workspace] INFO  o.a.m.s.f.DefaultMavenResourcesFiltering - skip non existing resourceDirectory C:\Users\archit.jain\Downloads\music-app\33d68588-c4d8-4f0b-85c1-e9aeadc64138-v2\src\test\resources
2025-11-20 15:53:57,044 [Worker-20: Building workspace] INFO  o.a.m.s.f.DefaultMavenResourcesFiltering - Copying 0 resource from src\main\resources to target\classes
2025-11-20 15:53:57,044 [Worker-20: Building workspace] INFO  o.a.m.s.f.DefaultMavenResourcesFiltering - Copying 0 resource from src\main\resources to target\classes
2025-11-20 15:53:57,045 [Worker-20: Building workspace] INFO  o.a.m.s.f.DefaultMavenResourcesFiltering - skip non existing resourceDirectory C:\Users\archit.jain\OneDrive - HCL TECHNOLOGIES LIMITED\Documents\GuviProject\user5\src\test\resources
2025-11-20 15:54:24,105 [Worker-11: Building workspace] INFO  o.a.m.s.f.DefaultMavenResourcesFiltering - Copying 1 resource from src\main\resources to target\classes
2025-11-20 15:54:24,110 [Worker-11: Building workspace] INFO  o.a.m.s.f.DefaultMavenResourcesFiltering - Copying 0 resource from src\main\resources to target\classes
2025-11-20 15:54:24,112 [Worker-11: Building workspace] INFO  o.a.m.s.f.DefaultMavenResourcesFiltering - skip non existing resourceDirectory C:\Users\archit.jain\Downloads\music-app\33d68588-c4d8-4f0b-85c1-e9aeadc64138-v2\src\test\resources
2025-11-20 15:54:48,510 [Worker-11: Building workspace] INFO  o.a.m.s.f.DefaultMavenResourcesFiltering - Copying 0 resource from src\main\resources to target\classes
2025-11-20 15:54:48,511 [Worker-11: Building workspace] INFO  o.a.m.s.f.DefaultMavenResourcesFiltering - Copying 0 resource from src\main\resources to target\classes
2025-11-20 15:54:48,512 [Worker-11: Building workspace] INFO  o.a.m.s.f.DefaultMavenResourcesFiltering - skip non existing resourceDirectory C:\Users\archit.jain\Downloads\music-app\33d68588-c4d8-4f0b-85c1-e9aeadc64138-v2\src\test\resources
2025-11-20 15:55:13,322 [Worker-16: Building workspace] INFO  o.a.m.s.f.DefaultMavenResourcesFiltering - Copying 1 resource from src\main\resources to target\classes
2025-11-20 15:55:13,326 [Worker-16: Building workspace] INFO  o.a.m.s.f.DefaultMavenResourcesFiltering - Copying 0 resource from src\main\resources to target\classes
2025-11-20 15:55:13,329 [Worker-16: Building workspace] INFO  o.a.m.s.f.DefaultMavenResourcesFiltering - skip non existing resourceDirectory C:\Users\archit.jain\Downloads\music-app\33d68588-c4d8-4f0b-85c1-e9aeadc64138-v2\src\test\resources
2025-11-20 15:55:37,243 [Worker-18: Building workspace] INFO  o.a.m.s.f.DefaultMavenResourcesFiltering - Copying 1 resource from src\main\resources to target\classes
2025-11-20 15:55:37,248 [Worker-18: Building workspace] INFO  o.a.m.s.f.DefaultMavenResourcesFiltering - Copying 0 resource from src\main\resources to target\classes
2025-11-20 15:55:37,252 [Worker-18: Building workspace] INFO  o.a.m.s.f.DefaultMavenResourcesFiltering - skip non existing resourceDirectory C:\Users\archit.jain\Downloads\music-app\33d68588-c4d8-4f0b-85c1-e9aeadc64138-v2\src\test\resources
2025-11-20 15:56:58,365 [Worker-15: Building workspace] INFO  o.a.m.s.f.DefaultMavenResourcesFiltering - Copying 1 resource from src\main\resources to target\classes
2025-11-20 15:56:58,371 [Worker-15: Building workspace] INFO  o.a.m.s.f.DefaultMavenResourcesFiltering - Copying 0 resource from src\main\resources to target\classes
2025-11-20 15:56:58,373 [Worker-15: Building workspace] INFO  o.a.m.s.f.DefaultMavenResourcesFiltering - skip non existing resourceDirectory C:\Users\archit.jain\Downloads\music-app\33d68588-c4d8-4f0b-85c1-e9aeadc64138-v2\src\test\resources
2025-11-20 15:57:14,379 [Worker-21: Building workspace] INFO  o.a.m.s.f.DefaultMavenResourcesFiltering - Copying 1 resource from src\main\resources to target\classes
2025-11-20 15:57:14,385 [Worker-21: Building workspace] INFO  o.a.m.s.f.DefaultMavenResourcesFiltering - Copying 0 resource from src\main\resources to target\classes
2025-11-20 15:57:14,387 [Worker-21: Building workspace] INFO  o.a.m.s.f.DefaultMavenResourcesFiltering - skip non existing resourceDirectory C:\Users\archit.jain\Downloads\music-app\33d68588-c4d8-4f0b-85c1-e9aeadc64138-v2\src\test\resources
2025-11-20 15:57:19,929 [Worker-21: Building workspace] INFO  o.a.m.s.f.DefaultMavenResourcesFiltering - Copying 1 resource from src\main\resources to target\classes
2025-11-20 15:57:19,932 [Worker-21: Building workspace] INFO  o.a.m.s.f.DefaultMavenResourcesFiltering - Copying 0 resource from src\main\resources to target\classes
2025-11-20 15:57:19,935 [Worker-21: Building workspace] INFO  o.a.m.s.f.DefaultMavenResourcesFiltering - skip non existing resourceDirectory C:\Users\archit.jain\Downloads\music-app\33d68588-c4d8-4f0b-85c1-e9aeadc64138-v2\src\test\resources
2025-11-20 15:58:04,667 [Worker-17: Building workspace] INFO  o.a.m.s.f.DefaultMavenResourcesFiltering - Copying 1 resource from src\main\resources to target\classes
2025-11-20 15:58:04,673 [Worker-17: Building workspace] INFO  o.a.m.s.f.DefaultMavenResourcesFiltering - Copying 0 resource from src\main\resources to target\classes
2025-11-20 15:58:04,676 [Worker-17: Building workspace] INFO  o.a.m.s.f.DefaultMavenResourcesFiltering - skip non existing resourceDirectory C:\Users\archit.jain\Downloads\music-app\33d68588-c4d8-4f0b-85c1-e9aeadc64138-v2\src\test\resources
2025-11-20 15:58:06,926 [Worker-17: Building workspace] INFO  o.a.m.s.f.DefaultMavenResourcesFiltering - Copying 1 resource from src\main\resources to target\classes
2025-11-20 15:58:06,934 [Worker-17: Building workspace] INFO  o.a.m.s.f.DefaultMavenResourcesFiltering - Copying 0 resource from src\main\resources to target\classes
2025-11-20 15:58:06,937 [Worker-17: Building workspace] INFO  o.a.m.s.f.DefaultMavenResourcesFiltering - skip non existing resourceDirectory C:\Users\archit.jain\Downloads\music-app\33d68588-c4d8-4f0b-85c1-e9aeadc64138-v2\src\test\resources
2025-11-20 15:58:15,447 [Worker-19: Building workspace] INFO  o.a.m.s.f.DefaultMavenResourcesFiltering - Copying 1 resource from src\main\resources to target\classes
2025-11-20 15:58:15,451 [Worker-19: Building workspace] INFO  o.a.m.s.f.DefaultMavenResourcesFiltering - Copying 0 resource from src\main\resources to target\classes
2025-11-20 15:58:15,453 [Worker-19: Building workspace] INFO  o.a.m.s.f.DefaultMavenResourcesFiltering - skip non existing resourceDirectory C:\Users\archit.jain\Downloads\music-app\33d68588-c4d8-4f0b-85c1-e9aeadc64138-v2\src\test\resources
2025-11-20 15:59:16,989 [Worker-21: Building workspace] INFO  o.a.m.s.f.DefaultMavenResourcesFiltering - Copying 1 resource from src\main\resources to target\classes
2025-11-20 15:59:16,993 [Worker-21: Building workspace] INFO  o.a.m.s.f.DefaultMavenResourcesFiltering - Copying 0 resource from src\main\resources to target\classes
2025-11-20 15:59:16,995 [Worker-21: Building workspace] INFO  o.a.m.s.f.DefaultMavenResourcesFiltering - skip non existing resourceDirectory C:\Users\archit.jain\Downloads\music-app\33d68588-c4d8-4f0b-85c1-e9aeadc64138-v2\src\test\resources
2025-11-20 15:59:45,476 [Worker-16: Building workspace] INFO  o.a.m.s.f.DefaultMavenResourcesFiltering - Copying 1 resource from src\main\resources to target\classes
2025-11-20 15:59:45,480 [Worker-16: Building workspace] INFO  o.a.m.s.f.DefaultMavenResourcesFiltering - Copying 0 resource from src\main\resources to target\classes
2025-11-20 15:59:45,482 [Worker-16: Building workspace] INFO  o.a.m.s.f.DefaultMavenResourcesFiltering - skip non existing resourceDirectory C:\Users\archit.jain\Downloads\music-app\33d68588-c4d8-4f0b-85c1-e9aeadc64138-v2\src\test\resources
2025-11-20 16:00:09,080 [Worker-17: Building workspace] INFO  o.a.m.s.f.DefaultMavenResourcesFiltering - Copying 1 resource from src\main\resources to target\classes
2025-11-20 16:00:09,085 [Worker-17: Building workspace] INFO  o.a.m.s.f.DefaultMavenResourcesFiltering - Copying 0 resource from src\main\resources to target\classes
2025-11-20 16:00:09,087 [Worker-17: Building workspace] INFO  o.a.m.s.f.DefaultMavenResourcesFiltering - skip non existing resourceDirectory C:\Users\archit.jain\Downloads\music-app\33d68588-c4d8-4f0b-85c1-e9aeadc64138-v2\src\test\resources
2025-11-20 16:00:31,193 [Worker-17: Building workspace] INFO  o.a.m.s.f.DefaultMavenResourcesFiltering - Copying 1 resource from src\main\resources to target\classes
2025-11-20 16:00:31,197 [Worker-17: Building workspace] INFO  o.a.m.s.f.DefaultMavenResourcesFiltering - Copying 0 resource from src\main\resources to target\classes
2025-11-20 16:00:31,199 [Worker-17: Building workspace] INFO  o.a.m.s.f.DefaultMavenResourcesFiltering - skip non existing resourceDirectory C:\Users\archit.jain\Downloads\music-app\33d68588-c4d8-4f0b-85c1-e9aeadc64138-v2\src\test\resources
2025-11-20 16:00:50,214 [Worker-16: Building workspace] INFO  o.a.m.s.f.DefaultMavenResourcesFiltering - Copying 1 resource from src\main\resources to target\classes
2025-11-20 16:00:50,233 [Worker-16: Building workspace] INFO  o.a.m.s.f.DefaultMavenResourcesFiltering - Copying 0 resource from src\main\resources to target\classes
2025-11-20 16:00:50,236 [Worker-16: Building workspace] INFO  o.a.m.s.f.DefaultMavenResourcesFiltering - skip non existing resourceDirectory C:\Users\archit.jain\Downloads\music-app\33d68588-c4d8-4f0b-85c1-e9aeadc64138-v2\src\test\resources
2025-11-20 16:00:58,038 [Worker-16: Launching Executing clean in C__Users_archit.jain_Downloads_music-app_33d68588-c4d8-4f0b-85c1-e9aeadc64138-v2] INFO  o.e.m.i.launch.MavenLaunchDelegate - C:\Users\archit.jain\Downloads\music-app\33d68588-c4d8-4f0b-85c1-e9aeadc64138-v2
2025-11-20 16:00:58,038 [Worker-16: Launching Executing clean in C__Users_archit.jain_Downloads_music-app_33d68588-c4d8-4f0b-85c1-e9aeadc64138-v2] INFO  o.e.m.i.launch.MavenLaunchDelegate -  mvn -B clean
2025-11-20 16:01:01,119 [Worker-18: Building workspace] INFO  o.a.m.s.f.DefaultMavenResourcesFiltering - Copying 1 resource from src\main\resources to target\classes
2025-11-20 16:01:01,122 [Worker-18: Building workspace] INFO  o.a.m.s.f.DefaultMavenResourcesFiltering - Copying 0 resource from src\main\resources to target\classes
2025-11-20 16:01:01,124 [Worker-18: Building workspace] INFO  o.a.m.s.f.DefaultMavenResourcesFiltering - skip non existing resourceDirectory C:\Users\archit.jain\Downloads\music-app\33d68588-c4d8-4f0b-85c1-e9aeadc64138-v2\src\test\resources
2025-11-20 16:01:12,295 [Worker-18: Launching Executing install in C__Users_archit.jain_Downloads_music-app_33d68588-c4d8-4f0b-85c1-e9aeadc64138-v2] INFO  o.e.m.i.launch.MavenLaunchDelegate - C:\Users\archit.jain\Downloads\music-app\33d68588-c4d8-4f0b-85c1-e9aeadc64138-v2
2025-11-20 16:01:12,295 [Worker-18: Launching Executing install in C__Users_archit.jain_Downloads_music-app_33d68588-c4d8-4f0b-85c1-e9aeadc64138-v2] INFO  o.e.m.i.launch.MavenLaunchDelegate -  mvn -B install
2025-11-20 16:01:20,916 [Worker-11: Building workspace] INFO  o.a.m.s.f.DefaultMavenResourcesFiltering - Copying 1 resource from src\main\resources to target\classes
2025-11-20 16:01:20,920 [Worker-11: Building workspace] INFO  o.a.m.s.f.DefaultMavenResourcesFiltering - Copying 0 resource from src\main\resources to target\classes
2025-11-20 16:01:20,923 [Worker-11: Building workspace] INFO  o.a.m.s.f.DefaultMavenResourcesFiltering - skip non existing resourceDirectory C:\Users\archit.jain\Downloads\music-app\33d68588-c4d8-4f0b-85c1-e9aeadc64138-v2\src\test\resources
2025-11-20 16:01:30,862 [Worker-19: Updating Maven Project] INFO  o.e.m.c.i.p.ProjectConfigurationManager - Update started
2025-11-20 16:01:33,303 [Worker-19: Updating Maven Project] INFO  o.e.m.c.i.l.LifecycleMappingFactory - Using org.eclipse.m2e.jdt.JarLifecycleMapping lifecycle mapping for MavenProject: com.hackerrank.sample:springboot-base:1.0 @ C:\Users\archit.jain\Downloads\music-app\33d68588-c4d8-4f0b-85c1-e9aeadc64138-v2\pom.xml.
2025-11-20 16:01:34,599 [Worker-19: Updating Maven Project] INFO  o.e.m.c.i.l.LifecycleMappingFactory - Using org.eclipse.m2e.jdt.JarLifecycleMapping lifecycle mapping for MavenProject: com.hcl:user:0.0.1-SNAPSHOT @ C:\Users\archit.jain\OneDrive - HCL TECHNOLOGIES LIMITED\Documents\GuviProject\user5\pom.xml.
2025-11-20 16:01:36,638 [Worker-19: Updating Maven Project] INFO  o.e.m.c.i.l.LifecycleMappingFactory - Using org.eclipse.m2e.jdt.JarLifecycleMapping lifecycle mapping for MavenProject: com.hcl.guvi.capstonproject:eventmanagement:0.0.1-SNAPSHOT @ C:\Users\archit.jain\OneDrive - HCL TECHNOLOGIES LIMITED\Documents\GuviProject\eventmanagement\pom.xml.
2025-11-20 16:01:43,582 [Worker-19: Updating Maven Project] WARN  o.e.m.j.i.AbstractJavaProjectConfigurator - Could not determine source level, using default 1.5
2025-11-20 16:01:43,585 [Worker-19: Updating Maven Project] WARN  o.e.m.j.i.AbstractJavaProjectConfigurator - Could not determine target level, using default 1.5
2025-11-20 16:01:43,797 [Worker-19: Updating Maven Project] INFO  o.e.m.j.i.AbstractJavaProjectConfigurator - Adding source folder /springboot-base/src/main/java
2025-11-20 16:01:43,797 [Worker-19: Updating Maven Project] INFO  o.e.m.j.i.AbstractJavaProjectConfigurator - Adding resource folder /springboot-base/src/main/resources
2025-11-20 16:01:43,797 [Worker-19: Updating Maven Project] INFO  o.e.m.j.i.AbstractJavaProjectConfigurator - Adding resource folder /springboot-base/src/main/resources
2025-11-20 16:01:43,800 [Worker-19: Updating Maven Project] INFO  o.e.m.j.i.AbstractJavaProjectConfigurator - Adding source folder /springboot-base/src/test/java
2025-11-20 16:01:47,536 [Worker-19: Updating Maven Project] INFO  o.e.m.c.i.p.ProjectConfigurationManager - Update completed: 16 sec
2025-11-20 16:01:51,610 [Worker-17: Building workspace] INFO  o.a.m.s.f.DefaultMavenResourcesFiltering - Copying 0 resource from src\main\resources to target\classes
2025-11-20 16:01:51,610 [Worker-17: Building workspace] INFO  o.a.m.s.f.DefaultMavenResourcesFiltering - Copying 0 resource from src\main\resources to target\classes
2025-11-20 16:01:51,612 [Worker-17: Building workspace] INFO  o.a.m.s.f.DefaultMavenResourcesFiltering - skip non existing resourceDirectory C:\Users\archit.jain\OneDrive - HCL TECHNOLOGIES LIMITED\Documents\GuviProject\eventmanagement\src\test\resources
2025-11-20 16:01:54,403 [Worker-21: Building workspace] INFO  o.a.m.s.f.DefaultMavenResourcesFiltering - Copying 1 resource from src\main\resources to target\classes
2025-11-20 16:01:54,423 [Worker-21: Building workspace] INFO  o.a.m.s.f.DefaultMavenResourcesFiltering - Copying 0 resource from src\main\resources to target\classes
2025-11-20 16:01:54,426 [Worker-21: Building workspace] INFO  o.a.m.s.f.DefaultMavenResourcesFiltering - skip non existing resourceDirectory C:\Users\archit.jain\Downloads\music-app\33d68588-c4d8-4f0b-85c1-e9aeadc64138-v2\src\test\resources
2025-11-20 16:01:57,012 [Worker-16: Building workspace] INFO  o.a.m.s.f.DefaultMavenResourcesFiltering - Copying 0 resource from src\main\resources to target\classes
2025-11-20 16:01:57,013 [Worker-16: Building workspace] INFO  o.a.m.s.f.DefaultMavenResourcesFiltering - Copying 0 resource from src\main\resources to target\classes
2025-11-20 16:01:57,015 [Worker-16: Building workspace] INFO  o.a.m.s.f.DefaultMavenResourcesFiltering - skip non existing resourceDirectory C:\Users\archit.jain\OneDrive - HCL TECHNOLOGIES LIMITED\Documents\GuviProject\user5\src\test\resources
2025-11-20 16:10:22,940 [Worker-24: Building workspace] INFO  o.a.m.s.f.DefaultMavenResourcesFiltering - Copying 1 resource from src\main\resources to target\classes
2025-11-20 16:10:22,946 [Worker-24: Building workspace] INFO  o.a.m.s.f.DefaultMavenResourcesFiltering - Copying 0 resource from src\main\resources to target\classes
2025-11-20 16:10:22,948 [Worker-24: Building workspace] INFO  o.a.m.s.f.DefaultMavenResourcesFiltering - skip non existing resourceDirectory C:\Users\archit.jain\Downloads\music-app\33d68588-c4d8-4f0b-85c1-e9aeadc64138-v2\src\test\resources
2025-11-20 16:15:26,317 [Worker-24: Building workspace] INFO  o.a.m.s.f.DefaultMavenResourcesFiltering - Copying 1 resource from src\main\resources to target\classes
2025-11-20 16:15:26,322 [Worker-24: Building workspace] INFO  o.a.m.s.f.DefaultMavenResourcesFiltering - Copying 0 resource from src\main\resources to target\classes
2025-11-20 16:15:26,324 [Worker-24: Building workspace] INFO  o.a.m.s.f.DefaultMavenResourcesFiltering - skip non existing resourceDirectory C:\Users\archit.jain\Downloads\music-app\33d68588-c4d8-4f0b-85c1-e9aeadc64138-v2\src\test\resources
2025-11-20 16:15:34,508 [Worker-27: Building workspace] INFO  o.a.m.s.f.DefaultMavenResourcesFiltering - Copying 1 resource from src\main\resources to target\classes
2025-11-20 16:15:34,513 [Worker-27: Building workspace] INFO  o.a.m.s.f.DefaultMavenResourcesFiltering - Copying 0 resource from src\main\resources to target\classes
2025-11-20 16:15:34,514 [Worker-27: Building workspace] INFO  o.a.m.s.f.DefaultMavenResourcesFiltering - skip non existing resourceDirectory C:\Users\archit.jain\Downloads\music-app\33d68588-c4d8-4f0b-85c1-e9aeadc64138-v2\src\test\resources
2025-11-20 16:15:46,737 [Worker-15: Building workspace] INFO  o.a.m.s.f.DefaultMavenResourcesFiltering - Copying 1 resource from src\main\resources to target\classes
2025-11-20 16:15:46,743 [Worker-15: Building workspace] INFO  o.a.m.s.f.DefaultMavenResourcesFiltering - Copying 0 resource from src\main\resources to target\classes
2025-11-20 16:15:46,744 [Worker-15: Building workspace] INFO  o.a.m.s.f.DefaultMavenResourcesFiltering - skip non existing resourceDirectory C:\Users\archit.jain\Downloads\music-app\33d68588-c4d8-4f0b-85c1-e9aeadc64138-v2\src\test\resources
2025-11-20 16:16:10,173 [Worker-28: Building workspace] INFO  o.a.m.s.f.DefaultMavenResourcesFiltering - Copying 1 resource from src\main\resources to target\classes
2025-11-20 16:16:10,177 [Worker-28: Building workspace] INFO  o.a.m.s.f.DefaultMavenResourcesFiltering - Copying 0 resource from src\main\resources to target\classes
2025-11-20 16:16:10,179 [Worker-28: Building workspace] INFO  o.a.m.s.f.DefaultMavenResourcesFiltering - skip non existing resourceDirectory C:\Users\archit.jain\Downloads\music-app\33d68588-c4d8-4f0b-85c1-e9aeadc64138-v2\src\test\resources
2025-11-20 16:16:57,846 [Worker-28: Building workspace] INFO  o.a.m.s.f.DefaultMavenResourcesFiltering - Copying 1 resource from src\main\resources to target\classes
2025-11-20 16:16:57,851 [Worker-28: Building workspace] INFO  o.a.m.s.f.DefaultMavenResourcesFiltering - Copying 0 resource from src\main\resources to target\classes
2025-11-20 16:16:57,853 [Worker-28: Building workspace] INFO  o.a.m.s.f.DefaultMavenResourcesFiltering - skip non existing resourceDirectory C:\Users\archit.jain\Downloads\music-app\33d68588-c4d8-4f0b-85c1-e9aeadc64138-v2\src\test\resources
2025-11-20 16:17:54,678 [Worker-25: Building workspace] INFO  o.a.m.s.f.DefaultMavenResourcesFiltering - Copying 1 resource from src\main\resources to target\classes
2025-11-20 16:17:54,685 [Worker-25: Building workspace] INFO  o.a.m.s.f.DefaultMavenResourcesFiltering - Copying 0 resource from src\main\resources to target\classes
2025-11-20 16:17:54,687 [Worker-25: Building workspace] INFO  o.a.m.s.f.DefaultMavenResourcesFiltering - skip non existing resourceDirectory C:\Users\archit.jain\Downloads\music-app\33d68588-c4d8-4f0b-85c1-e9aeadc64138-v2\src\test\resources
2025-11-21 15:01:37,241 [Worker-74: Building workspace] INFO  o.a.m.s.f.DefaultMavenResourcesFiltering - Copying 1 resource from src\main\resources to target\classes
2025-11-21 15:01:37,278 [Worker-74: Building workspace] INFO  o.a.m.s.f.DefaultMavenResourcesFiltering - Copying 0 resource from src\main\resources to target\classes
2025-11-21 15:01:37,282 [Worker-74: Building workspace] INFO  o.a.m.s.f.DefaultMavenResourcesFiltering - skip non existing resourceDirectory C:\Users\archit.jain\Downloads\music-app\33d68588-c4d8-4f0b-85c1-e9aeadc64138-v2\src\test\resources
2025-11-21 15:12:54,619 [Worker-72: Building workspace] INFO  o.a.m.s.f.DefaultMavenResourcesFiltering - Copying 1 resource from src\main\resources to target\classes
2025-11-21 15:12:54,629 [Worker-72: Building workspace] INFO  o.a.m.s.f.DefaultMavenResourcesFiltering - Copying 0 resource from src\main\resources to target\classes
2025-11-21 15:12:54,633 [Worker-72: Building workspace] INFO  o.a.m.s.f.DefaultMavenResourcesFiltering - skip non existing resourceDirectory C:\Users\archit.jain\Downloads\music-app\33d68588-c4d8-4f0b-85c1-e9aeadc64138-v2\src\test\resources
2025-11-21 15:15:41,334 [Worker-72: Building workspace] INFO  o.a.m.s.f.DefaultMavenResourcesFiltering - Copying 1 resource from src\main\resources to target\classes
2025-11-21 15:15:41,340 [Worker-72: Building workspace] INFO  o.a.m.s.f.DefaultMavenResourcesFiltering - Copying 0 resource from src\main\resources to target\classes
2025-11-21 15:15:41,343 [Worker-72: Building workspace] INFO  o.a.m.s.f.DefaultMavenResourcesFiltering - skip non existing resourceDirectory C:\Users\archit.jain\Downloads\music-app\33d68588-c4d8-4f0b-85c1-e9aeadc64138-v2\src\test\resources
2025-11-21 15:16:57,126 [Worker-77: Building workspace] INFO  o.a.m.s.f.DefaultMavenResourcesFiltering - Copying 1 resource from src\main\resources to target\classes
2025-11-21 15:16:57,137 [Worker-77: Building workspace] INFO  o.a.m.s.f.DefaultMavenResourcesFiltering - Copying 0 resource from src\main\resources to target\classes
2025-11-21 15:16:57,138 [Worker-77: Building workspace] INFO  o.a.m.s.f.DefaultMavenResourcesFiltering - skip non existing resourceDirectory C:\Users\archit.jain\Downloads\music-app\33d68588-c4d8-4f0b-85c1-e9aeadc64138-v2\src\test\resources
2025-11-21 15:22:08,890 [Worker-79: Building workspace] INFO  o.a.m.s.f.DefaultMavenResourcesFiltering - Copying 1 resource from src\main\resources to target\classes
2025-11-21 15:22:08,899 [Worker-79: Building workspace] INFO  o.a.m.s.f.DefaultMavenResourcesFiltering - Copying 0 resource from src\main\resources to target\classes
2025-11-21 15:22:08,900 [Worker-79: Building workspace] INFO  o.a.m.s.f.DefaultMavenResourcesFiltering - skip non existing resourceDirectory C:\Users\archit.jain\Downloads\music-app\33d68588-c4d8-4f0b-85c1-e9aeadc64138-v2\src\test\resources
2025-11-21 15:26:21,047 [Worker-72: Building workspace] INFO  o.a.m.s.f.DefaultMavenResourcesFiltering - Copying 1 resource from src\main\resources to target\classes
2025-11-21 15:26:21,054 [Worker-72: Building workspace] INFO  o.a.m.s.f.DefaultMavenResourcesFiltering - Copying 0 resource from src\main\resources to target\classes
2025-11-21 15:26:21,057 [Worker-72: Building workspace] INFO  o.a.m.s.f.DefaultMavenResourcesFiltering - skip non existing resourceDirectory C:\Users\archit.jain\Downloads\music-app\33d68588-c4d8-4f0b-85c1-e9aeadc64138-v2\src\test\resources
2025-11-21 15:43:29,353 [Worker-87: Building workspace] INFO  o.a.m.s.f.DefaultMavenResourcesFiltering - Copying 1 resource from src\main\resources to target\classes
2025-11-21 15:43:29,372 [Worker-87: Building workspace] INFO  o.a.m.s.f.DefaultMavenResourcesFiltering - Copying 0 resource from src\main\resources to target\classes
2025-11-21 15:43:29,374 [Worker-87: Building workspace] INFO  o.a.m.s.f.DefaultMavenResourcesFiltering - skip non existing resourceDirectory C:\Users\archit.jain\Downloads\music-app\33d68588-c4d8-4f0b-85c1-e9aeadc64138-v2\src\test\resources
2025-11-21 15:48:12,214 [Worker-90: Building workspace] INFO  o.a.m.s.f.DefaultMavenResourcesFiltering - Copying 1 resource from src\main\resources to target\classes
2025-11-21 15:48:12,223 [Worker-90: Building workspace] INFO  o.a.m.s.f.DefaultMavenResourcesFiltering - Copying 0 resource from src\main\resources to target\classes
2025-11-21 15:48:12,226 [Worker-90: Building workspace] INFO  o.a.m.s.f.DefaultMavenResourcesFiltering - skip non existing resourceDirectory C:\Users\archit.jain\Downloads\music-app\33d68588-c4d8-4f0b-85c1-e9aeadc64138-v2\src\test\resources
2025-11-21 15:54:59,806 [Worker-93: Building workspace] INFO  o.a.m.s.f.DefaultMavenResourcesFiltering - Copying 1 resource from src\main\resources to target\classes
2025-11-21 15:54:59,815 [Worker-93: Building workspace] INFO  o.a.m.s.f.DefaultMavenResourcesFiltering - Copying 0 resource from src\main\resources to target\classes
2025-11-21 15:54:59,817 [Worker-93: Building workspace] INFO  o.a.m.s.f.DefaultMavenResourcesFiltering - skip non existing resourceDirectory C:\Users\archit.jain\Downloads\music-app\33d68588-c4d8-4f0b-85c1-e9aeadc64138-v2\src\test\resources
2025-11-21 15:55:48,075 [Worker-95: Building workspace] INFO  o.a.m.s.f.DefaultMavenResourcesFiltering - Copying 1 resource from src\main\resources to target\classes
2025-11-21 15:55:48,081 [Worker-95: Building workspace] INFO  o.a.m.s.f.DefaultMavenResourcesFiltering - Copying 0 resource from src\main\resources to target\classes
2025-11-21 15:55:48,083 [Worker-95: Building workspace] INFO  o.a.m.s.f.DefaultMavenResourcesFiltering - skip non existing resourceDirectory C:\Users\archit.jain\Downloads\music-app\33d68588-c4d8-4f0b-85c1-e9aeadc64138-v2\src\test\resources
2025-11-21 15:57:18,294 [Worker-93: Building workspace] INFO  o.a.m.s.f.DefaultMavenResourcesFiltering - Copying 1 resource from src\main\resources to target\classes
2025-11-21 15:57:18,300 [Worker-93: Building workspace] INFO  o.a.m.s.f.DefaultMavenResourcesFiltering - Copying 0 resource from src\main\resources to target\classes
2025-11-21 15:57:18,301 [Worker-93: Building workspace] INFO  o.a.m.s.f.DefaultMavenResourcesFiltering - skip non existing resourceDirectory C:\Users\archit.jain\Downloads\music-app\33d68588-c4d8-4f0b-85c1-e9aeadc64138-v2\src\test\resources
2025-11-21 15:58:13,877 [Worker-97: Building workspace] INFO  o.a.m.s.f.DefaultMavenResourcesFiltering - Copying 1 resource from src\main\resources to target\classes
2025-11-21 15:58:13,883 [Worker-97: Building workspace] INFO  o.a.m.s.f.DefaultMavenResourcesFiltering - Copying 0 resource from src\main\resources to target\classes
2025-11-21 15:58:13,885 [Worker-97: Building workspace] INFO  o.a.m.s.f.DefaultMavenResourcesFiltering - skip non existing resourceDirectory C:\Users\archit.jain\Downloads\music-app\33d68588-c4d8-4f0b-85c1-e9aeadc64138-v2\src\test\resources
2025-11-21 16:02:02,307 [Worker-94: Building workspace] INFO  o.a.m.s.f.DefaultMavenResourcesFiltering - Copying 1 resource from src\main\resources to target\classes
2025-11-21 16:02:02,322 [Worker-94: Building workspace] INFO  o.a.m.s.f.DefaultMavenResourcesFiltering - Copying 0 resource from src\main\resources to target\classes
2025-11-21 16:02:02,323 [Worker-94: Building workspace] INFO  o.a.m.s.f.DefaultMavenResourcesFiltering - skip non existing resourceDirectory C:\Users\archit.jain\Downloads\music-app\33d68588-c4d8-4f0b-85c1-e9aeadc64138-v2\src\test\resources
2025-11-21 16:06:32,524 [Worker-102: Building workspace] INFO  o.a.m.s.f.DefaultMavenResourcesFiltering - Copying 1 resource from src\main\resources to target\classes
2025-11-21 16:06:32,531 [Worker-102: Building workspace] INFO  o.a.m.s.f.DefaultMavenResourcesFiltering - Copying 0 resource from src\main\resources to target\classes
2025-11-21 16:06:32,532 [Worker-102: Building workspace] INFO  o.a.m.s.f.DefaultMavenResourcesFiltering - skip non existing resourceDirectory C:\Users\archit.jain\Downloads\music-app\33d68588-c4d8-4f0b-85c1-e9aeadc64138-v2\src\test\resources
2025-11-21 16:07:17,396 [Worker-101: Building workspace] INFO  o.a.m.s.f.DefaultMavenResourcesFiltering - Copying 1 resource from src\main\resources to target\classes
2025-11-21 16:07:17,403 [Worker-101: Building workspace] INFO  o.a.m.s.f.DefaultMavenResourcesFiltering - Copying 0 resource from src\main\resources to target\classes
2025-11-21 16:07:17,405 [Worker-101: Building workspace] INFO  o.a.m.s.f.DefaultMavenResourcesFiltering - skip non existing resourceDirectory C:\Users\archit.jain\Downloads\music-app\33d68588-c4d8-4f0b-85c1-e9aeadc64138-v2\src\test\resources
2025-11-21 16:08:33,028 [Worker-101: Building workspace] INFO  o.a.m.s.f.DefaultMavenResourcesFiltering - Copying 1 resource from src\main\resources to target\classes
2025-11-21 16:08:33,036 [Worker-101: Building workspace] INFO  o.a.m.s.f.DefaultMavenResourcesFiltering - Copying 0 resource from src\main\resources to target\classes
2025-11-21 16:08:33,039 [Worker-101: Building workspace] INFO  o.a.m.s.f.DefaultMavenResourcesFiltering - skip non existing resourceDirectory C:\Users\archit.jain\Downloads\music-app\33d68588-c4d8-4f0b-85c1-e9aeadc64138-v2\src\test\resources
2025-11-21 16:11:33,604 [Worker-104: Building workspace] INFO  o.a.m.s.f.DefaultMavenResourcesFiltering - Copying 1 resource from src\main\resources to target\classes
2025-11-21 16:11:33,612 [Worker-104: Building workspace] INFO  o.a.m.s.f.DefaultMavenResourcesFiltering - Copying 0 resource from src\main\resources to target\classes
2025-11-21 16:11:33,614 [Worker-104: Building workspace] INFO  o.a.m.s.f.DefaultMavenResourcesFiltering - skip non existing resourceDirectory C:\Users\archit.jain\Downloads\music-app\33d68588-c4d8-4f0b-85c1-e9aeadc64138-v2\src\test\resources
2025-11-21 17:17:44,676 [Worker-116: Building workspace] INFO  o.a.m.s.f.DefaultMavenResourcesFiltering - Copying 1 resource from src\main\resources to target\classes
2025-11-21 17:17:44,683 [Worker-116: Building workspace] INFO  o.a.m.s.f.DefaultMavenResourcesFiltering - Copying 0 resource from src\main\resources to target\classes
2025-11-21 17:17:44,685 [Worker-116: Building workspace] INFO  o.a.m.s.f.DefaultMavenResourcesFiltering - skip non existing resourceDirectory C:\Users\archit.jain\Downloads\music-app\33d68588-c4d8-4f0b-85c1-e9aeadc64138-v2\src\test\resources
2025-11-21 17:23:53,858 [Worker-117: Building workspace] INFO  o.a.m.s.f.DefaultMavenResourcesFiltering - Copying 1 resource from src\main\resources to target\classes
2025-11-21 17:23:53,867 [Worker-117: Building workspace] INFO  o.a.m.s.f.DefaultMavenResourcesFiltering - Copying 0 resource from src\main\resources to target\classes
2025-11-21 17:23:53,871 [Worker-117: Building workspace] INFO  o.a.m.s.f.DefaultMavenResourcesFiltering - skip non existing resourceDirectory C:\Users\archit.jain\Downloads\music-app\33d68588-c4d8-4f0b-85c1-e9aeadc64138-v2\src\test\resources
2025-11-21 17:35:28,543 [Worker-117: Building workspace] INFO  o.a.m.s.f.DefaultMavenResourcesFiltering - Copying 1 resource from src\main\resources to target\classes
2025-11-21 17:35:28,549 [Worker-117: Building workspace] INFO  o.a.m.s.f.DefaultMavenResourcesFiltering - Copying 0 resource from src\main\resources to target\classes
2025-11-21 17:35:28,551 [Worker-117: Building workspace] INFO  o.a.m.s.f.DefaultMavenResourcesFiltering - skip non existing resourceDirectory C:\Users\archit.jain\Downloads\music-app\33d68588-c4d8-4f0b-85c1-e9aeadc64138-v2\src\test\resources
2025-11-21 17:35:46,175 [Worker-114: Launching SampleApplication] INFO  o.a.m.s.f.DefaultMavenResourcesFiltering - Copying 0 resource from src\main\resources to target\classes
2025-11-21 17:35:46,176 [Worker-114: Launching SampleApplication] INFO  o.a.m.s.f.DefaultMavenResourcesFiltering - Copying 0 resource from src\main\resources to target\classes
2025-11-21 17:35:46,178 [Worker-114: Launching SampleApplication] INFO  o.a.m.s.f.DefaultMavenResourcesFiltering - skip non existing resourceDirectory C:\Users\archit.jain\Downloads\music-app\33d68588-c4d8-4f0b-85c1-e9aeadc64138-v2\src\test\resources
2025-11-21 17:46:12,399 [Worker-121: Building workspace] INFO  o.a.m.s.f.DefaultMavenResourcesFiltering - Copying 1 resource from src\main\resources to target\classes
2025-11-21 17:46:12,410 [Worker-121: Building workspace] INFO  o.a.m.s.f.DefaultMavenResourcesFiltering - Copying 0 resource from src\main\resources to target\classes
2025-11-21 17:46:12,411 [Worker-121: Building workspace] INFO  o.a.m.s.f.DefaultMavenResourcesFiltering - skip non existing resourceDirectory C:\Users\archit.jain\Downloads\music-app\33d68588-c4d8-4f0b-85c1-e9aeadc64138-v2\src\test\resources
2025-11-21 17:46:30,107 [Worker-120: Building workspace] INFO  o.a.m.s.f.DefaultMavenResourcesFiltering - Copying 1 resource from src\main\resources to target\classes
2025-11-21 17:46:30,117 [Worker-120: Building workspace] INFO  o.a.m.s.f.DefaultMavenResourcesFiltering - Copying 0 resource from src\main\resources to target\classes
2025-11-21 17:46:30,119 [Worker-120: Building workspace] INFO  o.a.m.s.f.DefaultMavenResourcesFiltering - skip non existing resourceDirectory C:\Users\archit.jain\Downloads\music-app\33d68588-c4d8-4f0b-85c1-e9aeadc64138-v2\src\test\resources
2025-11-21 17:48:24,649 [Worker-123: Building workspace] INFO  o.a.m.s.f.DefaultMavenResourcesFiltering - Copying 1 resource from src\main\resources to target\classes
2025-11-21 17:48:24,658 [Worker-123: Building workspace] INFO  o.a.m.s.f.DefaultMavenResourcesFiltering - Copying 0 resource from src\main\resources to target\classes
2025-11-21 17:48:24,659 [Worker-123: Building workspace] INFO  o.a.m.s.f.DefaultMavenResourcesFiltering - skip non existing resourceDirectory C:\Users\archit.jain\Downloads\music-app\33d68588-c4d8-4f0b-85c1-e9aeadc64138-v2\src\test\resources
2025-11-21 17:49:46,520 [Worker-113: Building workspace] INFO  o.a.m.s.f.DefaultMavenResourcesFiltering - Copying 1 resource from src\main\resources to target\classes
2025-11-21 17:49:46,528 [Worker-113: Building workspace] INFO  o.a.m.s.f.DefaultMavenResourcesFiltering - Copying 0 resource from src\main\resources to target\classes
2025-11-21 17:49:46,531 [Worker-113: Building workspace] INFO  o.a.m.s.f.DefaultMavenResourcesFiltering - skip non existing resourceDirectory C:\Users\archit.jain\Downloads\music-app\33d68588-c4d8-4f0b-85c1-e9aeadc64138-v2\src\test\resources
2025-11-21 17:51:44,453 [Worker-119: Building workspace] INFO  o.a.m.s.f.DefaultMavenResourcesFiltering - Copying 1 resource from src\main\resources to target\classes
2025-11-21 17:51:44,460 [Worker-119: Building workspace] INFO  o.a.m.s.f.DefaultMavenResourcesFiltering - Copying 0 resource from src\main\resources to target\classes
2025-11-21 17:51:44,463 [Worker-119: Building workspace] INFO  o.a.m.s.f.DefaultMavenResourcesFiltering - skip non existing resourceDirectory C:\Users\archit.jain\Downloads\music-app\33d68588-c4d8-4f0b-85c1-e9aeadc64138-v2\src\test\resources
2025-11-21 17:53:11,888 [Worker-123: Building workspace] INFO  o.a.m.s.f.DefaultMavenResourcesFiltering - Copying 1 resource from src\main\resources to target\classes
2025-11-21 17:53:11,895 [Worker-123: Building workspace] INFO  o.a.m.s.f.DefaultMavenResourcesFiltering - Copying 0 resource from src\main\resources to target\classes
2025-11-21 17:53:11,897 [Worker-123: Building workspace] INFO  o.a.m.s.f.DefaultMavenResourcesFiltering - skip non existing resourceDirectory C:\Users\archit.jain\Downloads\music-app\33d68588-c4d8-4f0b-85c1-e9aeadc64138-v2\src\test\resources
2025-11-21 17:53:56,134 [Worker-119: Building workspace] INFO  o.a.m.s.f.DefaultMavenResourcesFiltering - Copying 1 resource from src\main\resources to target\classes
2025-11-21 17:53:56,140 [Worker-119: Building workspace] INFO  o.a.m.s.f.DefaultMavenResourcesFiltering - Copying 0 resource from src\main\resources to target\classes
2025-11-21 17:53:56,142 [Worker-119: Building workspace] INFO  o.a.m.s.f.DefaultMavenResourcesFiltering - skip non existing resourceDirectory C:\Users\archit.jain\Downloads\music-app\33d68588-c4d8-4f0b-85c1-e9aeadc64138-v2\src\test\resources
2025-11-21 18:00:52,403 [Worker-125: Building workspace] INFO  o.a.m.s.f.DefaultMavenResourcesFiltering - Copying 1 resource from src\main\resources to target\classes
2025-11-21 18:00:52,411 [Worker-125: Building workspace] INFO  o.a.m.s.f.DefaultMavenResourcesFiltering - Copying 0 resource from src\main\resources to target\classes
2025-11-21 18:00:52,413 [Worker-125: Building workspace] INFO  o.a.m.s.f.DefaultMavenResourcesFiltering - skip non existing resourceDirectory C:\Users\archit.jain\Downloads\music-app\33d68588-c4d8-4f0b-85c1-e9aeadc64138-v2\src\test\resources
2025-11-21 18:03:30,402 [Worker-119: Building workspace] INFO  o.a.m.s.f.DefaultMavenResourcesFiltering - Copying 1 resource from src\main\resources to target\classes
2025-11-21 18:03:30,424 [Worker-119: Building workspace] INFO  o.a.m.s.f.DefaultMavenResourcesFiltering - Copying 0 resource from src\main\resources to target\classes
2025-11-21 18:03:30,427 [Worker-119: Building workspace] INFO  o.a.m.s.f.DefaultMavenResourcesFiltering - skip non existing resourceDirectory C:\Users\archit.jain\Downloads\music-app\33d68588-c4d8-4f0b-85c1-e9aeadc64138-v2\src\test\resources
2025-11-21 18:05:47,466 [Worker-124: Building workspace] INFO  o.a.m.s.f.DefaultMavenResourcesFiltering - Copying 1 resource from src\main\resources to target\classes
2025-11-21 18:05:47,477 [Worker-124: Building workspace] INFO  o.a.m.s.f.DefaultMavenResourcesFiltering - Copying 0 resource from src\main\resources to target\classes
2025-11-21 18:05:47,479 [Worker-124: Building workspace] INFO  o.a.m.s.f.DefaultMavenResourcesFiltering - skip non existing resourceDirectory C:\Users\archit.jain\Downloads\music-app\33d68588-c4d8-4f0b-85c1-e9aeadc64138-v2\src\test\resources
2025-11-25 12:57:00,556 [Worker-3: Loading available Gradle versions] INFO  c.g.t.t.d.PublishedGradleVersions - Gradle version information cache is out-of-date. Trying to update.
2025-11-25 12:57:17,542 [Worker-10: Building workspace] INFO  o.a.m.s.f.DefaultMavenResourcesFiltering - Copying 1 resource from src\main\resources to target\classes
2025-11-25 12:57:17,576 [Worker-10: Building workspace] INFO  o.a.m.s.f.DefaultMavenResourcesFiltering - Copying 0 resource from src\main\resources to target\classes
2025-11-25 12:57:17,580 [Worker-10: Building workspace] INFO  o.a.m.s.f.DefaultMavenResourcesFiltering - skip non existing resourceDirectory C:\Users\archit.jain\Downloads\music-app\33d68588-c4d8-4f0b-85c1-e9aeadc64138-v2\src\test\resources
2025-11-25 17:26:38,050 [Worker-45: Importing Maven projects] INFO  o.e.m.c.i.e.AbstractTransferListenerAdapter - Downloaded https://repo.maven.apache.org/maven2/org/springframework/boot/spring-boot-starter-parent/2.7.12/spring-boot-starter-parent-2.7.12.pom
2025-11-25 17:26:38,152 [Worker-45: Importing Maven projects] INFO  o.e.m.c.i.e.AbstractTransferListenerAdapter - Downloaded https://repo.maven.apache.org/maven2/org/springframework/boot/spring-boot-dependencies/2.7.12/spring-boot-dependencies-2.7.12.pom
2025-11-25 17:26:38,382 [Worker-45: Importing Maven projects] INFO  o.e.m.c.i.e.AbstractTransferListenerAdapter - Downloaded https://repo.maven.apache.org/maven2/io/micrometer/micrometer-bom/1.9.11/micrometer-bom-1.9.11.pom
2025-11-25 17:26:38,530 [Worker-45: Importing Maven projects] INFO  o.e.m.c.i.e.AbstractTransferListenerAdapter - Downloaded https://repo.maven.apache.org/maven2/org/springframework/data/spring-data-bom/2021.2.12/spring-data-bom-2021.2.12.pom
2025-11-25 17:26:38,643 [Worker-45: Importing Maven projects] INFO  o.e.m.c.i.e.AbstractTransferListenerAdapter - Downloaded https://repo.maven.apache.org/maven2/org/springframework/security/spring-security-bom/5.7.8/spring-security-bom-5.7.8.pom
2025-11-25 17:26:44,186 [Worker-45: Importing Maven projects] INFO  o.e.m.c.i.e.AbstractTransferListenerAdapter - Downloaded https://repo.maven.apache.org/maven2/org/springframework/boot/spring-boot-maven-plugin/2.7.12/spring-boot-maven-plugin-2.7.12.pom
2025-11-25 17:26:44,236 [Worker-45: Importing Maven projects] INFO  o.e.m.c.i.e.AbstractTransferListenerAdapter - Downloading https://repo.maven.apache.org/maven2/org/springframework/boot/spring-boot-maven-plugin/2.7.12/spring-boot-maven-plugin-2.7.12.jar
2025-11-25 17:26:44,624 [Worker-45: Importing Maven projects] INFO  o.e.m.c.i.e.AbstractTransferListenerAdapter - Downloaded https://repo.maven.apache.org/maven2/org/springframework/boot/spring-boot-maven-plugin/2.7.12/spring-boot-maven-plugin-2.7.12.jar
2025-11-25 17:26:45,611 [Worker-45: Importing Maven projects] INFO  o.e.m.c.i.e.AbstractTransferListenerAdapter - Downloading https://repo.maven.apache.org/maven2/org/apache/maven/plugins/maven-clean-plugin/3.2.0/maven-clean-plugin-3.2.0.jar
2025-11-25 17:26:45,684 [Worker-45: Importing Maven projects] INFO  o.e.m.c.i.e.AbstractTransferListenerAdapter - Downloaded https://repo.maven.apache.org/maven2/org/apache/maven/plugins/maven-clean-plugin/3.2.0/maven-clean-plugin-3.2.0.jar
2025-11-25 17:26:45,845 [Worker-45: Importing Maven projects] INFO  o.e.m.c.i.e.AbstractTransferListenerAdapter - Downloading https://repo.maven.apache.org/maven2/org/apache/maven/plugins/maven-resources-plugin/3.2.0/maven-resources-plugin-3.2.0.jar
2025-11-25 17:26:45,889 [Worker-45: Importing Maven projects] INFO  o.e.m.c.i.e.AbstractTransferListenerAdapter - Downloaded https://repo.maven.apache.org/maven2/org/apache/maven/plugins/maven-resources-plugin/3.2.0/maven-resources-plugin-3.2.0.jar
2025-11-25 17:26:46,093 [Worker-45: Importing Maven projects] INFO  o.e.m.c.i.e.AbstractTransferListenerAdapter - Downloading https://repo.maven.apache.org/maven2/org/apache/maven/plugins/maven-compiler-plugin/3.10.1/maven-compiler-plugin-3.10.1.jar
2025-11-25 17:26:46,177 [Worker-45: Importing Maven projects] INFO  o.e.m.c.i.e.AbstractTransferListenerAdapter - Downloaded https://repo.maven.apache.org/maven2/org/apache/maven/plugins/maven-compiler-plugin/3.10.1/maven-compiler-plugin-3.10.1.jar
2025-11-25 17:26:46,413 [Worker-45: Importing Maven projects] INFO  o.e.m.c.i.e.AbstractTransferListenerAdapter - Downloading https://repo.maven.apache.org/maven2/org/apache/maven/plugins/maven-surefire-plugin/2.22.2/maven-surefire-plugin-2.22.2.jar
2025-11-25 17:26:46,519 [Worker-45: Importing Maven projects] INFO  o.e.m.c.i.e.AbstractTransferListenerAdapter - Downloaded https://repo.maven.apache.org/maven2/org/apache/maven/plugins/maven-surefire-plugin/2.22.2/maven-surefire-plugin-2.22.2.jar
2025-11-25 17:26:46,698 [Worker-45: Importing Maven projects] INFO  o.e.m.c.i.e.AbstractTransferListenerAdapter - Downloading https://repo.maven.apache.org/maven2/org/apache/maven/plugins/maven-jar-plugin/3.2.2/maven-jar-plugin-3.2.2.jar
2025-11-25 17:26:46,764 [Worker-45: Importing Maven projects] INFO  o.e.m.c.i.e.AbstractTransferListenerAdapter - Downloaded https://repo.maven.apache.org/maven2/org/apache/maven/plugins/maven-jar-plugin/3.2.2/maven-jar-plugin-3.2.2.jar
2025-11-25 17:26:46,942 [Worker-45: Importing Maven projects] INFO  o.e.m.c.i.e.AbstractTransferListenerAdapter - Downloading https://repo.maven.apache.org/maven2/org/apache/maven/plugins/maven-install-plugin/2.5.2/maven-install-plugin-2.5.2.jar
2025-11-25 17:26:46,997 [Worker-45: Importing Maven projects] INFO  o.e.m.c.i.e.AbstractTransferListenerAdapter - Downloaded https://repo.maven.apache.org/maven2/org/apache/maven/plugins/maven-install-plugin/2.5.2/maven-install-plugin-2.5.2.jar
2025-11-25 17:26:47,162 [Worker-45: Importing Maven projects] INFO  o.e.m.c.i.e.AbstractTransferListenerAdapter - Downloading https://repo.maven.apache.org/maven2/org/apache/maven/plugins/maven-deploy-plugin/2.8.2/maven-deploy-plugin-2.8.2.jar
2025-11-25 17:26:47,241 [Worker-45: Importing Maven projects] INFO  o.e.m.c.i.e.AbstractTransferListenerAdapter - Downloaded https://repo.maven.apache.org/maven2/org/apache/maven/plugins/maven-deploy-plugin/2.8.2/maven-deploy-plugin-2.8.2.jar
2025-11-25 17:26:47,541 [Worker-45: Importing Maven projects] INFO  o.e.m.c.i.e.AbstractTransferListenerAdapter - Downloaded https://repo.maven.apache.org/maven2/org/apache/maven/plugins/maven-compiler-plugin/3.10.1/maven-compiler-plugin-3.10.1.pom
2025-11-25 17:26:47,786 [Worker-45: Importing Maven projects] INFO  o.e.m.c.i.e.AbstractTransferListenerAdapter - Downloaded https://repo.maven.apache.org/maven2/org/codehaus/plexus/plexus-java/1.1.1/plexus-java-1.1.1.pom
2025-11-25 17:26:47,901 [Worker-45: Importing Maven projects] INFO  o.e.m.c.i.e.AbstractTransferListenerAdapter - Downloaded https://repo.maven.apache.org/maven2/org/codehaus/plexus/plexus-languages/1.1.1/plexus-languages-1.1.1.pom
2025-11-25 17:26:48,031 [Worker-45: Importing Maven projects] INFO  o.e.m.c.i.e.AbstractTransferListenerAdapter - Downloaded https://repo.maven.apache.org/maven2/com/thoughtworks/qdox/qdox/2.0.1/qdox-2.0.1.pom
2025-11-25 17:26:48,154 [Worker-45: Importing Maven projects] INFO  o.e.m.c.i.e.AbstractTransferListenerAdapter - Downloaded https://repo.maven.apache.org/maven2/org/codehaus/plexus/plexus-compiler-api/2.11.1/plexus-compiler-api-2.11.1.pom
2025-11-25 17:26:48,279 [Worker-45: Importing Maven projects] INFO  o.e.m.c.i.e.AbstractTransferListenerAdapter - Downloaded https://repo.maven.apache.org/maven2/org/codehaus/plexus/plexus-compiler/2.11.1/plexus-compiler-2.11.1.pom
2025-11-25 17:26:48,379 [Worker-45: Importing Maven projects] INFO  o.e.m.c.i.e.AbstractTransferListenerAdapter - Downloaded https://repo.maven.apache.org/maven2/org/codehaus/plexus/plexus-components/6.6/plexus-components-6.6.pom
2025-11-25 17:26:48,512 [Worker-45: Importing Maven projects] INFO  o.e.m.c.i.e.AbstractTransferListenerAdapter - Downloaded https://repo.maven.apache.org/maven2/org/codehaus/plexus/plexus-utils/3.4.1/plexus-utils-3.4.1.pom
2025-11-25 17:26:48,656 [Worker-45: Importing Maven projects] INFO  o.e.m.c.i.e.AbstractTransferListenerAdapter - Downloaded https://repo.maven.apache.org/maven2/org/codehaus/plexus/plexus-compiler-manager/2.11.1/plexus-compiler-manager-2.11.1.pom
2025-11-25 17:26:48,755 [Worker-45: Importing Maven projects] INFO  o.e.m.c.i.e.AbstractTransferListenerAdapter - Downloaded https://repo.maven.apache.org/maven2/org/codehaus/plexus/plexus-compiler-javac/2.11.1/plexus-compiler-javac-2.11.1.pom
2025-11-25 17:26:48,870 [Worker-45: Importing Maven projects] INFO  o.e.m.c.i.e.AbstractTransferListenerAdapter - Downloaded https://repo.maven.apache.org/maven2/org/codehaus/plexus/plexus-compilers/2.11.1/plexus-compilers-2.11.1.pom
2025-11-25 17:26:48,970 [Worker-45: Importing Maven projects] INFO  o.e.m.c.i.e.AbstractTransferListenerAdapter - Downloading https://repo.maven.apache.org/maven2/org/codehaus/plexus/plexus-java/1.1.1/plexus-java-1.1.1.jar
2025-11-25 17:26:49,020 [Worker-45: Importing Maven projects] INFO  o.e.m.c.i.e.AbstractTransferListenerAdapter - Downloaded https://repo.maven.apache.org/maven2/org/codehaus/plexus/plexus-java/1.1.1/plexus-java-1.1.1.jar
2025-11-25 17:26:49,061 [Worker-45: Importing Maven projects] INFO  o.e.m.c.i.e.AbstractTransferListenerAdapter - Downloading https://repo.maven.apache.org/maven2/com/thoughtworks/qdox/qdox/2.0.1/qdox-2.0.1.jar
2025-11-25 17:26:49,140 [Worker-45: Importing Maven projects] INFO  o.e.m.c.i.e.AbstractTransferListenerAdapter - Downloaded https://repo.maven.apache.org/maven2/com/thoughtworks/qdox/qdox/2.0.1/qdox-2.0.1.jar
2025-11-25 17:26:49,182 [Worker-45: Importing Maven projects] INFO  o.e.m.c.i.e.AbstractTransferListenerAdapter - Downloading https://repo.maven.apache.org/maven2/org/codehaus/plexus/plexus-compiler-api/2.11.1/plexus-compiler-api-2.11.1.jar
2025-11-25 17:26:49,239 [Worker-45: Importing Maven projects] INFO  o.e.m.c.i.e.AbstractTransferListenerAdapter - Downloaded https://repo.maven.apache.org/maven2/org/codehaus/plexus/plexus-compiler-api/2.11.1/plexus-compiler-api-2.11.1.jar
2025-11-25 17:26:49,284 [Worker-45: Importing Maven projects] INFO  o.e.m.c.i.e.AbstractTransferListenerAdapter - Downloading https://repo.maven.apache.org/maven2/org/codehaus/plexus/plexus-utils/3.4.1/plexus-utils-3.4.1.jar
2025-11-25 17:26:49,361 [Worker-45: Importing Maven projects] INFO  o.e.m.c.i.e.AbstractTransferListenerAdapter - Downloaded https://repo.maven.apache.org/maven2/org/codehaus/plexus/plexus-utils/3.4.1/plexus-utils-3.4.1.jar
2025-11-25 17:26:49,393 [Worker-45: Importing Maven projects] INFO  o.e.m.c.i.e.AbstractTransferListenerAdapter - Downloading https://repo.maven.apache.org/maven2/org/codehaus/plexus/plexus-compiler-manager/2.11.1/plexus-compiler-manager-2.11.1.jar
2025-11-25 17:26:49,441 [Worker-45: Importing Maven projects] INFO  o.e.m.c.i.e.AbstractTransferListenerAdapter - Downloaded https://repo.maven.apache.org/maven2/org/codehaus/plexus/plexus-compiler-manager/2.11.1/plexus-compiler-manager-2.11.1.jar
2025-11-25 17:26:49,474 [Worker-45: Importing Maven projects] INFO  o.e.m.c.i.e.AbstractTransferListenerAdapter - Downloading https://repo.maven.apache.org/maven2/org/codehaus/plexus/plexus-compiler-javac/2.11.1/plexus-compiler-javac-2.11.1.jar
2025-11-25 17:26:49,535 [Worker-45: Importing Maven projects] INFO  o.e.m.c.i.e.AbstractTransferListenerAdapter - Downloaded https://repo.maven.apache.org/maven2/org/codehaus/plexus/plexus-compiler-javac/2.11.1/plexus-compiler-javac-2.11.1.jar
2025-11-25 17:26:50,428 [Worker-45: Importing Maven projects] INFO  o.e.m.c.i.l.LifecycleMappingFactory - Using org.eclipse.m2e.jdt.JarLifecycleMapping lifecycle mapping for MavenProject: com.example:blog-backend:1.0.0 @ C:\Users\archit.jain\Downloads\blog-management-system-final 2\blog-management-system-final\blog-management-system-final\backend\pom.xml.
2025-11-25 17:26:50,531 [Worker-45: Importing Maven projects] INFO  o.e.m.c.i.e.AbstractTransferListenerAdapter - Downloaded https://repo.maven.apache.org/maven2/org/springframework/boot/spring-boot-starter-web/2.7.12/spring-boot-starter-web-2.7.12.pom
2025-11-25 17:26:50,631 [Worker-45: Importing Maven projects] INFO  o.e.m.c.i.e.AbstractTransferListenerAdapter - Downloaded https://repo.maven.apache.org/maven2/org/springframework/boot/spring-boot-starter/2.7.12/spring-boot-starter-2.7.12.pom
2025-11-25 17:26:50,775 [Worker-45: Importing Maven projects] INFO  o.e.m.c.i.e.AbstractTransferListenerAdapter - Downloaded https://repo.maven.apache.org/maven2/org/springframework/boot/spring-boot/2.7.12/spring-boot-2.7.12.pom
2025-11-25 17:26:50,944 [Worker-45: Importing Maven projects] INFO  o.e.m.c.i.e.AbstractTransferListenerAdapter - Downloaded https://repo.maven.apache.org/maven2/org/springframework/spring-core/5.3.27/spring-core-5.3.27.pom
2025-11-25 17:26:51,178 [Worker-45: Importing Maven projects] INFO  o.e.m.c.i.e.AbstractTransferListenerAdapter - Downloaded https://repo.maven.apache.org/maven2/org/springframework/spring-jcl/5.3.27/spring-jcl-5.3.27.pom
2025-11-25 17:26:51,346 [Worker-45: Importing Maven projects] INFO  o.e.m.c.i.e.AbstractTransferListenerAdapter - Downloaded https://repo.maven.apache.org/maven2/org/springframework/spring-context/5.3.27/spring-context-5.3.27.pom
2025-11-25 17:26:51,442 [Worker-45: Importing Maven projects] INFO  o.e.m.c.i.e.AbstractTransferListenerAdapter - Downloaded https://repo.maven.apache.org/maven2/org/springframework/spring-aop/5.3.27/spring-aop-5.3.27.pom
2025-11-25 17:26:51,550 [Worker-45: Importing Maven projects] INFO  o.e.m.c.i.e.AbstractTransferListenerAdapter - Downloaded https://repo.maven.apache.org/maven2/org/springframework/spring-beans/5.3.27/spring-beans-5.3.27.pom
2025-11-25 17:26:51,693 [Worker-45: Importing Maven projects] INFO  o.e.m.c.i.e.AbstractTransferListenerAdapter - Downloaded https://repo.maven.apache.org/maven2/org/springframework/spring-expression/5.3.27/spring-expression-5.3.27.pom
2025-11-25 17:26:51,786 [Worker-45: Importing Maven projects] INFO  o.e.m.c.i.e.AbstractTransferListenerAdapter - Downloaded https://repo.maven.apache.org/maven2/org/springframework/boot/spring-boot-autoconfigure/2.7.12/spring-boot-autoconfigure-2.7.12.pom
2025-11-25 17:26:52,119 [Worker-45: Importing Maven projects] INFO  o.e.m.c.i.e.AbstractTransferListenerAdapter - Downloaded https://repo.maven.apache.org/maven2/org/springframework/boot/spring-boot-starter-logging/2.7.12/spring-boot-starter-logging-2.7.12.pom
2025-11-25 17:26:52,253 [Worker-45: Importing Maven projects] INFO  o.e.m.c.i.e.AbstractTransferListenerAdapter - Downloaded https://repo.maven.apache.org/maven2/ch/qos/logback/logback-classic/1.2.12/logback-classic-1.2.12.pom
2025-11-25 17:26:52,654 [Worker-45: Importing Maven projects] INFO  o.e.m.c.i.e.AbstractTransferListenerAdapter - Downloaded https://repo.maven.apache.org/maven2/ch/qos/logback/logback-parent/1.2.12/logback-parent-1.2.12.pom
2025-11-25 17:26:52,902 [Worker-45: Importing Maven projects] INFO  o.e.m.c.i.e.AbstractTransferListenerAdapter - Downloaded https://repo.maven.apache.org/maven2/ch/qos/logback/logback-core/1.2.12/logback-core-1.2.12.pom
2025-11-25 17:26:53,050 [Worker-45: Importing Maven projects] INFO  o.e.m.c.i.e.AbstractTransferListenerAdapter - Downloaded https://repo.maven.apache.org/maven2/org/apache/logging/log4j/log4j-to-slf4j/2.17.2/log4j-to-slf4j-2.17.2.pom
2025-11-25 17:26:53,313 [Worker-45: Importing Maven projects] INFO  o.e.m.c.i.e.AbstractTransferListenerAdapter - Downloaded https://repo.maven.apache.org/maven2/org/apache/logging/log4j/log4j/2.17.2/log4j-2.17.2.pom
2025-11-25 17:26:53,494 [Worker-45: Importing Maven projects] INFO  o.e.m.c.i.e.AbstractTransferListenerAdapter - Downloaded https://repo.maven.apache.org/maven2/org/apache/logging/log4j/log4j-api/2.17.2/log4j-api-2.17.2.pom
2025-11-25 17:26:53,686 [Worker-45: Importing Maven projects] INFO  o.e.m.c.i.e.AbstractTransferListenerAdapter - Downloaded https://repo.maven.apache.org/maven2/org/slf4j/jul-to-slf4j/1.7.36/jul-to-slf4j-1.7.36.pom
2025-11-25 17:26:53,827 [Worker-45: Importing Maven projects] INFO  o.e.m.c.i.e.AbstractTransferListenerAdapter - Downloaded https://repo.maven.apache.org/maven2/jakarta/annotation/jakarta.annotation-api/1.3.5/jakarta.annotation-api-1.3.5.pom
2025-11-25 17:26:54,002 [Worker-45: Importing Maven projects] INFO  o.e.m.c.i.e.AbstractTransferListenerAdapter - Downloaded https://repo.maven.apache.org/maven2/jakarta/annotation/ca-parent/1.3.5/ca-parent-1.3.5.pom
2025-11-25 17:26:54,143 [Worker-45: Importing Maven projects] INFO  o.e.m.c.i.e.AbstractTransferListenerAdapter - Downloaded https://repo.maven.apache.org/maven2/org/yaml/snakeyaml/1.30/snakeyaml-1.30.pom
2025-11-25 17:26:54,274 [Worker-45: Importing Maven projects] INFO  o.e.m.c.i.e.AbstractTransferListenerAdapter - Downloaded https://repo.maven.apache.org/maven2/org/springframework/boot/spring-boot-starter-json/2.7.12/spring-boot-starter-json-2.7.12.pom
2025-11-25 17:26:54,398 [Worker-45: Importing Maven projects] INFO  o.e.m.c.i.e.AbstractTransferListenerAdapter - Downloaded https://repo.maven.apache.org/maven2/org/springframework/spring-web/5.3.27/spring-web-5.3.27.pom
2025-11-25 17:26:54,535 [Worker-45: Importing Maven projects] INFO  o.e.m.c.i.e.AbstractTransferListenerAdapter - Downloaded https://repo.maven.apache.org/maven2/com/fasterxml/jackson/core/jackson-databind/2.13.5/jackson-databind-2.13.5.pom
2025-11-25 17:26:54,644 [Worker-45: Importing Maven projects] INFO  o.e.m.c.i.e.AbstractTransferListenerAdapter - Downloaded https://repo.maven.apache.org/maven2/com/fasterxml/jackson/jackson-base/2.13.5/jackson-base-2.13.5.pom
2025-11-25 17:26:54,834 [Worker-45: Importing Maven projects] INFO  o.e.m.c.i.e.AbstractTransferListenerAdapter - Downloaded https://repo.maven.apache.org/maven2/com/fasterxml/jackson/core/jackson-annotations/2.13.5/jackson-annotations-2.13.5.pom
2025-11-25 17:26:54,970 [Worker-45: Importing Maven projects] INFO  o.e.m.c.i.e.AbstractTransferListenerAdapter - Downloaded https://repo.maven.apache.org/maven2/com/fasterxml/jackson/core/jackson-core/2.13.5/jackson-core-2.13.5.pom
2025-11-25 17:26:55,091 [Worker-45: Importing Maven projects] INFO  o.e.m.c.i.e.AbstractTransferListenerAdapter - Downloaded https://repo.maven.apache.org/maven2/com/fasterxml/jackson/datatype/jackson-datatype-jdk8/2.13.5/jackson-datatype-jdk8-2.13.5.pom
2025-11-25 17:26:55,235 [Worker-45: Importing Maven projects] INFO  o.e.m.c.i.e.AbstractTransferListenerAdapter - Downloaded https://repo.maven.apache.org/maven2/com/fasterxml/jackson/module/jackson-modules-java8/2.13.5/jackson-modules-java8-2.13.5.pom
2025-11-25 17:26:55,344 [Worker-45: Importing Maven projects] INFO  o.e.m.c.i.e.AbstractTransferListenerAdapter - Downloaded https://repo.maven.apache.org/maven2/com/fasterxml/jackson/datatype/jackson-datatype-jsr310/2.13.5/jackson-datatype-jsr310-2.13.5.pom
2025-11-25 17:26:55,474 [Worker-45: Importing Maven projects] INFO  o.e.m.c.i.e.AbstractTransferListenerAdapter - Downloaded https://repo.maven.apache.org/maven2/com/fasterxml/jackson/module/jackson-module-parameter-names/2.13.5/jackson-module-parameter-names-2.13.5.pom
2025-11-25 17:26:55,584 [Worker-45: Importing Maven projects] INFO  o.e.m.c.i.e.AbstractTransferListenerAdapter - Downloaded https://repo.maven.apache.org/maven2/org/springframework/boot/spring-boot-starter-tomcat/2.7.12/spring-boot-starter-tomcat-2.7.12.pom
2025-11-25 17:26:55,704 [Worker-45: Importing Maven projects] INFO  o.e.m.c.i.e.AbstractTransferListenerAdapter - Downloaded https://repo.maven.apache.org/maven2/org/apache/tomcat/embed/tomcat-embed-core/9.0.75/tomcat-embed-core-9.0.75.pom
2025-11-25 17:26:55,830 [Worker-45: Importing Maven projects] INFO  o.e.m.c.i.e.AbstractTransferListenerAdapter - Downloaded https://repo.maven.apache.org/maven2/org/apache/tomcat/embed/tomcat-embed-el/9.0.75/tomcat-embed-el-9.0.75.pom
2025-11-25 17:26:55,952 [Worker-45: Importing Maven projects] INFO  o.e.m.c.i.e.AbstractTransferListenerAdapter - Downloaded https://repo.maven.apache.org/maven2/org/apache/tomcat/embed/tomcat-embed-websocket/9.0.75/tomcat-embed-websocket-9.0.75.pom
2025-11-25 17:26:56,054 [Worker-45: Importing Maven projects] INFO  o.e.m.c.i.e.AbstractTransferListenerAdapter - Downloaded https://repo.maven.apache.org/maven2/org/springframework/spring-webmvc/5.3.27/spring-webmvc-5.3.27.pom
2025-11-25 17:26:56,157 [Worker-45: Importing Maven projects] INFO  o.e.m.c.i.e.AbstractTransferListenerAdapter - Downloaded https://repo.maven.apache.org/maven2/org/springframework/boot/spring-boot-starter-data-jpa/2.7.12/spring-boot-starter-data-jpa-2.7.12.pom
2025-11-25 17:26:56,520 [Worker-45: Importing Maven projects] INFO  o.e.m.c.i.e.AbstractTransferListenerAdapter - Downloaded https://repo.maven.apache.org/maven2/org/springframework/boot/spring-boot-starter-aop/2.7.12/spring-boot-starter-aop-2.7.12.pom
2025-11-25 17:26:56,638 [Worker-45: Importing Maven projects] INFO  o.e.m.c.i.e.AbstractTransferListenerAdapter - Downloaded https://repo.maven.apache.org/maven2/org/aspectj/aspectjweaver/1.9.7/aspectjweaver-1.9.7.pom
2025-11-25 17:26:56,829 [Worker-45: Importing Maven projects] INFO  o.e.m.c.i.e.AbstractTransferListenerAdapter - Downloaded https://repo.maven.apache.org/maven2/org/springframework/boot/spring-boot-starter-jdbc/2.7.12/spring-boot-starter-jdbc-2.7.12.pom
2025-11-25 17:26:56,932 [Worker-45: Importing Maven projects] INFO  o.e.m.c.i.e.AbstractTransferListenerAdapter - Downloaded https://repo.maven.apache.org/maven2/com/zaxxer/HikariCP/4.0.3/HikariCP-4.0.3.pom
2025-11-25 17:26:57,038 [Worker-45: Importing Maven projects] INFO  o.e.m.c.i.e.AbstractTransferListenerAdapter - Downloaded https://repo.maven.apache.org/maven2/org/springframework/spring-jdbc/5.3.27/spring-jdbc-5.3.27.pom
2025-11-25 17:26:57,144 [Worker-45: Importing Maven projects] INFO  o.e.m.c.i.e.AbstractTransferListenerAdapter - Downloaded https://repo.maven.apache.org/maven2/org/springframework/spring-tx/5.3.27/spring-tx-5.3.27.pom
2025-11-25 17:26:57,242 [Worker-45: Importing Maven projects] INFO  o.e.m.c.i.e.AbstractTransferListenerAdapter - Downloaded https://repo.maven.apache.org/maven2/jakarta/transaction/jakarta.transaction-api/1.3.3/jakarta.transaction-api-1.3.3.pom
2025-11-25 17:26:57,366 [Worker-45: Importing Maven projects] INFO  o.e.m.c.i.e.AbstractTransferListenerAdapter - Downloaded https://repo.maven.apache.org/maven2/org/hibernate/hibernate-core/5.6.15.Final/hibernate-core-5.6.15.Final.pom
2025-11-25 17:26:57,478 [Worker-45: Importing Maven projects] INFO  o.e.m.c.i.e.AbstractTransferListenerAdapter - Downloaded https://repo.maven.apache.org/maven2/org/jboss/logging/jboss-logging/3.4.3.Final/jboss-logging-3.4.3.Final.pom
2025-11-25 17:26:57,591 [Worker-45: Importing Maven projects] INFO  o.e.m.c.i.e.AbstractTransferListenerAdapter - Downloaded https://repo.maven.apache.org/maven2/net/bytebuddy/byte-buddy/1.12.23/byte-buddy-1.12.23.pom
2025-11-25 17:26:57,769 [Worker-45: Importing Maven projects] INFO  o.e.m.c.i.e.AbstractTransferListenerAdapter - Downloaded https://repo.maven.apache.org/maven2/net/bytebuddy/byte-buddy-parent/1.12.23/byte-buddy-parent-1.12.23.pom
2025-11-25 17:26:57,914 [Worker-45: Importing Maven projects] INFO  o.e.m.c.i.e.AbstractTransferListenerAdapter - Downloaded https://repo.maven.apache.org/maven2/org/hibernate/common/hibernate-commons-annotations/5.1.2.Final/hibernate-commons-annotations-5.1.2.Final.pom
2025-11-25 17:26:58,005 [Worker-45: Importing Maven projects] INFO  o.e.m.c.i.e.AbstractTransferListenerAdapter - Downloaded https://repo.maven.apache.org/maven2/org/glassfish/jaxb/jaxb-runtime/2.3.8/jaxb-runtime-2.3.8.pom
2025-11-25 17:26:58,104 [Worker-45: Importing Maven projects] INFO  o.e.m.c.i.e.AbstractTransferListenerAdapter - Downloaded https://repo.maven.apache.org/maven2/com/sun/xml/bind/mvn/jaxb-runtime-parent/2.3.8/jaxb-runtime-parent-2.3.8.pom
2025-11-25 17:26:58,215 [Worker-45: Importing Maven projects] INFO  o.e.m.c.i.e.AbstractTransferListenerAdapter - Downloaded https://repo.maven.apache.org/maven2/com/sun/xml/bind/mvn/jaxb-parent/2.3.8/jaxb-parent-2.3.8.pom
2025-11-25 17:26:58,341 [Worker-45: Importing Maven projects] INFO  o.e.m.c.i.e.AbstractTransferListenerAdapter - Downloaded https://repo.maven.apache.org/maven2/com/sun/xml/bind/jaxb-bom-ext/2.3.8/jaxb-bom-ext-2.3.8.pom
2025-11-25 17:26:58,461 [Worker-45: Importing Maven projects] INFO  o.e.m.c.i.e.AbstractTransferListenerAdapter - Downloaded https://repo.maven.apache.org/maven2/org/glassfish/jaxb/jaxb-bom/2.3.8/jaxb-bom-2.3.8.pom
2025-11-25 17:26:58,570 [Worker-45: Importing Maven projects] INFO  o.e.m.c.i.e.AbstractTransferListenerAdapter - Downloaded https://repo.maven.apache.org/maven2/jakarta/xml/bind/jakarta.xml.bind-api/2.3.3/jakarta.xml.bind-api-2.3.3.pom
2025-11-25 17:26:58,682 [Worker-45: Importing Maven projects] INFO  o.e.m.c.i.e.AbstractTransferListenerAdapter - Downloaded https://repo.maven.apache.org/maven2/jakarta/xml/bind/jakarta.xml.bind-api-parent/2.3.3/jakarta.xml.bind-api-parent-2.3.3.pom
2025-11-25 17:26:58,802 [Worker-45: Importing Maven projects] INFO  o.e.m.c.i.e.AbstractTransferListenerAdapter - Downloaded https://repo.maven.apache.org/maven2/org/glassfish/jaxb/txw2/2.3.8/txw2-2.3.8.pom
2025-11-25 17:26:58,915 [Worker-45: Importing Maven projects] INFO  o.e.m.c.i.e.AbstractTransferListenerAdapter - Downloaded https://repo.maven.apache.org/maven2/com/sun/xml/bind/mvn/jaxb-txw-parent/2.3.8/jaxb-txw-parent-2.3.8.pom
2025-11-25 17:26:59,034 [Worker-45: Importing Maven projects] INFO  o.e.m.c.i.e.AbstractTransferListenerAdapter - Downloaded https://repo.maven.apache.org/maven2/com/sun/istack/istack-commons-runtime/3.0.12/istack-commons-runtime-3.0.12.pom
2025-11-25 17:26:59,167 [Worker-45: Importing Maven projects] INFO  o.e.m.c.i.e.AbstractTransferListenerAdapter - Downloaded https://repo.maven.apache.org/maven2/com/sun/istack/istack-commons/3.0.12/istack-commons-3.0.12.pom
2025-11-25 17:26:59,299 [Worker-45: Importing Maven projects] INFO  o.e.m.c.i.e.AbstractTransferListenerAdapter - Downloaded https://repo.maven.apache.org/maven2/com/sun/activation/jakarta.activation/1.2.2/jakarta.activation-1.2.2.pom
2025-11-25 17:26:59,462 [Worker-45: Importing Maven projects] INFO  o.e.m.c.i.e.AbstractTransferListenerAdapter - Downloaded https://repo.maven.apache.org/maven2/com/sun/activation/all/1.2.2/all-1.2.2.pom
2025-11-25 17:26:59,914 [Worker-45: Importing Maven projects] INFO  o.e.m.c.i.e.AbstractTransferListenerAdapter - Downloaded https://repo.maven.apache.org/maven2/org/springframework/data/spring-data-jpa/2.7.12/spring-data-jpa-2.7.12.pom
2025-11-25 17:27:00,032 [Worker-45: Importing Maven projects] INFO  o.e.m.c.i.e.AbstractTransferListenerAdapter - Downloaded https://repo.maven.apache.org/maven2/org/springframework/data/build/spring-data-parent/2.7.12/spring-data-parent-2.7.12.pom
2025-11-25 17:27:00,156 [Worker-45: Importing Maven projects] INFO  o.e.m.c.i.e.AbstractTransferListenerAdapter - Downloaded https://repo.maven.apache.org/maven2/org/springframework/data/build/spring-data-build/2.7.12/spring-data-build-2.7.12.pom
2025-11-25 17:27:00,268 [Worker-45: Importing Maven projects] INFO  o.e.m.c.i.e.AbstractTransferListenerAdapter - Downloaded https://repo.maven.apache.org/maven2/org/testcontainers/testcontainers-bom/1.17.6/testcontainers-bom-1.17.6.pom
2025-11-25 17:27:00,481 [Worker-45: Importing Maven projects] INFO  o.e.m.c.i.e.AbstractTransferListenerAdapter - Downloaded https://repo.maven.apache.org/maven2/org/springframework/data/spring-data-commons/2.7.12/spring-data-commons-2.7.12.pom
2025-11-25 17:27:00,593 [Worker-45: Importing Maven projects] INFO  o.e.m.c.i.e.AbstractTransferListenerAdapter - Downloaded https://repo.maven.apache.org/maven2/org/springframework/spring-orm/5.3.27/spring-orm-5.3.27.pom
2025-11-25 17:27:00,713 [Worker-45: Importing Maven projects] INFO  o.e.m.c.i.e.AbstractTransferListenerAdapter - Downloaded https://repo.maven.apache.org/maven2/org/springframework/spring-aspects/5.3.27/spring-aspects-5.3.27.pom
2025-11-25 17:27:00,822 [Worker-45: Importing Maven projects] INFO  o.e.m.c.i.e.AbstractTransferListenerAdapter - Downloaded https://repo.maven.apache.org/maven2/org/springframework/boot/spring-boot-starter-security/2.7.12/spring-boot-starter-security-2.7.12.pom
2025-11-25 17:27:00,933 [Worker-45: Importing Maven projects] INFO  o.e.m.c.i.e.AbstractTransferListenerAdapter - Downloaded https://repo.maven.apache.org/maven2/org/springframework/security/spring-security-config/5.7.8/spring-security-config-5.7.8.pom
2025-11-25 17:27:01,058 [Worker-45: Importing Maven projects] INFO  o.e.m.c.i.e.AbstractTransferListenerAdapter - Downloaded https://repo.maven.apache.org/maven2/org/springframework/security/spring-security-core/5.7.8/spring-security-core-5.7.8.pom
2025-11-25 17:27:01,182 [Worker-45: Importing Maven projects] INFO  o.e.m.c.i.e.AbstractTransferListenerAdapter - Downloaded https://repo.maven.apache.org/maven2/org/springframework/security/spring-security-crypto/5.7.8/spring-security-crypto-5.7.8.pom
2025-11-25 17:27:01,548 [Worker-45: Importing Maven projects] INFO  o.e.m.c.i.e.AbstractTransferListenerAdapter - Downloaded https://repo.maven.apache.org/maven2/org/springframework/security/spring-security-web/5.7.8/spring-security-web-5.7.8.pom
2025-11-25 17:27:01,683 [Worker-45: Importing Maven projects] INFO  o.e.m.c.i.e.AbstractTransferListenerAdapter - Downloaded https://repo.maven.apache.org/maven2/org/mariadb/jdbc/mariadb-java-client/3.1.4/mariadb-java-client-3.1.4.pom
2025-11-25 17:27:01,829 [Worker-45: Importing Maven projects] INFO  o.e.m.c.i.e.AbstractTransferListenerAdapter - Downloaded https://repo.maven.apache.org/maven2/software/amazon/awssdk/bom/2.18.10/bom-2.18.10.pom
2025-11-25 17:27:01,949 [Worker-45: Importing Maven projects] INFO  o.e.m.c.i.e.AbstractTransferListenerAdapter - Downloaded https://repo.maven.apache.org/maven2/software/amazon/awssdk/aws-sdk-java-pom/2.18.10/aws-sdk-java-pom-2.18.10.pom
2025-11-25 17:27:02,112 [Worker-45: Importing Maven projects] INFO  o.e.m.c.i.e.AbstractTransferListenerAdapter - Downloaded https://repo.maven.apache.org/maven2/com/github/waffle/waffle-jna/3.2.0/waffle-jna-3.2.0.pom
2025-11-25 17:27:02,243 [Worker-45: Importing Maven projects] INFO  o.e.m.c.i.e.AbstractTransferListenerAdapter - Downloaded https://repo.maven.apache.org/maven2/com/github/waffle/waffle-parent/3.2.0/waffle-parent-3.2.0.pom
2025-11-25 17:27:02,360 [Worker-45: Importing Maven projects] INFO  o.e.m.c.i.e.AbstractTransferListenerAdapter - Downloaded https://repo.maven.apache.org/maven2/net/java/dev/jna/jna/5.12.1/jna-5.12.1.pom
2025-11-25 17:27:02,465 [Worker-45: Importing Maven projects] INFO  o.e.m.c.i.e.AbstractTransferListenerAdapter - Downloaded https://repo.maven.apache.org/maven2/net/java/dev/jna/jna-platform/5.12.1/jna-platform-5.12.1.pom
2025-11-25 17:27:02,587 [Worker-45: Importing Maven projects] INFO  o.e.m.c.i.e.AbstractTransferListenerAdapter - Downloaded https://repo.maven.apache.org/maven2/org/slf4j/jcl-over-slf4j/1.7.36/jcl-over-slf4j-1.7.36.pom
2025-11-25 17:27:02,719 [Worker-45: Importing Maven projects] INFO  o.e.m.c.i.e.AbstractTransferListenerAdapter - Downloaded https://repo.maven.apache.org/maven2/com/github/ben-manes/caffeine/caffeine/2.9.3/caffeine-2.9.3.pom
2025-11-25 17:27:02,852 [Worker-45: Importing Maven projects] INFO  o.e.m.c.i.e.AbstractTransferListenerAdapter - Downloaded https://repo.maven.apache.org/maven2/org/checkerframework/checker-qual/3.19.0/checker-qual-3.19.0.pom
2025-11-25 17:27:02,978 [Worker-45: Importing Maven projects] INFO  o.e.m.c.i.e.AbstractTransferListenerAdapter - Downloaded https://repo.maven.apache.org/maven2/com/google/errorprone/error_prone_annotations/2.10.0/error_prone_annotations-2.10.0.pom
2025-11-25 17:27:03,099 [Worker-45: Importing Maven projects] INFO  o.e.m.c.i.e.AbstractTransferListenerAdapter - Downloaded https://repo.maven.apache.org/maven2/com/google/errorprone/error_prone_parent/2.10.0/error_prone_parent-2.10.0.pom
2025-11-25 17:27:03,233 [Worker-45: Importing Maven projects] INFO  o.e.m.c.i.e.AbstractTransferListenerAdapter - Downloaded https://repo.maven.apache.org/maven2/org/checkerframework/checker-qual/3.23.0/checker-qual-3.23.0.pom
2025-11-25 17:27:03,395 [Worker-45: Importing Maven projects] INFO  o.e.m.c.i.e.AbstractTransferListenerAdapter - Downloaded https://repo.maven.apache.org/maven2/org/projectlombok/lombok/1.18.26/lombok-1.18.26.pom
2025-11-25 17:27:03,503 [Worker-45: Importing Maven projects] INFO  o.e.m.c.i.e.AbstractTransferListenerAdapter - Downloaded https://repo.maven.apache.org/maven2/org/springdoc/springdoc-openapi-ui/1.6.14/springdoc-openapi-ui-1.6.14.pom
2025-11-25 17:27:03,629 [Worker-45: Importing Maven projects] INFO  o.e.m.c.i.e.AbstractTransferListenerAdapter - Downloaded https://repo.maven.apache.org/maven2/org/springdoc/springdoc-openapi/1.6.14/springdoc-openapi-1.6.14.pom
2025-11-25 17:27:03,758 [Worker-45: Importing Maven projects] INFO  o.e.m.c.i.e.AbstractTransferListenerAdapter - Downloaded https://repo.maven.apache.org/maven2/org/springframework/boot/spring-boot-starter-parent/2.7.6/spring-boot-starter-parent-2.7.6.pom
2025-11-25 17:27:03,899 [Worker-45: Importing Maven projects] INFO  o.e.m.c.i.e.AbstractTransferListenerAdapter - Downloaded https://repo.maven.apache.org/maven2/org/springframework/boot/spring-boot-dependencies/2.7.6/spring-boot-dependencies-2.7.6.pom
2025-11-25 17:27:04,065 [Worker-45: Importing Maven projects] INFO  o.e.m.c.i.e.AbstractTransferListenerAdapter - Downloaded https://repo.maven.apache.org/maven2/org/codehaus/groovy/groovy-bom/3.0.13/groovy-bom-3.0.13.pom
2025-11-25 17:27:04,210 [Worker-45: Importing Maven projects] INFO  o.e.m.c.i.e.AbstractTransferListenerAdapter - Downloaded https://repo.maven.apache.org/maven2/org/infinispan/infinispan-bom/13.0.12.Final/infinispan-bom-13.0.12.Final.pom
2025-11-25 17:27:04,351 [Worker-45: Importing Maven projects] INFO  o.e.m.c.i.e.AbstractTransferListenerAdapter - Downloaded https://repo.maven.apache.org/maven2/org/infinispan/infinispan-build-configuration-parent/13.0.12.Final/infinispan-build-configuration-parent-13.0.12.Final.pom
2025-11-25 17:27:04,513 [Worker-45: Importing Maven projects] INFO  o.e.m.c.i.e.AbstractTransferListenerAdapter - Downloaded https://repo.maven.apache.org/maven2/com/fasterxml/jackson/jackson-bom/2.13.4.20221013/jackson-bom-2.13.4.20221013.pom
2025-11-25 17:27:04,659 [Worker-45: Importing Maven projects] INFO  o.e.m.c.i.e.AbstractTransferListenerAdapter - Downloaded https://repo.maven.apache.org/maven2/org/eclipse/jetty/jetty-bom/9.4.49.v20220914/jetty-bom-9.4.49.v20220914.pom
2025-11-25 17:27:04,785 [Worker-45: Importing Maven projects] INFO  o.e.m.c.i.e.AbstractTransferListenerAdapter - Downloaded https://repo.maven.apache.org/maven2/io/micrometer/micrometer-bom/1.9.6/micrometer-bom-1.9.6.pom
2025-11-25 17:27:04,989 [Worker-45: Importing Maven projects] INFO  o.e.m.c.i.e.AbstractTransferListenerAdapter - Downloaded https://repo.maven.apache.org/maven2/io/projectreactor/reactor-bom/2020.0.25/reactor-bom-2020.0.25.pom
2025-11-25 17:27:05,121 [Worker-45: Importing Maven projects] INFO  o.e.m.c.i.e.AbstractTransferListenerAdapter - Downloaded https://repo.maven.apache.org/maven2/org/springframework/data/spring-data-bom/2021.2.6/spring-data-bom-2021.2.6.pom
2025-11-25 17:27:05,260 [Worker-45: Importing Maven projects] INFO  o.e.m.c.i.e.AbstractTransferListenerAdapter - Downloaded https://repo.maven.apache.org/maven2/org/springframework/integration/spring-integration-bom/5.5.15/spring-integration-bom-5.5.15.pom
2025-11-25 17:27:05,386 [Worker-45: Importing Maven projects] INFO  o.e.m.c.i.e.AbstractTransferListenerAdapter - Downloaded https://repo.maven.apache.org/maven2/org/springframework/security/spring-security-bom/5.7.5/spring-security-bom-5.7.5.pom
2025-11-25 17:27:05,521 [Worker-45: Importing Maven projects] INFO  o.e.m.c.i.e.AbstractTransferListenerAdapter - Downloaded https://repo.maven.apache.org/maven2/org/springframework/session/spring-session-bom/2021.2.0/spring-session-bom-2021.2.0.pom
2025-11-25 17:27:05,649 [Worker-45: Importing Maven projects] INFO  o.e.m.c.i.e.AbstractTransferListenerAdapter - Downloaded https://repo.maven.apache.org/maven2/org/springdoc/springdoc-openapi-webmvc-core/1.6.14/springdoc-openapi-webmvc-core-1.6.14.pom
2025-11-25 17:27:05,776 [Worker-45: Importing Maven projects] INFO  o.e.m.c.i.e.AbstractTransferListenerAdapter - Downloaded https://repo.maven.apache.org/maven2/org/springdoc/springdoc-openapi-common/1.6.14/springdoc-openapi-common-1.6.14.pom
2025-11-25 17:27:05,919 [Worker-45: Importing Maven projects] INFO  o.e.m.c.i.e.AbstractTransferListenerAdapter - Downloaded https://repo.maven.apache.org/maven2/io/swagger/core/v3/swagger-core/2.2.7/swagger-core-2.2.7.pom
2025-11-25 17:27:06,053 [Worker-45: Importing Maven projects] INFO  o.e.m.c.i.e.AbstractTransferListenerAdapter - Downloaded https://repo.maven.apache.org/maven2/io/swagger/core/v3/swagger-project/2.2.7/swagger-project-2.2.7.pom
2025-11-25 17:27:06,178 [Worker-45: Importing Maven projects] INFO  o.e.m.c.i.e.AbstractTransferListenerAdapter - Downloaded https://repo.maven.apache.org/maven2/jakarta/activation/jakarta.activation-api/1.2.2/jakarta.activation-api-1.2.2.pom
2025-11-25 17:27:06,320 [Worker-45: Importing Maven projects] INFO  o.e.m.c.i.e.AbstractTransferListenerAdapter - Downloaded https://repo.maven.apache.org/maven2/com/fasterxml/jackson/dataformat/jackson-dataformat-yaml/2.13.5/jackson-dataformat-yaml-2.13.5.pom
2025-11-25 17:27:06,455 [Worker-45: Importing Maven projects] INFO  o.e.m.c.i.e.AbstractTransferListenerAdapter - Downloaded https://repo.maven.apache.org/maven2/com/fasterxml/jackson/dataformat/jackson-dataformats-text/2.13.5/jackson-dataformats-text-2.13.5.pom
2025-11-25 17:27:06,565 [Worker-45: Importing Maven projects] INFO  o.e.m.c.i.e.AbstractTransferListenerAdapter - Downloaded https://repo.maven.apache.org/maven2/io/swagger/core/v3/swagger-annotations/2.2.7/swagger-annotations-2.2.7.pom
2025-11-25 17:27:06,689 [Worker-45: Importing Maven projects] INFO  o.e.m.c.i.e.AbstractTransferListenerAdapter - Downloaded https://repo.maven.apache.org/maven2/io/swagger/core/v3/swagger-models/2.2.7/swagger-models-2.2.7.pom
2025-11-25 17:27:06,824 [Worker-45: Importing Maven projects] INFO  o.e.m.c.i.e.AbstractTransferListenerAdapter - Downloaded https://repo.maven.apache.org/maven2/jakarta/validation/jakarta.validation-api/2.0.2/jakarta.validation-api-2.0.2.pom
2025-11-25 17:27:06,943 [Worker-45: Importing Maven projects] INFO  o.e.m.c.i.e.AbstractTransferListenerAdapter - Downloaded https://repo.maven.apache.org/maven2/org/webjars/swagger-ui/4.15.5/swagger-ui-4.15.5.pom
2025-11-25 17:27:07,045 [Worker-45: Importing Maven projects] INFO  o.e.m.c.i.e.AbstractTransferListenerAdapter - Downloaded https://repo.maven.apache.org/maven2/org/webjars/webjars-locator-core/0.50/webjars-locator-core-0.50.pom
2025-11-25 17:27:07,158 [Worker-45: Importing Maven projects] INFO  o.e.m.c.i.e.AbstractTransferListenerAdapter - Downloaded https://repo.maven.apache.org/maven2/io/github/classgraph/classgraph/4.8.149/classgraph-4.8.149.pom
2025-11-25 17:27:07,284 [Worker-45: Importing Maven projects] INFO  o.e.m.c.i.e.AbstractTransferListenerAdapter - Downloaded https://repo.maven.apache.org/maven2/com/h2database/h2/2.1.214/h2-2.1.214.pom
2025-11-25 17:27:07,390 [Worker-45: Importing Maven projects] INFO  o.e.m.c.i.e.AbstractTransferListenerAdapter - Downloaded https://repo.maven.apache.org/maven2/org/springframework/boot/spring-boot-starter-test/2.7.12/spring-boot-starter-test-2.7.12.pom
2025-11-25 17:27:07,504 [Worker-45: Importing Maven projects] INFO  o.e.m.c.i.e.AbstractTransferListenerAdapter - Downloaded https://repo.maven.apache.org/maven2/org/springframework/boot/spring-boot-test/2.7.12/spring-boot-test-2.7.12.pom
2025-11-25 17:27:07,674 [Worker-45: Importing Maven projects] INFO  o.e.m.c.i.e.AbstractTransferListenerAdapter - Downloaded https://repo.maven.apache.org/maven2/org/springframework/boot/spring-boot-test-autoconfigure/2.7.12/spring-boot-test-autoconfigure-2.7.12.pom
2025-11-25 17:27:07,787 [Worker-45: Importing Maven projects] INFO  o.e.m.c.i.e.AbstractTransferListenerAdapter - Downloaded https://repo.maven.apache.org/maven2/com/jayway/jsonpath/json-path/2.7.0/json-path-2.7.0.pom
2025-11-25 17:27:07,895 [Worker-45: Importing Maven projects] INFO  o.e.m.c.i.e.AbstractTransferListenerAdapter - Downloaded https://repo.maven.apache.org/maven2/net/minidev/json-smart/2.4.11/json-smart-2.4.11.pom
2025-11-25 17:27:08,015 [Worker-45: Importing Maven projects] INFO  o.e.m.c.i.e.AbstractTransferListenerAdapter - Downloaded https://repo.maven.apache.org/maven2/net/minidev/accessors-smart/2.4.11/accessors-smart-2.4.11.pom
2025-11-25 17:27:08,129 [Worker-45: Importing Maven projects] INFO  o.e.m.c.i.e.AbstractTransferListenerAdapter - Downloaded https://repo.maven.apache.org/maven2/org/assertj/assertj-core/3.22.0/assertj-core-3.22.0.pom
2025-11-25 17:27:08,236 [Worker-45: Importing Maven projects] INFO  o.e.m.c.i.e.AbstractTransferListenerAdapter - Downloaded https://repo.maven.apache.org/maven2/org/assertj/assertj-parent-pom/2.2.14/assertj-parent-pom-2.2.14.pom
2025-11-25 17:27:08,344 [Worker-45: Importing Maven projects] INFO  o.e.m.c.i.e.AbstractTransferListenerAdapter - Downloaded https://repo.maven.apache.org/maven2/org/junit/jupiter/junit-jupiter/5.8.2/junit-jupiter-5.8.2.pom
2025-11-25 17:27:08,463 [Worker-45: Importing Maven projects] INFO  o.e.m.c.i.e.AbstractTransferListenerAdapter - Downloaded https://repo.maven.apache.org/maven2/org/junit/jupiter/junit-jupiter-api/5.8.2/junit-jupiter-api-5.8.2.pom
2025-11-25 17:27:08,571 [Worker-45: Importing Maven projects] INFO  o.e.m.c.i.e.AbstractTransferListenerAdapter - Downloaded https://repo.maven.apache.org/maven2/org/junit/platform/junit-platform-commons/1.8.2/junit-platform-commons-1.8.2.pom
2025-11-25 17:27:08,927 [Worker-45: Importing Maven projects] INFO  o.e.m.c.i.e.AbstractTransferListenerAdapter - Downloaded https://repo.maven.apache.org/maven2/org/junit/jupiter/junit-jupiter-params/5.8.2/junit-jupiter-params-5.8.2.pom
2025-11-25 17:27:09,047 [Worker-45: Importing Maven projects] INFO  o.e.m.c.i.e.AbstractTransferListenerAdapter - Downloaded https://repo.maven.apache.org/maven2/org/junit/jupiter/junit-jupiter-engine/5.8.2/junit-jupiter-engine-5.8.2.pom
2025-11-25 17:27:09,160 [Worker-45: Importing Maven projects] INFO  o.e.m.c.i.e.AbstractTransferListenerAdapter - Downloaded https://repo.maven.apache.org/maven2/org/junit/platform/junit-platform-engine/1.8.2/junit-platform-engine-1.8.2.pom
2025-11-25 17:27:09,287 [Worker-45: Importing Maven projects] INFO  o.e.m.c.i.e.AbstractTransferListenerAdapter - Downloaded https://repo.maven.apache.org/maven2/org/mockito/mockito-core/4.5.1/mockito-core-4.5.1.pom
2025-11-25 17:27:09,401 [Worker-45: Importing Maven projects] INFO  o.e.m.c.i.e.AbstractTransferListenerAdapter - Downloaded https://repo.maven.apache.org/maven2/net/bytebuddy/byte-buddy-agent/1.12.23/byte-buddy-agent-1.12.23.pom
2025-11-25 17:27:09,533 [Worker-45: Importing Maven projects] INFO  o.e.m.c.i.e.AbstractTransferListenerAdapter - Downloaded https://repo.maven.apache.org/maven2/org/objenesis/objenesis/3.2/objenesis-3.2.pom
2025-11-25 17:27:09,634 [Worker-45: Importing Maven projects] INFO  o.e.m.c.i.e.AbstractTransferListenerAdapter - Downloaded https://repo.maven.apache.org/maven2/org/objenesis/objenesis-parent/3.2/objenesis-parent-3.2.pom
2025-11-25 17:27:09,740 [Worker-45: Importing Maven projects] INFO  o.e.m.c.i.e.AbstractTransferListenerAdapter - Downloaded https://repo.maven.apache.org/maven2/org/mockito/mockito-junit-jupiter/4.5.1/mockito-junit-jupiter-4.5.1.pom
2025-11-25 17:27:09,877 [Worker-45: Importing Maven projects] INFO  o.e.m.c.i.e.AbstractTransferListenerAdapter - Downloaded https://repo.maven.apache.org/maven2/org/springframework/spring-test/5.3.27/spring-test-5.3.27.pom
2025-11-25 17:27:10,549 [Worker-45: Importing Maven projects] INFO  o.e.m.c.i.e.AbstractTransferListenerAdapter - Downloading https://repo.maven.apache.org/maven2/org/springframework/boot/spring-boot-starter-web/2.7.12/spring-boot-starter-web-2.7.12.jar
2025-11-25 17:27:10,617 [Worker-45: Importing Maven projects] INFO  o.e.m.c.i.e.AbstractTransferListenerAdapter - Downloaded https://repo.maven.apache.org/maven2/org/springframework/boot/spring-boot-starter-web/2.7.12/spring-boot-starter-web-2.7.12.jar
2025-11-25 17:27:10,675 [Worker-45: Importing Maven projects] INFO  o.e.m.c.i.e.AbstractTransferListenerAdapter - Downloading https://repo.maven.apache.org/maven2/org/springframework/boot/spring-boot-starter/2.7.12/spring-boot-starter-2.7.12.jar
2025-11-25 17:27:10,794 [Worker-45: Importing Maven projects] INFO  o.e.m.c.i.e.AbstractTransferListenerAdapter - Downloaded https://repo.maven.apache.org/maven2/org/springframework/boot/spring-boot-starter/2.7.12/spring-boot-starter-2.7.12.jar
2025-11-25 17:27:10,830 [Worker-45: Importing Maven projects] INFO  o.e.m.c.i.e.AbstractTransferListenerAdapter - Downloading https://repo.maven.apache.org/maven2/org/springframework/boot/spring-boot/2.7.12/spring-boot-2.7.12.jar
2025-11-25 17:27:11,002 [Worker-45: Importing Maven projects] INFO  o.e.m.c.i.e.AbstractTransferListenerAdapter - Downloaded https://repo.maven.apache.org/maven2/org/springframework/boot/spring-boot/2.7.12/spring-boot-2.7.12.jar
2025-11-25 17:27:11,045 [Worker-45: Importing Maven projects] INFO  o.e.m.c.i.e.AbstractTransferListenerAdapter - Downloading https://repo.maven.apache.org/maven2/org/springframework/boot/spring-boot-autoconfigure/2.7.12/spring-boot-autoconfigure-2.7.12.jar
2025-11-25 17:27:11,365 [Worker-45: Importing Maven projects] INFO  o.e.m.c.i.e.AbstractTransferListenerAdapter - Downloaded https://repo.maven.apache.org/maven2/org/springframework/boot/spring-boot-autoconfigure/2.7.12/spring-boot-autoconfigure-2.7.12.jar
2025-11-25 17:27:11,401 [Worker-45: Importing Maven projects] INFO  o.e.m.c.i.e.AbstractTransferListenerAdapter - Downloading https://repo.maven.apache.org/maven2/org/springframework/boot/spring-boot-starter-logging/2.7.12/spring-boot-starter-logging-2.7.12.jar
2025-11-25 17:27:11,469 [Worker-45: Importing Maven projects] INFO  o.e.m.c.i.e.AbstractTransferListenerAdapter - Downloaded https://repo.maven.apache.org/maven2/org/springframework/boot/spring-boot-starter-logging/2.7.12/spring-boot-starter-logging-2.7.12.jar
2025-11-25 17:27:11,501 [Worker-45: Importing Maven projects] INFO  o.e.m.c.i.e.AbstractTransferListenerAdapter - Downloading https://repo.maven.apache.org/maven2/ch/qos/logback/logback-classic/1.2.12/logback-classic-1.2.12.jar
2025-11-25 17:27:11,615 [Worker-45: Importing Maven projects] INFO  o.e.m.c.i.e.AbstractTransferListenerAdapter - Downloaded https://repo.maven.apache.org/maven2/ch/qos/logback/logback-classic/1.2.12/logback-classic-1.2.12.jar
2025-11-25 17:27:11,653 [Worker-45: Importing Maven projects] INFO  o.e.m.c.i.e.AbstractTransferListenerAdapter - Downloading https://repo.maven.apache.org/maven2/ch/qos/logback/logback-core/1.2.12/logback-core-1.2.12.jar
2025-11-25 17:27:11,757 [Worker-45: Importing Maven projects] INFO  o.e.m.c.i.e.AbstractTransferListenerAdapter - Downloaded https://repo.maven.apache.org/maven2/ch/qos/logback/logback-core/1.2.12/logback-core-1.2.12.jar
2025-11-25 17:27:11,787 [Worker-45: Importing Maven projects] INFO  o.e.m.c.i.e.AbstractTransferListenerAdapter - Downloading https://repo.maven.apache.org/maven2/org/apache/logging/log4j/log4j-to-slf4j/2.17.2/log4j-to-slf4j-2.17.2.jar
2025-11-25 17:27:11,835 [Worker-45: Importing Maven projects] INFO  o.e.m.c.i.e.AbstractTransferListenerAdapter - Downloaded https://repo.maven.apache.org/maven2/org/apache/logging/log4j/log4j-to-slf4j/2.17.2/log4j-to-slf4j-2.17.2.jar
2025-11-25 17:27:11,866 [Worker-45: Importing Maven projects] INFO  o.e.m.c.i.e.AbstractTransferListenerAdapter - Downloading https://repo.maven.apache.org/maven2/org/apache/logging/log4j/log4j-api/2.17.2/log4j-api-2.17.2.jar
2025-11-25 17:27:11,945 [Worker-45: Importing Maven projects] INFO  o.e.m.c.i.e.AbstractTransferListenerAdapter - Downloaded https://repo.maven.apache.org/maven2/org/apache/logging/log4j/log4j-api/2.17.2/log4j-api-2.17.2.jar
2025-11-25 17:27:11,976 [Worker-45: Importing Maven projects] INFO  o.e.m.c.i.e.AbstractTransferListenerAdapter - Downloading https://repo.maven.apache.org/maven2/org/slf4j/jul-to-slf4j/1.7.36/jul-to-slf4j-1.7.36.jar
2025-11-25 17:27:12,019 [Worker-45: Importing Maven projects] INFO  o.e.m.c.i.e.AbstractTransferListenerAdapter - Downloaded https://repo.maven.apache.org/maven2/org/slf4j/jul-to-slf4j/1.7.36/jul-to-slf4j-1.7.36.jar
2025-11-25 17:27:12,049 [Worker-45: Importing Maven projects] INFO  o.e.m.c.i.e.AbstractTransferListenerAdapter - Downloading https://repo.maven.apache.org/maven2/jakarta/annotation/jakarta.annotation-api/1.3.5/jakarta.annotation-api-1.3.5.jar
2025-11-25 17:27:12,129 [Worker-45: Importing Maven projects] INFO  o.e.m.c.i.e.AbstractTransferListenerAdapter - Downloaded https://repo.maven.apache.org/maven2/jakarta/annotation/jakarta.annotation-api/1.3.5/jakarta.annotation-api-1.3.5.jar
2025-11-25 17:27:12,167 [Worker-45: Importing Maven projects] INFO  o.e.m.c.i.e.AbstractTransferListenerAdapter - Downloading https://repo.maven.apache.org/maven2/org/yaml/snakeyaml/1.30/snakeyaml-1.30.jar
2025-11-25 17:27:12,254 [Worker-45: Importing Maven projects] INFO  o.e.m.c.i.e.AbstractTransferListenerAdapter - Downloaded https://repo.maven.apache.org/maven2/org/yaml/snakeyaml/1.30/snakeyaml-1.30.jar
2025-11-25 17:27:12,298 [Worker-45: Importing Maven projects] INFO  o.e.m.c.i.e.AbstractTransferListenerAdapter - Downloading https://repo.maven.apache.org/maven2/org/springframework/boot/spring-boot-starter-json/2.7.12/spring-boot-starter-json-2.7.12.jar
2025-11-25 17:27:12,358 [Worker-45: Importing Maven projects] INFO  o.e.m.c.i.e.AbstractTransferListenerAdapter - Downloaded https://repo.maven.apache.org/maven2/org/springframework/boot/spring-boot-starter-json/2.7.12/spring-boot-starter-json-2.7.12.jar
2025-11-25 17:27:12,409 [Worker-45: Importing Maven projects] INFO  o.e.m.c.i.e.AbstractTransferListenerAdapter - Downloading https://repo.maven.apache.org/maven2/com/fasterxml/jackson/datatype/jackson-datatype-jdk8/2.13.5/jackson-datatype-jdk8-2.13.5.jar
2025-11-25 17:27:12,461 [Worker-45: Importing Maven projects] INFO  o.e.m.c.i.e.AbstractTransferListenerAdapter - Downloaded https://repo.maven.apache.org/maven2/com/fasterxml/jackson/datatype/jackson-datatype-jdk8/2.13.5/jackson-datatype-jdk8-2.13.5.jar
2025-11-25 17:27:12,492 [Worker-45: Importing Maven projects] INFO  o.e.m.c.i.e.AbstractTransferListenerAdapter - Downloading https://repo.maven.apache.org/maven2/com/fasterxml/jackson/datatype/jackson-datatype-jsr310/2.13.5/jackson-datatype-jsr310-2.13.5.jar
2025-11-25 17:27:12,547 [Worker-45: Importing Maven projects] INFO  o.e.m.c.i.e.AbstractTransferListenerAdapter - Downloaded https://repo.maven.apache.org/maven2/com/fasterxml/jackson/datatype/jackson-datatype-jsr310/2.13.5/jackson-datatype-jsr310-2.13.5.jar
2025-11-25 17:27:12,580 [Worker-45: Importing Maven projects] INFO  o.e.m.c.i.e.AbstractTransferListenerAdapter - Downloading https://repo.maven.apache.org/maven2/com/fasterxml/jackson/module/jackson-module-parameter-names/2.13.5/jackson-module-parameter-names-2.13.5.jar
2025-11-25 17:27:12,629 [Worker-45: Importing Maven projects] INFO  o.e.m.c.i.e.AbstractTransferListenerAdapter - Downloaded https://repo.maven.apache.org/maven2/com/fasterxml/jackson/module/jackson-module-parameter-names/2.13.5/jackson-module-parameter-names-2.13.5.jar
2025-11-25 17:27:12,666 [Worker-45: Importing Maven projects] INFO  o.e.m.c.i.e.AbstractTransferListenerAdapter - Downloading https://repo.maven.apache.org/maven2/org/springframework/boot/spring-boot-starter-tomcat/2.7.12/spring-boot-starter-tomcat-2.7.12.jar
2025-11-25 17:27:12,719 [Worker-45: Importing Maven projects] INFO  o.e.m.c.i.e.AbstractTransferListenerAdapter - Downloaded https://repo.maven.apache.org/maven2/org/springframework/boot/spring-boot-starter-tomcat/2.7.12/spring-boot-starter-tomcat-2.7.12.jar
2025-11-25 17:27:12,752 [Worker-45: Importing Maven projects] INFO  o.e.m.c.i.e.AbstractTransferListenerAdapter - Downloading https://repo.maven.apache.org/maven2/org/apache/tomcat/embed/tomcat-embed-core/9.0.75/tomcat-embed-core-9.0.75.jar
2025-11-25 17:27:13,391 [Worker-45: Importing Maven projects] INFO  o.e.m.c.i.e.AbstractTransferListenerAdapter - Downloaded https://repo.maven.apache.org/maven2/org/apache/tomcat/embed/tomcat-embed-core/9.0.75/tomcat-embed-core-9.0.75.jar
2025-11-25 17:27:13,424 [Worker-45: Importing Maven projects] INFO  o.e.m.c.i.e.AbstractTransferListenerAdapter - Downloading https://repo.maven.apache.org/maven2/org/apache/tomcat/embed/tomcat-embed-el/9.0.75/tomcat-embed-el-9.0.75.jar
2025-11-25 17:27:13,492 [Worker-45: Importing Maven projects] INFO  o.e.m.c.i.e.AbstractTransferListenerAdapter - Downloaded https://repo.maven.apache.org/maven2/org/apache/tomcat/embed/tomcat-embed-el/9.0.75/tomcat-embed-el-9.0.75.jar
2025-11-25 17:27:13,532 [Worker-45: Importing Maven projects] INFO  o.e.m.c.i.e.AbstractTransferListenerAdapter - Downloading https://repo.maven.apache.org/maven2/org/apache/tomcat/embed/tomcat-embed-websocket/9.0.75/tomcat-embed-websocket-9.0.75.jar
2025-11-25 17:27:13,604 [Worker-45: Importing Maven projects] INFO  o.e.m.c.i.e.AbstractTransferListenerAdapter - Downloaded https://repo.maven.apache.org/maven2/org/apache/tomcat/embed/tomcat-embed-websocket/9.0.75/tomcat-embed-websocket-9.0.75.jar
2025-11-25 17:27:13,632 [Worker-45: Importing Maven projects] INFO  o.e.m.c.i.e.AbstractTransferListenerAdapter - Downloading https://repo.maven.apache.org/maven2/org/springframework/spring-web/5.3.27/spring-web-5.3.27.jar
2025-11-25 17:27:13,882 [Worker-45: Importing Maven projects] INFO  o.e.m.c.i.e.AbstractTransferListenerAdapter - Downloaded https://repo.maven.apache.org/maven2/org/springframework/spring-web/5.3.27/spring-web-5.3.27.jar
2025-11-25 17:27:13,914 [Worker-45: Importing Maven projects] INFO  o.e.m.c.i.e.AbstractTransferListenerAdapter - Downloading https://repo.maven.apache.org/maven2/org/springframework/spring-beans/5.3.27/spring-beans-5.3.27.jar
2025-11-25 17:27:14,060 [Worker-45: Importing Maven projects] INFO  o.e.m.c.i.e.AbstractTransferListenerAdapter - Downloaded https://repo.maven.apache.org/maven2/org/springframework/spring-beans/5.3.27/spring-beans-5.3.27.jar
2025-11-25 17:27:14,092 [Worker-45: Importing Maven projects] INFO  o.e.m.c.i.e.AbstractTransferListenerAdapter - Downloading https://repo.maven.apache.org/maven2/org/springframework/spring-webmvc/5.3.27/spring-webmvc-5.3.27.jar
2025-11-25 17:27:14,243 [Worker-45: Importing Maven projects] INFO  o.e.m.c.i.e.AbstractTransferListenerAdapter - Downloaded https://repo.maven.apache.org/maven2/org/springframework/spring-webmvc/5.3.27/spring-webmvc-5.3.27.jar
2025-11-25 17:27:14,277 [Worker-45: Importing Maven projects] INFO  o.e.m.c.i.e.AbstractTransferListenerAdapter - Downloading https://repo.maven.apache.org/maven2/org/springframework/spring-context/5.3.27/spring-context-5.3.27.jar
2025-11-25 17:27:14,490 [Worker-45: Importing Maven projects] INFO  o.e.m.c.i.e.AbstractTransferListenerAdapter - Downloaded https://repo.maven.apache.org/maven2/org/springframework/spring-context/5.3.27/spring-context-5.3.27.jar
2025-11-25 17:27:14,521 [Worker-45: Importing Maven projects] INFO  o.e.m.c.i.e.AbstractTransferListenerAdapter - Downloading https://repo.maven.apache.org/maven2/org/springframework/spring-expression/5.3.27/spring-expression-5.3.27.jar
2025-11-25 17:27:14,616 [Worker-45: Importing Maven projects] INFO  o.e.m.c.i.e.AbstractTransferListenerAdapter - Downloaded https://repo.maven.apache.org/maven2/org/springframework/spring-expression/5.3.27/spring-expression-5.3.27.jar
2025-11-25 17:27:14,645 [Worker-45: Importing Maven projects] INFO  o.e.m.c.i.e.AbstractTransferListenerAdapter - Downloading https://repo.maven.apache.org/maven2/org/springframework/boot/spring-boot-starter-data-jpa/2.7.12/spring-boot-starter-data-jpa-2.7.12.jar
2025-11-25 17:27:14,711 [Worker-45: Importing Maven projects] INFO  o.e.m.c.i.e.AbstractTransferListenerAdapter - Downloaded https://repo.maven.apache.org/maven2/org/springframework/boot/spring-boot-starter-data-jpa/2.7.12/spring-boot-starter-data-jpa-2.7.12.jar
2025-11-25 17:27:14,744 [Worker-45: Importing Maven projects] INFO  o.e.m.c.i.e.AbstractTransferListenerAdapter - Downloading https://repo.maven.apache.org/maven2/org/springframework/boot/spring-boot-starter-aop/2.7.12/spring-boot-starter-aop-2.7.12.jar
2025-11-25 17:27:14,818 [Worker-45: Importing Maven projects] INFO  o.e.m.c.i.e.AbstractTransferListenerAdapter - Downloaded https://repo.maven.apache.org/maven2/org/springframework/boot/spring-boot-starter-aop/2.7.12/spring-boot-starter-aop-2.7.12.jar
2025-11-25 17:27:14,850 [Worker-45: Importing Maven projects] INFO  o.e.m.c.i.e.AbstractTransferListenerAdapter - Downloading https://repo.maven.apache.org/maven2/org/aspectj/aspectjweaver/1.9.7/aspectjweaver-1.9.7.jar
2025-11-25 17:27:15,074 [Worker-45: Importing Maven projects] INFO  o.e.m.c.i.e.AbstractTransferListenerAdapter - Downloaded https://repo.maven.apache.org/maven2/org/aspectj/aspectjweaver/1.9.7/aspectjweaver-1.9.7.jar
2025-11-25 17:27:15,117 [Worker-45: Importing Maven projects] INFO  o.e.m.c.i.e.AbstractTransferListenerAdapter - Downloading https://repo.maven.apache.org/maven2/org/springframework/boot/spring-boot-starter-jdbc/2.7.12/spring-boot-starter-jdbc-2.7.12.jar
2025-11-25 17:27:15,182 [Worker-45: Importing Maven projects] INFO  o.e.m.c.i.e.AbstractTransferListenerAdapter - Downloaded https://repo.maven.apache.org/maven2/org/springframework/boot/spring-boot-starter-jdbc/2.7.12/spring-boot-starter-jdbc-2.7.12.jar
2025-11-25 17:27:15,228 [Worker-45: Importing Maven projects] INFO  o.e.m.c.i.e.AbstractTransferListenerAdapter - Downloading https://repo.maven.apache.org/maven2/com/zaxxer/HikariCP/4.0.3/HikariCP-4.0.3.jar
2025-11-25 17:27:15,330 [Worker-45: Importing Maven projects] INFO  o.e.m.c.i.e.AbstractTransferListenerAdapter - Downloaded https://repo.maven.apache.org/maven2/com/zaxxer/HikariCP/4.0.3/HikariCP-4.0.3.jar
2025-11-25 17:27:15,367 [Worker-45: Importing Maven projects] INFO  o.e.m.c.i.e.AbstractTransferListenerAdapter - Downloading https://repo.maven.apache.org/maven2/org/springframework/spring-jdbc/5.3.27/spring-jdbc-5.3.27.jar
2025-11-25 17:27:15,462 [Worker-45: Importing Maven projects] INFO  o.e.m.c.i.e.AbstractTransferListenerAdapter - Downloaded https://repo.maven.apache.org/maven2/org/springframework/spring-jdbc/5.3.27/spring-jdbc-5.3.27.jar
2025-11-25 17:27:15,494 [Worker-45: Importing Maven projects] INFO  o.e.m.c.i.e.AbstractTransferListenerAdapter - Downloading https://repo.maven.apache.org/maven2/jakarta/transaction/jakarta.transaction-api/1.3.3/jakarta.transaction-api-1.3.3.jar
2025-11-25 17:27:15,545 [Worker-45: Importing Maven projects] INFO  o.e.m.c.i.e.AbstractTransferListenerAdapter - Downloaded https://repo.maven.apache.org/maven2/jakarta/transaction/jakarta.transaction-api/1.3.3/jakarta.transaction-api-1.3.3.jar
2025-11-25 17:27:15,579 [Worker-45: Importing Maven projects] INFO  o.e.m.c.i.e.AbstractTransferListenerAdapter - Downloading https://repo.maven.apache.org/maven2/org/hibernate/hibernate-core/5.6.15.Final/hibernate-core-5.6.15.Final.jar
2025-11-25 17:27:16,863 [Worker-45: Importing Maven projects] INFO  o.e.m.c.i.e.AbstractTransferListenerAdapter - Downloaded https://repo.maven.apache.org/maven2/org/hibernate/hibernate-core/5.6.15.Final/hibernate-core-5.6.15.Final.jar
2025-11-25 17:27:16,903 [Worker-45: Importing Maven projects] INFO  o.e.m.c.i.e.AbstractTransferListenerAdapter - Downloading https://repo.maven.apache.org/maven2/org/jboss/logging/jboss-logging/3.4.3.Final/jboss-logging-3.4.3.Final.jar
2025-11-25 17:27:17,008 [Worker-45: Importing Maven projects] INFO  o.e.m.c.i.e.AbstractTransferListenerAdapter - Downloaded https://repo.maven.apache.org/maven2/org/jboss/logging/jboss-logging/3.4.3.Final/jboss-logging-3.4.3.Final.jar
2025-11-25 17:27:17,045 [Worker-45: Importing Maven projects] INFO  o.e.m.c.i.e.AbstractTransferListenerAdapter - Downloading https://repo.maven.apache.org/maven2/net/bytebuddy/byte-buddy/1.12.23/byte-buddy-1.12.23.jar
2025-11-25 17:27:18,047 [Worker-45: Importing Maven projects] INFO  o.e.m.c.i.e.AbstractTransferListenerAdapter - Downloaded https://repo.maven.apache.org/maven2/net/bytebuddy/byte-buddy/1.12.23/byte-buddy-1.12.23.jar
2025-11-25 17:27:18,100 [Worker-45: Importing Maven projects] INFO  o.e.m.c.i.e.AbstractTransferListenerAdapter - Downloading https://repo.maven.apache.org/maven2/org/hibernate/common/hibernate-commons-annotations/5.1.2.Final/hibernate-commons-annotations-5.1.2.Final.jar
2025-11-25 17:27:18,164 [Worker-45: Importing Maven projects] INFO  o.e.m.c.i.e.AbstractTransferListenerAdapter - Downloaded https://repo.maven.apache.org/maven2/org/hibernate/common/hibernate-commons-annotations/5.1.2.Final/hibernate-commons-annotations-5.1.2.Final.jar
2025-11-25 17:27:18,203 [Worker-45: Importing Maven projects] INFO  o.e.m.c.i.e.AbstractTransferListenerAdapter - Downloading https://repo.maven.apache.org/maven2/org/glassfish/jaxb/jaxb-runtime/2.3.8/jaxb-runtime-2.3.8.jar
2025-11-25 17:27:18,411 [Worker-45: Importing Maven projects] INFO  o.e.m.c.i.e.AbstractTransferListenerAdapter - Downloaded https://repo.maven.apache.org/maven2/org/glassfish/jaxb/jaxb-runtime/2.3.8/jaxb-runtime-2.3.8.jar
2025-11-25 17:27:18,447 [Worker-45: Importing Maven projects] INFO  o.e.m.c.i.e.AbstractTransferListenerAdapter - Downloading https://repo.maven.apache.org/maven2/org/glassfish/jaxb/txw2/2.3.8/txw2-2.3.8.jar
2025-11-25 17:27:18,550 [Worker-45: Importing Maven projects] INFO  o.e.m.c.i.e.AbstractTransferListenerAdapter - Downloaded https://repo.maven.apache.org/maven2/org/glassfish/jaxb/txw2/2.3.8/txw2-2.3.8.jar
2025-11-25 17:27:18,586 [Worker-45: Importing Maven projects] INFO  o.e.m.c.i.e.AbstractTransferListenerAdapter - Downloading https://repo.maven.apache.org/maven2/com/sun/istack/istack-commons-runtime/3.0.12/istack-commons-runtime-3.0.12.jar
2025-11-25 17:27:18,657 [Worker-45: Importing Maven projects] INFO  o.e.m.c.i.e.AbstractTransferListenerAdapter - Downloaded https://repo.maven.apache.org/maven2/com/sun/istack/istack-commons-runtime/3.0.12/istack-commons-runtime-3.0.12.jar
2025-11-25 17:27:18,694 [Worker-45: Importing Maven projects] INFO  o.e.m.c.i.e.AbstractTransferListenerAdapter - Downloading https://repo.maven.apache.org/maven2/com/sun/activation/jakarta.activation/1.2.2/jakarta.activation-1.2.2.jar
2025-11-25 17:27:18,761 [Worker-45: Importing Maven projects] INFO  o.e.m.c.i.e.AbstractTransferListenerAdapter - Downloaded https://repo.maven.apache.org/maven2/com/sun/activation/jakarta.activation/1.2.2/jakarta.activation-1.2.2.jar
2025-11-25 17:27:18,795 [Worker-45: Importing Maven projects] INFO  o.e.m.c.i.e.AbstractTransferListenerAdapter - Downloading https://repo.maven.apache.org/maven2/org/springframework/data/spring-data-jpa/2.7.12/spring-data-jpa-2.7.12.jar
2025-11-25 17:27:18,932 [Worker-45: Importing Maven projects] INFO  o.e.m.c.i.e.AbstractTransferListenerAdapter - Downloaded https://repo.maven.apache.org/maven2/org/springframework/data/spring-data-jpa/2.7.12/spring-data-jpa-2.7.12.jar
2025-11-25 17:27:18,965 [Worker-45: Importing Maven projects] INFO  o.e.m.c.i.e.AbstractTransferListenerAdapter - Downloading https://repo.maven.apache.org/maven2/org/springframework/data/spring-data-commons/2.7.12/spring-data-commons-2.7.12.jar
2025-11-25 17:27:19,260 [Worker-45: Importing Maven projects] INFO  o.e.m.c.i.e.AbstractTransferListenerAdapter - Downloaded https://repo.maven.apache.org/maven2/org/springframework/data/spring-data-commons/2.7.12/spring-data-commons-2.7.12.jar
2025-11-25 17:27:19,292 [Worker-45: Importing Maven projects] INFO  o.e.m.c.i.e.AbstractTransferListenerAdapter - Downloading https://repo.maven.apache.org/maven2/org/springframework/spring-orm/5.3.27/spring-orm-5.3.27.jar
2025-11-25 17:27:19,398 [Worker-45: Importing Maven projects] INFO  o.e.m.c.i.e.AbstractTransferListenerAdapter - Downloaded https://repo.maven.apache.org/maven2/org/springframework/spring-orm/5.3.27/spring-orm-5.3.27.jar
2025-11-25 17:27:19,432 [Worker-45: Importing Maven projects] INFO  o.e.m.c.i.e.AbstractTransferListenerAdapter - Downloading https://repo.maven.apache.org/maven2/org/springframework/spring-tx/5.3.27/spring-tx-5.3.27.jar
2025-11-25 17:27:19,537 [Worker-45: Importing Maven projects] INFO  o.e.m.c.i.e.AbstractTransferListenerAdapter - Downloaded https://repo.maven.apache.org/maven2/org/springframework/spring-tx/5.3.27/spring-tx-5.3.27.jar
2025-11-25 17:27:19,577 [Worker-45: Importing Maven projects] INFO  o.e.m.c.i.e.AbstractTransferListenerAdapter - Downloading https://repo.maven.apache.org/maven2/org/springframework/spring-aspects/5.3.27/spring-aspects-5.3.27.jar
2025-11-25 17:27:19,637 [Worker-45: Importing Maven projects] INFO  o.e.m.c.i.e.AbstractTransferListenerAdapter - Downloaded https://repo.maven.apache.org/maven2/org/springframework/spring-aspects/5.3.27/spring-aspects-5.3.27.jar
2025-11-25 17:27:19,691 [Worker-45: Importing Maven projects] INFO  o.e.m.c.i.e.AbstractTransferListenerAdapter - Downloading https://repo.maven.apache.org/maven2/org/springframework/boot/spring-boot-starter-security/2.7.12/spring-boot-starter-security-2.7.12.jar
2025-11-25 17:27:19,776 [Worker-45: Importing Maven projects] INFO  o.e.m.c.i.e.AbstractTransferListenerAdapter - Downloaded https://repo.maven.apache.org/maven2/org/springframework/boot/spring-boot-starter-security/2.7.12/spring-boot-starter-security-2.7.12.jar
2025-11-25 17:27:19,817 [Worker-45: Importing Maven projects] INFO  o.e.m.c.i.e.AbstractTransferListenerAdapter - Downloading https://repo.maven.apache.org/maven2/org/springframework/spring-aop/5.3.27/spring-aop-5.3.27.jar
2025-11-25 17:27:19,910 [Worker-45: Importing Maven projects] INFO  o.e.m.c.i.e.AbstractTransferListenerAdapter - Downloaded https://repo.maven.apache.org/maven2/org/springframework/spring-aop/5.3.27/spring-aop-5.3.27.jar
2025-11-25 17:27:19,948 [Worker-45: Importing Maven projects] INFO  o.e.m.c.i.e.AbstractTransferListenerAdapter - Downloading https://repo.maven.apache.org/maven2/org/springframework/security/spring-security-config/5.7.8/spring-security-config-5.7.8.jar
2025-11-25 17:27:20,266 [Worker-45: Importing Maven projects] INFO  o.e.m.c.i.e.AbstractTransferListenerAdapter - Downloaded https://repo.maven.apache.org/maven2/org/springframework/security/spring-security-config/5.7.8/spring-security-config-5.7.8.jar
2025-11-25 17:27:20,308 [Worker-45: Importing Maven projects] INFO  o.e.m.c.i.e.AbstractTransferListenerAdapter - Downloading https://repo.maven.apache.org/maven2/org/springframework/security/spring-security-core/5.7.8/spring-security-core-5.7.8.jar
2025-11-25 17:27:20,422 [Worker-45: Importing Maven projects] INFO  o.e.m.c.i.e.AbstractTransferListenerAdapter - Downloaded https://repo.maven.apache.org/maven2/org/springframework/security/spring-security-core/5.7.8/spring-security-core-5.7.8.jar
2025-11-25 17:27:20,460 [Worker-45: Importing Maven projects] INFO  o.e.m.c.i.e.AbstractTransferListenerAdapter - Downloading https://repo.maven.apache.org/maven2/org/springframework/security/spring-security-crypto/5.7.8/spring-security-crypto-5.7.8.jar
2025-11-25 17:27:20,524 [Worker-45: Importing Maven projects] INFO  o.e.m.c.i.e.AbstractTransferListenerAdapter - Downloaded https://repo.maven.apache.org/maven2/org/springframework/security/spring-security-crypto/5.7.8/spring-security-crypto-5.7.8.jar
2025-11-25 17:27:20,560 [Worker-45: Importing Maven projects] INFO  o.e.m.c.i.e.AbstractTransferListenerAdapter - Downloading https://repo.maven.apache.org/maven2/org/springframework/security/spring-security-web/5.7.8/spring-security-web-5.7.8.jar
2025-11-25 17:27:20,759 [Worker-45: Importing Maven projects] INFO  o.e.m.c.i.e.AbstractTransferListenerAdapter - Downloaded https://repo.maven.apache.org/maven2/org/springframework/security/spring-security-web/5.7.8/spring-security-web-5.7.8.jar
2025-11-25 17:27:20,794 [Worker-45: Importing Maven projects] INFO  o.e.m.c.i.e.AbstractTransferListenerAdapter - Downloading https://repo.maven.apache.org/maven2/org/mariadb/jdbc/mariadb-java-client/3.1.4/mariadb-java-client-3.1.4.jar
2025-11-25 17:27:20,915 [Worker-45: Importing Maven projects] INFO  o.e.m.c.i.e.AbstractTransferListenerAdapter - Downloaded https://repo.maven.apache.org/maven2/org/mariadb/jdbc/mariadb-java-client/3.1.4/mariadb-java-client-3.1.4.jar
2025-11-25 17:27:20,946 [Worker-45: Importing Maven projects] INFO  o.e.m.c.i.e.AbstractTransferListenerAdapter - Downloading https://repo.maven.apache.org/maven2/com/github/waffle/waffle-jna/3.2.0/waffle-jna-3.2.0.jar
2025-11-25 17:27:21,003 [Worker-45: Importing Maven projects] INFO  o.e.m.c.i.e.AbstractTransferListenerAdapter - Downloaded https://repo.maven.apache.org/maven2/com/github/waffle/waffle-jna/3.2.0/waffle-jna-3.2.0.jar
2025-11-25 17:27:21,046 [Worker-45: Importing Maven projects] INFO  o.e.m.c.i.e.AbstractTransferListenerAdapter - Downloading https://repo.maven.apache.org/maven2/net/java/dev/jna/jna/5.12.1/jna-5.12.1.jar
2025-11-25 17:27:21,346 [Worker-45: Importing Maven projects] INFO  o.e.m.c.i.e.AbstractTransferListenerAdapter - Downloaded https://repo.maven.apache.org/maven2/net/java/dev/jna/jna/5.12.1/jna-5.12.1.jar
2025-11-25 17:27:21,386 [Worker-45: Importing Maven projects] INFO  o.e.m.c.i.e.AbstractTransferListenerAdapter - Downloading https://repo.maven.apache.org/maven2/net/java/dev/jna/jna-platform/5.12.1/jna-platform-5.12.1.jar
2025-11-25 17:27:21,546 [Worker-45: Importing Maven projects] INFO  o.e.m.c.i.e.AbstractTransferListenerAdapter - Downloaded https://repo.maven.apache.org/maven2/net/java/dev/jna/jna-platform/5.12.1/jna-platform-5.12.1.jar
2025-11-25 17:27:21,584 [Worker-45: Importing Maven projects] INFO  o.e.m.c.i.e.AbstractTransferListenerAdapter - Downloading https://repo.maven.apache.org/maven2/org/slf4j/jcl-over-slf4j/1.7.36/jcl-over-slf4j-1.7.36.jar
2025-11-25 17:27:21,634 [Worker-45: Importing Maven projects] INFO  o.e.m.c.i.e.AbstractTransferListenerAdapter - Downloaded https://repo.maven.apache.org/maven2/org/slf4j/jcl-over-slf4j/1.7.36/jcl-over-slf4j-1.7.36.jar
2025-11-25 17:27:21,669 [Worker-45: Importing Maven projects] INFO  o.e.m.c.i.e.AbstractTransferListenerAdapter - Downloading https://repo.maven.apache.org/maven2/com/github/ben-manes/caffeine/caffeine/2.9.3/caffeine-2.9.3.jar
2025-11-25 17:27:21,794 [Worker-45: Importing Maven projects] INFO  o.e.m.c.i.e.AbstractTransferListenerAdapter - Downloaded https://repo.maven.apache.org/maven2/com/github/ben-manes/caffeine/caffeine/2.9.3/caffeine-2.9.3.jar
2025-11-25 17:27:21,828 [Worker-45: Importing Maven projects] INFO  o.e.m.c.i.e.AbstractTransferListenerAdapter - Downloading https://repo.maven.apache.org/maven2/com/google/errorprone/error_prone_annotations/2.10.0/error_prone_annotations-2.10.0.jar
2025-11-25 17:27:21,882 [Worker-45: Importing Maven projects] INFO  o.e.m.c.i.e.AbstractTransferListenerAdapter - Downloaded https://repo.maven.apache.org/maven2/com/google/errorprone/error_prone_annotations/2.10.0/error_prone_annotations-2.10.0.jar
2025-11-25 17:27:21,915 [Worker-45: Importing Maven projects] INFO  o.e.m.c.i.e.AbstractTransferListenerAdapter - Downloading https://repo.maven.apache.org/maven2/org/checkerframework/checker-qual/3.23.0/checker-qual-3.23.0.jar
2025-11-25 17:27:22,065 [Worker-45: Importing Maven projects] INFO  o.e.m.c.i.e.AbstractTransferListenerAdapter - Downloaded https://repo.maven.apache.org/maven2/org/checkerframework/checker-qual/3.23.0/checker-qual-3.23.0.jar
2025-11-25 17:27:22,100 [Worker-45: Importing Maven projects] INFO  o.e.m.c.i.e.AbstractTransferListenerAdapter - Downloading https://repo.maven.apache.org/maven2/com/fasterxml/jackson/core/jackson-databind/2.13.5/jackson-databind-2.13.5.jar
2025-11-25 17:27:22,273 [Worker-45: Importing Maven projects] INFO  o.e.m.c.i.e.AbstractTransferListenerAdapter - Downloaded https://repo.maven.apache.org/maven2/com/fasterxml/jackson/core/jackson-databind/2.13.5/jackson-databind-2.13.5.jar
2025-11-25 17:27:22,308 [Worker-45: Importing Maven projects] INFO  o.e.m.c.i.e.AbstractTransferListenerAdapter - Downloading https://repo.maven.apache.org/maven2/com/fasterxml/jackson/core/jackson-annotations/2.13.5/jackson-annotations-2.13.5.jar
2025-11-25 17:27:22,361 [Worker-45: Importing Maven projects] INFO  o.e.m.c.i.e.AbstractTransferListenerAdapter - Downloaded https://repo.maven.apache.org/maven2/com/fasterxml/jackson/core/jackson-annotations/2.13.5/jackson-annotations-2.13.5.jar
2025-11-25 17:27:22,392 [Worker-45: Importing Maven projects] INFO  o.e.m.c.i.e.AbstractTransferListenerAdapter - Downloading https://repo.maven.apache.org/maven2/com/fasterxml/jackson/core/jackson-core/2.13.5/jackson-core-2.13.5.jar
2025-11-25 17:27:22,460 [Worker-45: Importing Maven projects] INFO  o.e.m.c.i.e.AbstractTransferListenerAdapter - Downloaded https://repo.maven.apache.org/maven2/com/fasterxml/jackson/core/jackson-core/2.13.5/jackson-core-2.13.5.jar
2025-11-25 17:27:22,489 [Worker-45: Importing Maven projects] INFO  o.e.m.c.i.e.AbstractTransferListenerAdapter - Downloading https://repo.maven.apache.org/maven2/org/projectlombok/lombok/1.18.26/lombok-1.18.26.jar
2025-11-25 17:27:22,730 [Worker-45: Importing Maven projects] INFO  o.e.m.c.i.e.AbstractTransferListenerAdapter - Downloaded https://repo.maven.apache.org/maven2/org/projectlombok/lombok/1.18.26/lombok-1.18.26.jar
2025-11-25 17:27:22,834 [Worker-45: Importing Maven projects] INFO  o.e.m.c.i.e.AbstractTransferListenerAdapter - Downloading https://repo.maven.apache.org/maven2/org/springdoc/springdoc-openapi-ui/1.6.14/springdoc-openapi-ui-1.6.14.jar
2025-11-25 17:27:22,887 [Worker-45: Importing Maven projects] INFO  o.e.m.c.i.e.AbstractTransferListenerAdapter - Downloaded https://repo.maven.apache.org/maven2/org/springdoc/springdoc-openapi-ui/1.6.14/springdoc-openapi-ui-1.6.14.jar
2025-11-25 17:27:22,922 [Worker-45: Importing Maven projects] INFO  o.e.m.c.i.e.AbstractTransferListenerAdapter - Downloading https://repo.maven.apache.org/maven2/org/springdoc/springdoc-openapi-webmvc-core/1.6.14/springdoc-openapi-webmvc-core-1.6.14.jar
2025-11-25 17:27:22,970 [Worker-45: Importing Maven projects] INFO  o.e.m.c.i.e.AbstractTransferListenerAdapter - Downloaded https://repo.maven.apache.org/maven2/org/springdoc/springdoc-openapi-webmvc-core/1.6.14/springdoc-openapi-webmvc-core-1.6.14.jar
2025-11-25 17:27:23,001 [Worker-45: Importing Maven projects] INFO  o.e.m.c.i.e.AbstractTransferListenerAdapter - Downloading https://repo.maven.apache.org/maven2/org/springdoc/springdoc-openapi-common/1.6.14/springdoc-openapi-common-1.6.14.jar
2025-11-25 17:27:23,097 [Worker-45: Importing Maven projects] INFO  o.e.m.c.i.e.AbstractTransferListenerAdapter - Downloaded https://repo.maven.apache.org/maven2/org/springdoc/springdoc-openapi-common/1.6.14/springdoc-openapi-common-1.6.14.jar
2025-11-25 17:27:23,136 [Worker-45: Importing Maven projects] INFO  o.e.m.c.i.e.AbstractTransferListenerAdapter - Downloading https://repo.maven.apache.org/maven2/io/swagger/core/v3/swagger-core/2.2.7/swagger-core-2.2.7.jar
2025-11-25 17:27:23,199 [Worker-45: Importing Maven projects] INFO  o.e.m.c.i.e.AbstractTransferListenerAdapter - Downloaded https://repo.maven.apache.org/maven2/io/swagger/core/v3/swagger-core/2.2.7/swagger-core-2.2.7.jar
2025-11-25 17:27:23,233 [Worker-45: Importing Maven projects] INFO  o.e.m.c.i.e.AbstractTransferListenerAdapter - Downloading https://repo.maven.apache.org/maven2/com/fasterxml/jackson/dataformat/jackson-dataformat-yaml/2.13.5/jackson-dataformat-yaml-2.13.5.jar
2025-11-25 17:27:23,285 [Worker-45: Importing Maven projects] INFO  o.e.m.c.i.e.AbstractTransferListenerAdapter - Downloaded https://repo.maven.apache.org/maven2/com/fasterxml/jackson/dataformat/jackson-dataformat-yaml/2.13.5/jackson-dataformat-yaml-2.13.5.jar
2025-11-25 17:27:23,338 [Worker-45: Importing Maven projects] INFO  o.e.m.c.i.e.AbstractTransferListenerAdapter - Downloading https://repo.maven.apache.org/maven2/io/swagger/core/v3/swagger-annotations/2.2.7/swagger-annotations-2.2.7.jar
2025-11-25 17:27:23,396 [Worker-45: Importing Maven projects] INFO  o.e.m.c.i.e.AbstractTransferListenerAdapter - Downloaded https://repo.maven.apache.org/maven2/io/swagger/core/v3/swagger-annotations/2.2.7/swagger-annotations-2.2.7.jar
2025-11-25 17:27:23,426 [Worker-45: Importing Maven projects] INFO  o.e.m.c.i.e.AbstractTransferListenerAdapter - Downloading https://repo.maven.apache.org/maven2/io/swagger/core/v3/swagger-models/2.2.7/swagger-models-2.2.7.jar
2025-11-25 17:27:23,484 [Worker-45: Importing Maven projects] INFO  o.e.m.c.i.e.AbstractTransferListenerAdapter - Downloaded https://repo.maven.apache.org/maven2/io/swagger/core/v3/swagger-models/2.2.7/swagger-models-2.2.7.jar
2025-11-25 17:27:23,521 [Worker-45: Importing Maven projects] INFO  o.e.m.c.i.e.AbstractTransferListenerAdapter - Downloading https://repo.maven.apache.org/maven2/jakarta/validation/jakarta.validation-api/2.0.2/jakarta.validation-api-2.0.2.jar
2025-11-25 17:27:23,577 [Worker-45: Importing Maven projects] INFO  o.e.m.c.i.e.AbstractTransferListenerAdapter - Downloaded https://repo.maven.apache.org/maven2/jakarta/validation/jakarta.validation-api/2.0.2/jakarta.validation-api-2.0.2.jar
2025-11-25 17:27:23,614 [Worker-45: Importing Maven projects] INFO  o.e.m.c.i.e.AbstractTransferListenerAdapter - Downloading https://repo.maven.apache.org/maven2/org/webjars/swagger-ui/4.15.5/swagger-ui-4.15.5.jar
2025-11-25 17:27:24,009 [Worker-45: Importing Maven projects] INFO  o.e.m.c.i.e.AbstractTransferListenerAdapter - Downloaded https://repo.maven.apache.org/maven2/org/webjars/swagger-ui/4.15.5/swagger-ui-4.15.5.jar
2025-11-25 17:27:24,043 [Worker-45: Importing Maven projects] INFO  o.e.m.c.i.e.AbstractTransferListenerAdapter - Downloading https://repo.maven.apache.org/maven2/org/webjars/webjars-locator-core/0.50/webjars-locator-core-0.50.jar
2025-11-25 17:27:24,099 [Worker-45: Importing Maven projects] INFO  o.e.m.c.i.e.AbstractTransferListenerAdapter - Downloaded https://repo.maven.apache.org/maven2/org/webjars/webjars-locator-core/0.50/webjars-locator-core-0.50.jar
2025-11-25 17:27:24,133 [Worker-45: Importing Maven projects] INFO  o.e.m.c.i.e.AbstractTransferListenerAdapter - Downloading https://repo.maven.apache.org/maven2/io/github/classgraph/classgraph/4.8.149/classgraph-4.8.149.jar
2025-11-25 17:27:24,212 [Worker-45: Importing Maven projects] INFO  o.e.m.c.i.e.AbstractTransferListenerAdapter - Downloaded https://repo.maven.apache.org/maven2/io/github/classgraph/classgraph/4.8.149/classgraph-4.8.149.jar
2025-11-25 17:27:24,246 [Worker-45: Importing Maven projects] INFO  o.e.m.c.i.e.AbstractTransferListenerAdapter - Downloading https://repo.maven.apache.org/maven2/com/h2database/h2/2.1.214/h2-2.1.214.jar
2025-11-25 17:27:24,481 [Worker-45: Importing Maven projects] INFO  o.e.m.c.i.e.AbstractTransferListenerAdapter - Downloaded https://repo.maven.apache.org/maven2/com/h2database/h2/2.1.214/h2-2.1.214.jar
2025-11-25 17:27:24,517 [Worker-45: Importing Maven projects] INFO  o.e.m.c.i.e.AbstractTransferListenerAdapter - Downloading https://repo.maven.apache.org/maven2/org/springframework/boot/spring-boot-starter-test/2.7.12/spring-boot-starter-test-2.7.12.jar
2025-11-25 17:27:24,582 [Worker-45: Importing Maven projects] INFO  o.e.m.c.i.e.AbstractTransferListenerAdapter - Downloaded https://repo.maven.apache.org/maven2/org/springframework/boot/spring-boot-starter-test/2.7.12/spring-boot-starter-test-2.7.12.jar
2025-11-25 17:27:24,614 [Worker-45: Importing Maven projects] INFO  o.e.m.c.i.e.AbstractTransferListenerAdapter - Downloading https://repo.maven.apache.org/maven2/org/springframework/boot/spring-boot-test/2.7.12/spring-boot-test-2.7.12.jar
2025-11-25 17:27:24,690 [Worker-45: Importing Maven projects] INFO  o.e.m.c.i.e.AbstractTransferListenerAdapter - Downloaded https://repo.maven.apache.org/maven2/org/springframework/boot/spring-boot-test/2.7.12/spring-boot-test-2.7.12.jar
2025-11-25 17:27:24,734 [Worker-45: Importing Maven projects] INFO  o.e.m.c.i.e.AbstractTransferListenerAdapter - Downloading https://repo.maven.apache.org/maven2/org/springframework/boot/spring-boot-test-autoconfigure/2.7.12/spring-boot-test-autoconfigure-2.7.12.jar
2025-11-25 17:27:24,794 [Worker-45: Importing Maven projects] INFO  o.e.m.c.i.e.AbstractTransferListenerAdapter - Downloaded https://repo.maven.apache.org/maven2/org/springframework/boot/spring-boot-test-autoconfigure/2.7.12/spring-boot-test-autoconfigure-2.7.12.jar
2025-11-25 17:27:24,823 [Worker-45: Importing Maven projects] INFO  o.e.m.c.i.e.AbstractTransferListenerAdapter - Downloading https://repo.maven.apache.org/maven2/com/jayway/jsonpath/json-path/2.7.0/json-path-2.7.0.jar
2025-11-25 17:27:24,908 [Worker-45: Importing Maven projects] INFO  o.e.m.c.i.e.AbstractTransferListenerAdapter - Downloaded https://repo.maven.apache.org/maven2/com/jayway/jsonpath/json-path/2.7.0/json-path-2.7.0.jar
2025-11-25 17:27:24,939 [Worker-45: Importing Maven projects] INFO  o.e.m.c.i.e.AbstractTransferListenerAdapter - Downloading https://repo.maven.apache.org/maven2/net/minidev/json-smart/2.4.11/json-smart-2.4.11.jar
2025-11-25 17:27:25,009 [Worker-45: Importing Maven projects] INFO  o.e.m.c.i.e.AbstractTransferListenerAdapter - Downloaded https://repo.maven.apache.org/maven2/net/minidev/json-smart/2.4.11/json-smart-2.4.11.jar
2025-11-25 17:27:25,065 [Worker-45: Importing Maven projects] INFO  o.e.m.c.i.e.AbstractTransferListenerAdapter - Downloading https://repo.maven.apache.org/maven2/net/minidev/accessors-smart/2.4.11/accessors-smart-2.4.11.jar
2025-11-25 17:27:25,117 [Worker-45: Importing Maven projects] INFO  o.e.m.c.i.e.AbstractTransferListenerAdapter - Downloaded https://repo.maven.apache.org/maven2/net/minidev/accessors-smart/2.4.11/accessors-smart-2.4.11.jar
2025-11-25 17:27:25,150 [Worker-45: Importing Maven projects] INFO  o.e.m.c.i.e.AbstractTransferListenerAdapter - Downloading https://repo.maven.apache.org/maven2/jakarta/xml/bind/jakarta.xml.bind-api/2.3.3/jakarta.xml.bind-api-2.3.3.jar
2025-11-25 17:27:25,192 [Worker-45: Importing Maven projects] INFO  o.e.m.c.i.e.AbstractTransferListenerAdapter - Downloaded https://repo.maven.apache.org/maven2/jakarta/xml/bind/jakarta.xml.bind-api/2.3.3/jakarta.xml.bind-api-2.3.3.jar
2025-11-25 17:27:25,220 [Worker-45: Importing Maven projects] INFO  o.e.m.c.i.e.AbstractTransferListenerAdapter - Downloading https://repo.maven.apache.org/maven2/jakarta/activation/jakarta.activation-api/1.2.2/jakarta.activation-api-1.2.2.jar
2025-11-25 17:27:25,272 [Worker-45: Importing Maven projects] INFO  o.e.m.c.i.e.AbstractTransferListenerAdapter - Downloaded https://repo.maven.apache.org/maven2/jakarta/activation/jakarta.activation-api/1.2.2/jakarta.activation-api-1.2.2.jar
2025-11-25 17:27:25,306 [Worker-45: Importing Maven projects] INFO  o.e.m.c.i.e.AbstractTransferListenerAdapter - Downloading https://repo.maven.apache.org/maven2/org/assertj/assertj-core/3.22.0/assertj-core-3.22.0.jar
2025-11-25 17:27:25,880 [Worker-45: Importing Maven projects] INFO  o.e.m.c.i.e.AbstractTransferListenerAdapter - Downloaded https://repo.maven.apache.org/maven2/org/assertj/assertj-core/3.22.0/assertj-core-3.22.0.jar
2025-11-25 17:27:25,918 [Worker-45: Importing Maven projects] INFO  o.e.m.c.i.e.AbstractTransferListenerAdapter - Downloading https://repo.maven.apache.org/maven2/org/junit/jupiter/junit-jupiter/5.8.2/junit-jupiter-5.8.2.jar
2025-11-25 17:27:25,971 [Worker-45: Importing Maven projects] INFO  o.e.m.c.i.e.AbstractTransferListenerAdapter - Downloaded https://repo.maven.apache.org/maven2/org/junit/jupiter/junit-jupiter/5.8.2/junit-jupiter-5.8.2.jar
2025-11-25 17:27:26,017 [Worker-45: Importing Maven projects] INFO  o.e.m.c.i.e.AbstractTransferListenerAdapter - Downloading https://repo.maven.apache.org/maven2/org/junit/jupiter/junit-jupiter-api/5.8.2/junit-jupiter-api-5.8.2.jar
2025-11-25 17:27:26,091 [Worker-45: Importing Maven projects] INFO  o.e.m.c.i.e.AbstractTransferListenerAdapter - Downloaded https://repo.maven.apache.org/maven2/org/junit/jupiter/junit-jupiter-api/5.8.2/junit-jupiter-api-5.8.2.jar
2025-11-25 17:27:26,137 [Worker-45: Importing Maven projects] INFO  o.e.m.c.i.e.AbstractTransferListenerAdapter - Downloading https://repo.maven.apache.org/maven2/org/junit/platform/junit-platform-commons/1.8.2/junit-platform-commons-1.8.2.jar
2025-11-25 17:27:26,197 [Worker-45: Importing Maven projects] INFO  o.e.m.c.i.e.AbstractTransferListenerAdapter - Downloaded https://repo.maven.apache.org/maven2/org/junit/platform/junit-platform-commons/1.8.2/junit-platform-commons-1.8.2.jar
2025-11-25 17:27:26,235 [Worker-45: Importing Maven projects] INFO  o.e.m.c.i.e.AbstractTransferListenerAdapter - Downloading https://repo.maven.apache.org/maven2/org/junit/jupiter/junit-jupiter-params/5.8.2/junit-jupiter-params-5.8.2.jar
2025-11-25 17:27:26,335 [Worker-45: Importing Maven projects] INFO  o.e.m.c.i.e.AbstractTransferListenerAdapter - Downloaded https://repo.maven.apache.org/maven2/org/junit/jupiter/junit-jupiter-params/5.8.2/junit-jupiter-params-5.8.2.jar
2025-11-25 17:27:26,368 [Worker-45: Importing Maven projects] INFO  o.e.m.c.i.e.AbstractTransferListenerAdapter - Downloading https://repo.maven.apache.org/maven2/org/junit/jupiter/junit-jupiter-engine/5.8.2/junit-jupiter-engine-5.8.2.jar
2025-11-25 17:27:26,542 [Worker-45: Importing Maven projects] INFO  o.e.m.c.i.e.AbstractTransferListenerAdapter - Downloaded https://repo.maven.apache.org/maven2/org/junit/jupiter/junit-jupiter-engine/5.8.2/junit-jupiter-engine-5.8.2.jar
2025-11-25 17:27:26,582 [Worker-45: Importing Maven projects] INFO  o.e.m.c.i.e.AbstractTransferListenerAdapter - Downloading https://repo.maven.apache.org/maven2/org/junit/platform/junit-platform-engine/1.8.2/junit-platform-engine-1.8.2.jar
2025-11-25 17:27:26,654 [Worker-45: Importing Maven projects] INFO  o.e.m.c.i.e.AbstractTransferListenerAdapter - Downloaded https://repo.maven.apache.org/maven2/org/junit/platform/junit-platform-engine/1.8.2/junit-platform-engine-1.8.2.jar
2025-11-25 17:27:26,698 [Worker-45: Importing Maven projects] INFO  o.e.m.c.i.e.AbstractTransferListenerAdapter - Downloading https://repo.maven.apache.org/maven2/org/mockito/mockito-core/4.5.1/mockito-core-4.5.1.jar
2025-11-25 17:27:26,779 [Worker-45: Importing Maven projects] INFO  o.e.m.c.i.e.AbstractTransferListenerAdapter - Downloaded https://repo.maven.apache.org/maven2/org/mockito/mockito-core/4.5.1/mockito-core-4.5.1.jar
2025-11-25 17:27:26,811 [Worker-45: Importing Maven projects] INFO  o.e.m.c.i.e.AbstractTransferListenerAdapter - Downloading https://repo.maven.apache.org/maven2/net/bytebuddy/byte-buddy-agent/1.12.23/byte-buddy-agent-1.12.23.jar
2025-11-25 17:27:26,899 [Worker-45: Importing Maven projects] INFO  o.e.m.c.i.e.AbstractTransferListenerAdapter - Downloaded https://repo.maven.apache.org/maven2/net/bytebuddy/byte-buddy-agent/1.12.23/byte-buddy-agent-1.12.23.jar
2025-11-25 17:27:26,932 [Worker-45: Importing Maven projects] INFO  o.e.m.c.i.e.AbstractTransferListenerAdapter - Downloading https://repo.maven.apache.org/maven2/org/objenesis/objenesis/3.2/objenesis-3.2.jar
2025-11-25 17:27:26,985 [Worker-45: Importing Maven projects] INFO  o.e.m.c.i.e.AbstractTransferListenerAdapter - Downloaded https://repo.maven.apache.org/maven2/org/objenesis/objenesis/3.2/objenesis-3.2.jar
2025-11-25 17:27:27,018 [Worker-45: Importing Maven projects] INFO  o.e.m.c.i.e.AbstractTransferListenerAdapter - Downloading https://repo.maven.apache.org/maven2/org/mockito/mockito-junit-jupiter/4.5.1/mockito-junit-jupiter-4.5.1.jar
2025-11-25 17:27:27,075 [Worker-45: Importing Maven projects] INFO  o.e.m.c.i.e.AbstractTransferListenerAdapter - Downloaded https://repo.maven.apache.org/maven2/org/mockito/mockito-junit-jupiter/4.5.1/mockito-junit-jupiter-4.5.1.jar
2025-11-25 17:27:27,107 [Worker-45: Importing Maven projects] INFO  o.e.m.c.i.e.AbstractTransferListenerAdapter - Downloading https://repo.maven.apache.org/maven2/org/springframework/spring-core/5.3.27/spring-core-5.3.27.jar
2025-11-25 17:27:27,234 [Worker-45: Importing Maven projects] INFO  o.e.m.c.i.e.AbstractTransferListenerAdapter - Downloaded https://repo.maven.apache.org/maven2/org/springframework/spring-core/5.3.27/spring-core-5.3.27.jar
2025-11-25 17:27:27,268 [Worker-45: Importing Maven projects] INFO  o.e.m.c.i.e.AbstractTransferListenerAdapter - Downloading https://repo.maven.apache.org/maven2/org/springframework/spring-jcl/5.3.27/spring-jcl-5.3.27.jar
2025-11-25 17:27:27,316 [Worker-45: Importing Maven projects] INFO  o.e.m.c.i.e.AbstractTransferListenerAdapter - Downloaded https://repo.maven.apache.org/maven2/org/springframework/spring-jcl/5.3.27/spring-jcl-5.3.27.jar
2025-11-25 17:27:27,352 [Worker-45: Importing Maven projects] INFO  o.e.m.c.i.e.AbstractTransferListenerAdapter - Downloading https://repo.maven.apache.org/maven2/org/springframework/spring-test/5.3.27/spring-test-5.3.27.jar
2025-11-25 17:27:27,453 [Worker-45: Importing Maven projects] INFO  o.e.m.c.i.e.AbstractTransferListenerAdapter - Downloaded https://repo.maven.apache.org/maven2/org/springframework/spring-test/5.3.27/spring-test-5.3.27.jar
2025-11-25 17:27:46,143 [Worker-45: Importing Maven projects] INFO  o.e.m.c.i.l.LifecycleMappingFactory - Using org.maven.ide.eclipse.wtp.WarLifecycleMapping lifecycle mapping for MavenProject: com.Eureka:EurekaService:0.0.1-SNAPSHOT @ C:\Users\archit.jain\OneDrive - HCL TECHNOLOGIES LIMITED\Documents\GuviProject\EurekaService\pom.xml.
2025-11-25 17:27:51,590 [Worker-45: Importing Maven projects] INFO  o.e.m.c.i.l.LifecycleMappingFactory - Using org.eclipse.m2e.jdt.JarLifecycleMapping lifecycle mapping for MavenProject: com.hackerrank.sample:springboot-base:1.0 @ C:\Users\archit.jain\Downloads\music-app\33d68588-c4d8-4f0b-85c1-e9aeadc64138-v2\pom.xml.
2025-11-25 17:27:54,505 [Worker-45: Importing Maven projects] INFO  o.e.m.c.i.l.LifecycleMappingFactory - Using org.eclipse.m2e.jdt.JarLifecycleMapping lifecycle mapping for MavenProject: com.hcl:user:0.0.1-SNAPSHOT @ C:\Users\archit.jain\OneDrive - HCL TECHNOLOGIES LIMITED\Documents\GuviProject\user5\pom.xml.
2025-11-25 17:27:57,549 [Worker-45: Importing Maven projects] INFO  o.e.m.c.i.l.LifecycleMappingFactory - Using org.eclipse.m2e.jdt.JarLifecycleMapping lifecycle mapping for MavenProject: com.hcl.guvi.capstonproject:eventmanagement:0.0.1-SNAPSHOT @ C:\Users\archit.jain\OneDrive - HCL TECHNOLOGIES LIMITED\Documents\GuviProject\eventmanagement\pom.xml.
2025-11-25 17:28:04,053 [Worker-45: Importing Maven projects] INFO  o.e.m.c.i.e.AbstractTransferListenerAdapter - Downloaded https://repo.maven.apache.org/maven2/org/apache/maven/plugins/maven-resources-plugin/3.2.0/maven-resources-plugin-3.2.0.pom
2025-11-25 17:28:04,188 [Worker-45: Importing Maven projects] INFO  o.e.m.c.i.e.AbstractTransferListenerAdapter - Downloaded https://repo.maven.apache.org/maven2/org/apache/maven/plugins/maven-surefire-plugin/2.22.2/maven-surefire-plugin-2.22.2.pom
2025-11-25 17:28:04,313 [Worker-45: Importing Maven projects] INFO  o.e.m.c.i.e.AbstractTransferListenerAdapter - Downloaded https://repo.maven.apache.org/maven2/org/apache/maven/surefire/surefire/2.22.2/surefire-2.22.2.pom
2025-11-25 17:28:04,480 [Worker-45: Importing Maven projects] INFO  o.e.m.c.i.e.AbstractTransferListenerAdapter - Downloaded https://repo.maven.apache.org/maven2/org/apache/maven/plugins/maven-jar-plugin/3.2.2/maven-jar-plugin-3.2.2.pom
2025-11-25 17:28:04,613 [Worker-45: Importing Maven projects] INFO  o.e.m.c.i.e.AbstractTransferListenerAdapter - Downloaded https://repo.maven.apache.org/maven2/org/apache/maven/maven-plugin-api/3.1.0/maven-plugin-api-3.1.0.pom
2025-11-25 17:28:04,736 [Worker-45: Importing Maven projects] INFO  o.e.m.c.i.e.AbstractTransferListenerAdapter - Downloaded https://repo.maven.apache.org/maven2/org/apache/maven/maven/3.1.0/maven-3.1.0.pom
2025-11-25 17:28:04,860 [Worker-45: Importing Maven projects] INFO  o.e.m.c.i.e.AbstractTransferListenerAdapter - Downloaded https://repo.maven.apache.org/maven2/org/apache/maven/maven-model/3.1.0/maven-model-3.1.0.pom
2025-11-25 17:28:05,007 [Worker-45: Importing Maven projects] INFO  o.e.m.c.i.e.AbstractTransferListenerAdapter - Downloaded https://repo.maven.apache.org/maven2/org/apache/maven/maven-artifact/3.1.0/maven-artifact-3.1.0.pom
2025-11-25 17:28:05,103 [Worker-45: Importing Maven projects] INFO  o.e.m.c.i.e.AbstractTransferListenerAdapter - Downloaded https://repo.maven.apache.org/maven2/org/eclipse/sisu/org.eclipse.sisu.plexus/0.0.0.M2a/org.eclipse.sisu.plexus-0.0.0.M2a.pom
2025-11-25 17:28:05,200 [Worker-45: Importing Maven projects] INFO  o.e.m.c.i.e.AbstractTransferListenerAdapter - Downloaded https://repo.maven.apache.org/maven2/org/eclipse/sisu/sisu-plexus/0.0.0.M2a/sisu-plexus-0.0.0.M2a.pom
2025-11-25 17:28:05,328 [Worker-45: Importing Maven projects] INFO  o.e.m.c.i.e.AbstractTransferListenerAdapter - Downloaded https://repo.maven.apache.org/maven2/javax/enterprise/cdi-api/1.0/cdi-api-1.0.pom
2025-11-25 17:28:05,444 [Worker-45: Importing Maven projects] INFO  o.e.m.c.i.e.AbstractTransferListenerAdapter - Downloaded https://repo.maven.apache.org/maven2/org/jboss/weld/weld-api-parent/1.0/weld-api-parent-1.0.pom
2025-11-25 17:28:05,560 [Worker-45: Importing Maven projects] INFO  o.e.m.c.i.e.AbstractTransferListenerAdapter - Downloaded https://repo.maven.apache.org/maven2/org/jboss/weld/weld-api-bom/1.0/weld-api-bom-1.0.pom
2025-11-25 17:28:05,672 [Worker-45: Importing Maven projects] INFO  o.e.m.c.i.e.AbstractTransferListenerAdapter - Downloaded https://repo.maven.apache.org/maven2/org/jboss/weld/weld-parent/6/weld-parent-6.pom
2025-11-25 17:28:05,811 [Worker-45: Importing Maven projects] INFO  o.e.m.c.i.e.AbstractTransferListenerAdapter - Downloaded https://repo.maven.apache.org/maven2/javax/annotation/jsr250-api/1.0/jsr250-api-1.0.pom
2025-11-25 17:28:05,915 [Worker-45: Importing Maven projects] INFO  o.e.m.c.i.e.AbstractTransferListenerAdapter - Downloaded https://repo.maven.apache.org/maven2/com/google/guava/guava/10.0.1/guava-10.0.1.pom
2025-11-25 17:28:06,022 [Worker-45: Importing Maven projects] INFO  o.e.m.c.i.e.AbstractTransferListenerAdapter - Downloaded https://repo.maven.apache.org/maven2/com/google/guava/guava-parent/10.0.1/guava-parent-10.0.1.pom
2025-11-25 17:28:06,120 [Worker-45: Importing Maven projects] INFO  o.e.m.c.i.e.AbstractTransferListenerAdapter - Downloaded https://repo.maven.apache.org/maven2/com/google/code/findbugs/jsr305/1.3.9/jsr305-1.3.9.pom
2025-11-25 17:28:06,219 [Worker-45: Importing Maven projects] INFO  o.e.m.c.i.e.AbstractTransferListenerAdapter - Downloaded https://repo.maven.apache.org/maven2/org/sonatype/sisu/sisu-guice/3.1.0/sisu-guice-3.1.0.pom
2025-11-25 17:28:06,325 [Worker-45: Importing Maven projects] INFO  o.e.m.c.i.e.AbstractTransferListenerAdapter - Downloaded https://repo.maven.apache.org/maven2/org/sonatype/sisu/inject/guice-parent/3.1.0/guice-parent-3.1.0.pom
2025-11-25 17:28:06,449 [Worker-45: Importing Maven projects] INFO  o.e.m.c.i.e.AbstractTransferListenerAdapter - Downloaded https://repo.maven.apache.org/maven2/org/eclipse/sisu/org.eclipse.sisu.inject/0.0.0.M2a/org.eclipse.sisu.inject-0.0.0.M2a.pom
2025-11-25 17:28:06,563 [Worker-45: Importing Maven projects] INFO  o.e.m.c.i.e.AbstractTransferListenerAdapter - Downloaded https://repo.maven.apache.org/maven2/org/eclipse/sisu/sisu-inject/0.0.0.M2a/sisu-inject-0.0.0.M2a.pom
2025-11-25 17:28:06,669 [Worker-45: Importing Maven projects] INFO  o.e.m.c.i.e.AbstractTransferListenerAdapter - Downloaded https://repo.maven.apache.org/maven2/asm/asm/3.3.1/asm-3.3.1.pom
2025-11-25 17:28:06,796 [Worker-45: Importing Maven projects] INFO  o.e.m.c.i.e.AbstractTransferListenerAdapter - Downloaded https://repo.maven.apache.org/maven2/asm/asm-parent/3.3.1/asm-parent-3.3.1.pom
2025-11-25 17:28:06,911 [Worker-45: Importing Maven projects] INFO  o.e.m.c.i.e.AbstractTransferListenerAdapter - Downloaded https://repo.maven.apache.org/maven2/org/codehaus/plexus/plexus-classworlds/2.4/plexus-classworlds-2.4.pom
2025-11-25 17:28:07,021 [Worker-45: Importing Maven projects] INFO  o.e.m.c.i.e.AbstractTransferListenerAdapter - Downloaded https://repo.maven.apache.org/maven2/org/codehaus/plexus/plexus-utils/2.1/plexus-utils-2.1.pom
2025-11-25 17:28:07,127 [Worker-45: Importing Maven projects] INFO  o.e.m.c.i.e.AbstractTransferListenerAdapter - Downloaded https://repo.maven.apache.org/maven2/org/apache/maven/maven-core/3.1.0/maven-core-3.1.0.pom
2025-11-25 17:28:07,227 [Worker-45: Importing Maven projects] INFO  o.e.m.c.i.e.AbstractTransferListenerAdapter - Downloaded https://repo.maven.apache.org/maven2/org/apache/maven/maven-settings/3.1.0/maven-settings-3.1.0.pom
2025-11-25 17:28:07,356 [Worker-45: Importing Maven projects] INFO  o.e.m.c.i.e.AbstractTransferListenerAdapter - Downloaded https://repo.maven.apache.org/maven2/org/apache/maven/maven-settings-builder/3.1.0/maven-settings-builder-3.1.0.pom
2025-11-25 17:28:07,455 [Worker-45: Importing Maven projects] INFO  o.e.m.c.i.e.AbstractTransferListenerAdapter - Downloaded https://repo.maven.apache.org/maven2/org/codehaus/plexus/plexus-interpolation/1.16/plexus-interpolation-1.16.pom
2025-11-25 17:28:07,582 [Worker-45: Importing Maven projects] INFO  o.e.m.c.i.e.AbstractTransferListenerAdapter - Downloaded https://repo.maven.apache.org/maven2/org/codehaus/plexus/plexus-components/1.3/plexus-components-1.3.pom
2025-11-25 17:28:07,720 [Worker-45: Importing Maven projects] INFO  o.e.m.c.i.e.AbstractTransferListenerAdapter - Downloaded https://repo.maven.apache.org/maven2/org/apache/maven/maven-repository-metadata/3.1.0/maven-repository-metadata-3.1.0.pom
2025-11-25 17:28:07,831 [Worker-45: Importing Maven projects] INFO  o.e.m.c.i.e.AbstractTransferListenerAdapter - Downloaded https://repo.maven.apache.org/maven2/org/apache/maven/maven-model-builder/3.1.0/maven-model-builder-3.1.0.pom
2025-11-25 17:28:07,928 [Worker-45: Importing Maven projects] INFO  o.e.m.c.i.e.AbstractTransferListenerAdapter - Downloaded https://repo.maven.apache.org/maven2/org/apache/maven/maven-aether-provider/3.1.0/maven-aether-provider-3.1.0.pom
2025-11-25 17:28:08,027 [Worker-45: Importing Maven projects] INFO  o.e.m.c.i.e.AbstractTransferListenerAdapter - Downloaded https://repo.maven.apache.org/maven2/org/eclipse/aether/aether-api/0.9.0.M2/aether-api-0.9.0.M2.pom
2025-11-25 17:28:08,169 [Worker-45: Importing Maven projects] INFO  o.e.m.c.i.e.AbstractTransferListenerAdapter - Downloaded https://repo.maven.apache.org/maven2/org/eclipse/aether/aether-spi/0.9.0.M2/aether-spi-0.9.0.M2.pom
2025-11-25 17:28:08,313 [Worker-45: Importing Maven projects] INFO  o.e.m.c.i.e.AbstractTransferListenerAdapter - Downloaded https://repo.maven.apache.org/maven2/org/eclipse/aether/aether-impl/0.9.0.M2/aether-impl-0.9.0.M2.pom
2025-11-25 17:28:08,420 [Worker-45: Importing Maven projects] INFO  o.e.m.c.i.e.AbstractTransferListenerAdapter - Downloaded https://repo.maven.apache.org/maven2/org/codehaus/plexus/plexus-classworlds/2.4.2/plexus-classworlds-2.4.2.pom
2025-11-25 17:28:08,541 [Worker-45: Importing Maven projects] INFO  o.e.m.c.i.e.AbstractTransferListenerAdapter - Downloaded https://repo.maven.apache.org/maven2/org/apache/maven/shared/file-management/3.0.0/file-management-3.0.0.pom
2025-11-25 17:28:08,761 [Worker-45: Importing Maven projects] INFO  o.e.m.c.i.e.AbstractTransferListenerAdapter - Downloaded https://repo.maven.apache.org/maven2/org/apache/maven/shared/maven-shared-io/3.0.0/maven-shared-io-3.0.0.pom
2025-11-25 17:28:08,892 [Worker-45: Importing Maven projects] INFO  o.e.m.c.i.e.AbstractTransferListenerAdapter - Downloaded https://repo.maven.apache.org/maven2/org/apache/maven/maven-compat/3.0/maven-compat-3.0.pom
2025-11-25 17:28:09,107 [Worker-45: Importing Maven projects] INFO  o.e.m.c.i.e.AbstractTransferListenerAdapter - Downloaded https://repo.maven.apache.org/maven2/org/apache/maven/wagon/wagon-provider-api/1.0-beta-6/wagon-provider-api-1.0-beta-6.pom
2025-11-25 17:28:09,225 [Worker-45: Importing Maven projects] INFO  o.e.m.c.i.e.AbstractTransferListenerAdapter - Downloaded https://repo.maven.apache.org/maven2/org/apache/maven/wagon/wagon/1.0-beta-6/wagon-1.0-beta-6.pom
2025-11-25 17:28:09,355 [Worker-45: Importing Maven projects] INFO  o.e.m.c.i.e.AbstractTransferListenerAdapter - Downloaded https://repo.maven.apache.org/maven2/org/apache/maven/wagon/wagon-provider-api/2.10/wagon-provider-api-2.10.pom
2025-11-25 17:28:09,475 [Worker-45: Importing Maven projects] INFO  o.e.m.c.i.e.AbstractTransferListenerAdapter - Downloaded https://repo.maven.apache.org/maven2/org/apache/maven/wagon/wagon/2.10/wagon-2.10.pom
2025-11-25 17:28:09,570 [Worker-45: Importing Maven projects] INFO  o.e.m.c.i.e.AbstractTransferListenerAdapter - Downloaded https://repo.maven.apache.org/maven2/org/apache/maven/maven-parent/26/maven-parent-26.pom
2025-11-25 17:28:09,693 [Worker-45: Importing Maven projects] INFO  o.e.m.c.i.e.AbstractTransferListenerAdapter - Downloaded https://repo.maven.apache.org/maven2/org/codehaus/plexus/plexus-utils/3.0.15/plexus-utils-3.0.15.pom
2025-11-25 17:28:09,803 [Worker-45: Importing Maven projects] INFO  o.e.m.c.i.e.AbstractTransferListenerAdapter - Downloaded https://repo.maven.apache.org/maven2/org/apache/maven/shared/maven-shared-utils/3.0.0/maven-shared-utils-3.0.0.pom
2025-11-25 17:28:09,915 [Worker-45: Importing Maven projects] INFO  o.e.m.c.i.e.AbstractTransferListenerAdapter - Downloaded https://repo.maven.apache.org/maven2/org/apache/maven/shared/maven-shared-components/21/maven-shared-components-21.pom
2025-11-25 17:28:10,033 [Worker-45: Importing Maven projects] INFO  o.e.m.c.i.e.AbstractTransferListenerAdapter - Downloaded https://repo.maven.apache.org/maven2/commons-io/commons-io/2.4/commons-io-2.4.pom
2025-11-25 17:28:10,132 [Worker-45: Importing Maven projects] INFO  o.e.m.c.i.e.AbstractTransferListenerAdapter - Downloaded https://repo.maven.apache.org/maven2/org/apache/commons/commons-parent/25/commons-parent-25.pom
2025-11-25 17:28:10,267 [Worker-45: Importing Maven projects] INFO  o.e.m.c.i.e.AbstractTransferListenerAdapter - Downloaded https://repo.maven.apache.org/maven2/org/apache/maven/maven-archiver/3.5.2/maven-archiver-3.5.2.pom
2025-11-25 17:28:10,396 [Worker-45: Importing Maven projects] INFO  o.e.m.c.i.e.AbstractTransferListenerAdapter - Downloaded https://repo.maven.apache.org/maven2/org/apache/maven/maven-artifact/3.1.1/maven-artifact-3.1.1.pom
2025-11-25 17:28:10,501 [Worker-45: Importing Maven projects] INFO  o.e.m.c.i.e.AbstractTransferListenerAdapter - Downloaded https://repo.maven.apache.org/maven2/org/apache/maven/maven/3.1.1/maven-3.1.1.pom
2025-11-25 17:28:10,633 [Worker-45: Importing Maven projects] INFO  o.e.m.c.i.e.AbstractTransferListenerAdapter - Downloaded https://repo.maven.apache.org/maven2/org/apache/maven/maven-model/3.1.1/maven-model-3.1.1.pom
2025-11-25 17:28:10,739 [Worker-45: Importing Maven projects] INFO  o.e.m.c.i.e.AbstractTransferListenerAdapter - Downloaded https://repo.maven.apache.org/maven2/org/apache/maven/maven-core/3.1.1/maven-core-3.1.1.pom
2025-11-25 17:28:10,843 [Worker-45: Importing Maven projects] INFO  o.e.m.c.i.e.AbstractTransferListenerAdapter - Downloaded https://repo.maven.apache.org/maven2/org/apache/maven/maven-settings/3.1.1/maven-settings-3.1.1.pom
2025-11-25 17:28:10,953 [Worker-45: Importing Maven projects] INFO  o.e.m.c.i.e.AbstractTransferListenerAdapter - Downloaded https://repo.maven.apache.org/maven2/org/apache/maven/maven-settings-builder/3.1.1/maven-settings-builder-3.1.1.pom
2025-11-25 17:28:11,054 [Worker-45: Importing Maven projects] INFO  o.e.m.c.i.e.AbstractTransferListenerAdapter - Downloaded https://repo.maven.apache.org/maven2/org/codehaus/plexus/plexus-interpolation/1.19/plexus-interpolation-1.19.pom
2025-11-25 17:28:11,172 [Worker-45: Importing Maven projects] INFO  o.e.m.c.i.e.AbstractTransferListenerAdapter - Downloaded https://repo.maven.apache.org/maven2/org/apache/maven/maven-repository-metadata/3.1.1/maven-repository-metadata-3.1.1.pom
2025-11-25 17:28:11,263 [Worker-45: Importing Maven projects] INFO  o.e.m.c.i.e.AbstractTransferListenerAdapter - Downloaded https://repo.maven.apache.org/maven2/org/apache/maven/maven-plugin-api/3.1.1/maven-plugin-api-3.1.1.pom
2025-11-25 17:28:11,369 [Worker-45: Importing Maven projects] INFO  o.e.m.c.i.e.AbstractTransferListenerAdapter - Downloaded https://repo.maven.apache.org/maven2/org/eclipse/sisu/org.eclipse.sisu.plexus/0.0.0.M5/org.eclipse.sisu.plexus-0.0.0.M5.pom
2025-11-25 17:28:11,476 [Worker-45: Importing Maven projects] INFO  o.e.m.c.i.e.AbstractTransferListenerAdapter - Downloaded https://repo.maven.apache.org/maven2/org/eclipse/sisu/sisu-plexus/0.0.0.M5/sisu-plexus-0.0.0.M5.pom
2025-11-25 17:28:11,564 [Worker-45: Importing Maven projects] INFO  o.e.m.c.i.e.AbstractTransferListenerAdapter - Downloaded https://repo.maven.apache.org/maven2/org/eclipse/sisu/org.eclipse.sisu.inject/0.0.0.M5/org.eclipse.sisu.inject-0.0.0.M5.pom
2025-11-25 17:28:11,691 [Worker-45: Importing Maven projects] INFO  o.e.m.c.i.e.AbstractTransferListenerAdapter - Downloaded https://repo.maven.apache.org/maven2/org/eclipse/sisu/sisu-inject/0.0.0.M5/sisu-inject-0.0.0.M5.pom
2025-11-25 17:28:11,806 [Worker-45: Importing Maven projects] INFO  o.e.m.c.i.e.AbstractTransferListenerAdapter - Downloaded https://repo.maven.apache.org/maven2/org/apache/maven/maven-model-builder/3.1.1/maven-model-builder-3.1.1.pom
2025-11-25 17:28:11,922 [Worker-45: Importing Maven projects] INFO  o.e.m.c.i.e.AbstractTransferListenerAdapter - Downloaded https://repo.maven.apache.org/maven2/org/apache/maven/maven-aether-provider/3.1.1/maven-aether-provider-3.1.1.pom
2025-11-25 17:28:12,046 [Worker-45: Importing Maven projects] INFO  o.e.m.c.i.e.AbstractTransferListenerAdapter - Downloaded https://repo.maven.apache.org/maven2/org/codehaus/plexus/plexus-classworlds/2.5.1/plexus-classworlds-2.5.1.pom
2025-11-25 17:28:12,177 [Worker-45: Importing Maven projects] INFO  o.e.m.c.i.e.AbstractTransferListenerAdapter - Downloaded https://repo.maven.apache.org/maven2/org/apache/maven/shared/maven-shared-utils/3.3.3/maven-shared-utils-3.3.3.pom
2025-11-25 17:28:12,299 [Worker-45: Importing Maven projects] INFO  o.e.m.c.i.e.AbstractTransferListenerAdapter - Downloaded https://repo.maven.apache.org/maven2/org/apache/commons/commons-compress/1.20/commons-compress-1.20.pom
2025-11-25 17:28:12,407 [Worker-45: Importing Maven projects] INFO  o.e.m.c.i.e.AbstractTransferListenerAdapter - Downloaded https://repo.maven.apache.org/maven2/org/codehaus/plexus/plexus-archiver/4.2.7/plexus-archiver-4.2.7.pom
2025-11-25 17:28:12,497 [Worker-45: Importing Maven projects] INFO  o.e.m.c.i.e.AbstractTransferListenerAdapter - Downloaded https://repo.maven.apache.org/maven2/org/codehaus/plexus/plexus-io/3.2.0/plexus-io-3.2.0.pom
2025-11-25 17:28:12,645 [Worker-45: Importing Maven projects] INFO  o.e.m.c.i.e.AbstractTransferListenerAdapter - Downloaded https://repo.maven.apache.org/maven2/org/codehaus/plexus/plexus-utils/3.3.1/plexus-utils-3.3.1.pom
2025-11-25 17:28:12,860 [Worker-45: Importing Maven projects] INFO  o.e.m.c.i.e.AbstractTransferListenerAdapter - Downloading https://repo.maven.apache.org/maven2/org/apache/maven/maven-plugin-api/3.1.0/maven-plugin-api-3.1.0.jar
2025-11-25 17:28:12,919 [Worker-45: Importing Maven projects] INFO  o.e.m.c.i.e.AbstractTransferListenerAdapter - Downloaded https://repo.maven.apache.org/maven2/org/apache/maven/maven-plugin-api/3.1.0/maven-plugin-api-3.1.0.jar
2025-11-25 17:28:12,951 [Worker-45: Importing Maven projects] INFO  o.e.m.c.i.e.AbstractTransferListenerAdapter - Downloading https://repo.maven.apache.org/maven2/org/apache/maven/maven-model/3.1.0/maven-model-3.1.0.jar
2025-11-25 17:28:13,038 [Worker-45: Importing Maven projects] INFO  o.e.m.c.i.e.AbstractTransferListenerAdapter - Downloaded https://repo.maven.apache.org/maven2/org/apache/maven/maven-model/3.1.0/maven-model-3.1.0.jar
2025-11-25 17:28:13,067 [Worker-45: Importing Maven projects] INFO  o.e.m.c.i.e.AbstractTransferListenerAdapter - Downloading https://repo.maven.apache.org/maven2/org/eclipse/sisu/org.eclipse.sisu.plexus/0.0.0.M2a/org.eclipse.sisu.plexus-0.0.0.M2a.jar
2025-11-25 17:28:13,122 [Worker-45: Importing Maven projects] INFO  o.e.m.c.i.e.AbstractTransferListenerAdapter - Downloaded https://repo.maven.apache.org/maven2/org/eclipse/sisu/org.eclipse.sisu.plexus/0.0.0.M2a/org.eclipse.sisu.plexus-0.0.0.M2a.jar
2025-11-25 17:28:13,157 [Worker-45: Importing Maven projects] INFO  o.e.m.c.i.e.AbstractTransferListenerAdapter - Downloading https://repo.maven.apache.org/maven2/javax/enterprise/cdi-api/1.0/cdi-api-1.0.jar
2025-11-25 17:28:13,212 [Worker-45: Importing Maven projects] INFO  o.e.m.c.i.e.AbstractTransferListenerAdapter - Downloaded https://repo.maven.apache.org/maven2/javax/enterprise/cdi-api/1.0/cdi-api-1.0.jar
2025-11-25 17:28:13,242 [Worker-45: Importing Maven projects] INFO  o.e.m.c.i.e.AbstractTransferListenerAdapter - Downloading https://repo.maven.apache.org/maven2/javax/annotation/jsr250-api/1.0/jsr250-api-1.0.jar
2025-11-25 17:28:13,290 [Worker-45: Importing Maven projects] INFO  o.e.m.c.i.e.AbstractTransferListenerAdapter - Downloaded https://repo.maven.apache.org/maven2/javax/annotation/jsr250-api/1.0/jsr250-api-1.0.jar
2025-11-25 17:28:13,331 [Worker-45: Importing Maven projects] INFO  o.e.m.c.i.e.AbstractTransferListenerAdapter - Downloading https://repo.maven.apache.org/maven2/com/google/guava/guava/10.0.1/guava-10.0.1.jar
2025-11-25 17:28:13,462 [Worker-45: Importing Maven projects] INFO  o.e.m.c.i.e.AbstractTransferListenerAdapter - Downloaded https://repo.maven.apache.org/maven2/com/google/guava/guava/10.0.1/guava-10.0.1.jar
2025-11-25 17:28:13,493 [Worker-45: Importing Maven projects] INFO  o.e.m.c.i.e.AbstractTransferListenerAdapter - Downloading https://repo.maven.apache.org/maven2/com/google/code/findbugs/jsr305/1.3.9/jsr305-1.3.9.jar
2025-11-25 17:28:13,536 [Worker-45: Importing Maven projects] INFO  o.e.m.c.i.e.AbstractTransferListenerAdapter - Downloaded https://repo.maven.apache.org/maven2/com/google/code/findbugs/jsr305/1.3.9/jsr305-1.3.9.jar
2025-11-25 17:28:13,576 [Worker-45: Importing Maven projects] INFO  o.e.m.c.i.e.AbstractTransferListenerAdapter - Downloading https://repo.maven.apache.org/maven2/org/sonatype/sisu/sisu-guice/3.1.0/sisu-guice-3.1.0-no_aop.jar
2025-11-25 17:28:13,644 [Worker-45: Importing Maven projects] INFO  o.e.m.c.i.e.AbstractTransferListenerAdapter - Downloaded https://repo.maven.apache.org/maven2/org/sonatype/sisu/sisu-guice/3.1.0/sisu-guice-3.1.0-no_aop.jar
2025-11-25 17:28:13,687 [Worker-45: Importing Maven projects] INFO  o.e.m.c.i.e.AbstractTransferListenerAdapter - Downloading https://repo.maven.apache.org/maven2/aopalliance/aopalliance/1.0/aopalliance-1.0.jar
2025-11-25 17:28:13,740 [Worker-45: Importing Maven projects] INFO  o.e.m.c.i.e.AbstractTransferListenerAdapter - Downloaded https://repo.maven.apache.org/maven2/aopalliance/aopalliance/1.0/aopalliance-1.0.jar
2025-11-25 17:28:13,782 [Worker-45: Importing Maven projects] INFO  o.e.m.c.i.e.AbstractTransferListenerAdapter - Downloading https://repo.maven.apache.org/maven2/org/eclipse/sisu/org.eclipse.sisu.inject/0.0.0.M2a/org.eclipse.sisu.inject-0.0.0.M2a.jar
2025-11-25 17:28:13,833 [Worker-45: Importing Maven projects] INFO  o.e.m.c.i.e.AbstractTransferListenerAdapter - Downloaded https://repo.maven.apache.org/maven2/org/eclipse/sisu/org.eclipse.sisu.inject/0.0.0.M2a/org.eclipse.sisu.inject-0.0.0.M2a.jar
2025-11-25 17:28:13,864 [Worker-45: Importing Maven projects] INFO  o.e.m.c.i.e.AbstractTransferListenerAdapter - Downloading https://repo.maven.apache.org/maven2/asm/asm/3.3.1/asm-3.3.1.jar
2025-11-25 17:28:13,906 [Worker-45: Importing Maven projects] INFO  o.e.m.c.i.e.AbstractTransferListenerAdapter - Downloaded https://repo.maven.apache.org/maven2/asm/asm/3.3.1/asm-3.3.1.jar
2025-11-25 17:28:13,938 [Worker-45: Importing Maven projects] INFO  o.e.m.c.i.e.AbstractTransferListenerAdapter - Downloading https://repo.maven.apache.org/maven2/org/apache/maven/maven-core/3.1.0/maven-core-3.1.0.jar
2025-11-25 17:28:14,008 [Worker-45: Importing Maven projects] INFO  o.e.m.c.i.e.AbstractTransferListenerAdapter - Downloaded https://repo.maven.apache.org/maven2/org/apache/maven/maven-core/3.1.0/maven-core-3.1.0.jar
2025-11-25 17:28:14,040 [Worker-45: Importing Maven projects] INFO  o.e.m.c.i.e.AbstractTransferListenerAdapter - Downloading https://repo.maven.apache.org/maven2/org/apache/maven/maven-settings/3.1.0/maven-settings-3.1.0.jar
2025-11-25 17:28:14,115 [Worker-45: Importing Maven projects] INFO  o.e.m.c.i.e.AbstractTransferListenerAdapter - Downloaded https://repo.maven.apache.org/maven2/org/apache/maven/maven-settings/3.1.0/maven-settings-3.1.0.jar
2025-11-25 17:28:14,148 [Worker-45: Importing Maven projects] INFO  o.e.m.c.i.e.AbstractTransferListenerAdapter - Downloading https://repo.maven.apache.org/maven2/org/apache/maven/maven-settings-builder/3.1.0/maven-settings-builder-3.1.0.jar
2025-11-25 17:28:14,216 [Worker-45: Importing Maven projects] INFO  o.e.m.c.i.e.AbstractTransferListenerAdapter - Downloaded https://repo.maven.apache.org/maven2/org/apache/maven/maven-settings-builder/3.1.0/maven-settings-builder-3.1.0.jar
2025-11-25 17:28:14,249 [Worker-45: Importing Maven projects] INFO  o.e.m.c.i.e.AbstractTransferListenerAdapter - Downloading https://repo.maven.apache.org/maven2/org/apache/maven/maven-repository-metadata/3.1.0/maven-repository-metadata-3.1.0.jar
2025-11-25 17:28:14,298 [Worker-45: Importing Maven projects] INFO  o.e.m.c.i.e.AbstractTransferListenerAdapter - Downloaded https://repo.maven.apache.org/maven2/org/apache/maven/maven-repository-metadata/3.1.0/maven-repository-metadata-3.1.0.jar
2025-11-25 17:28:14,333 [Worker-45: Importing Maven projects] INFO  o.e.m.c.i.e.AbstractTransferListenerAdapter - Downloading https://repo.maven.apache.org/maven2/org/apache/maven/maven-model-builder/3.1.0/maven-model-builder-3.1.0.jar
2025-11-25 17:28:14,388 [Worker-45: Importing Maven projects] INFO  o.e.m.c.i.e.AbstractTransferListenerAdapter - Downloaded https://repo.maven.apache.org/maven2/org/apache/maven/maven-model-builder/3.1.0/maven-model-builder-3.1.0.jar
2025-11-25 17:28:14,418 [Worker-45: Importing Maven projects] INFO  o.e.m.c.i.e.AbstractTransferListenerAdapter - Downloading https://repo.maven.apache.org/maven2/org/apache/maven/maven-aether-provider/3.1.0/maven-aether-provider-3.1.0.jar
2025-11-25 17:28:14,470 [Worker-45: Importing Maven projects] INFO  o.e.m.c.i.e.AbstractTransferListenerAdapter - Downloaded https://repo.maven.apache.org/maven2/org/apache/maven/maven-aether-provider/3.1.0/maven-aether-provider-3.1.0.jar
2025-11-25 17:28:14,505 [Worker-45: Importing Maven projects] INFO  o.e.m.c.i.e.AbstractTransferListenerAdapter - Downloading https://repo.maven.apache.org/maven2/org/eclipse/aether/aether-spi/0.9.0.M2/aether-spi-0.9.0.M2.jar
2025-11-25 17:28:14,563 [Worker-45: Importing Maven projects] INFO  o.e.m.c.i.e.AbstractTransferListenerAdapter - Downloaded https://repo.maven.apache.org/maven2/org/eclipse/aether/aether-spi/0.9.0.M2/aether-spi-0.9.0.M2.jar
2025-11-25 17:28:14,593 [Worker-45: Importing Maven projects] INFO  o.e.m.c.i.e.AbstractTransferListenerAdapter - Downloading https://repo.maven.apache.org/maven2/org/eclipse/aether/aether-impl/0.9.0.M2/aether-impl-0.9.0.M2.jar
2025-11-25 17:28:14,645 [Worker-45: Importing Maven projects] INFO  o.e.m.c.i.e.AbstractTransferListenerAdapter - Downloaded https://repo.maven.apache.org/maven2/org/eclipse/aether/aether-impl/0.9.0.M2/aether-impl-0.9.0.M2.jar
2025-11-25 17:28:14,686 [Worker-45: Importing Maven projects] INFO  o.e.m.c.i.e.AbstractTransferListenerAdapter - Downloading https://repo.maven.apache.org/maven2/org/eclipse/aether/aether-api/0.9.0.M2/aether-api-0.9.0.M2.jar
2025-11-25 17:28:14,738 [Worker-45: Importing Maven projects] INFO  o.e.m.c.i.e.AbstractTransferListenerAdapter - Downloaded https://repo.maven.apache.org/maven2/org/eclipse/aether/aether-api/0.9.0.M2/aether-api-0.9.0.M2.jar
2025-11-25 17:28:14,770 [Worker-45: Importing Maven projects] INFO  o.e.m.c.i.e.AbstractTransferListenerAdapter - Downloading https://repo.maven.apache.org/maven2/org/codehaus/plexus/plexus-interpolation/1.16/plexus-interpolation-1.16.jar
2025-11-25 17:28:14,821 [Worker-45: Importing Maven projects] INFO  o.e.m.c.i.e.AbstractTransferListenerAdapter - Downloaded https://repo.maven.apache.org/maven2/org/codehaus/plexus/plexus-interpolation/1.16/plexus-interpolation-1.16.jar
2025-11-25 17:28:14,851 [Worker-45: Importing Maven projects] INFO  o.e.m.c.i.e.AbstractTransferListenerAdapter - Downloading https://repo.maven.apache.org/maven2/org/codehaus/plexus/plexus-classworlds/2.4.2/plexus-classworlds-2.4.2.jar
2025-11-25 17:28:14,892 [Worker-45: Importing Maven projects] INFO  o.e.m.c.i.e.AbstractTransferListenerAdapter - Downloaded https://repo.maven.apache.org/maven2/org/codehaus/plexus/plexus-classworlds/2.4.2/plexus-classworlds-2.4.2.jar
2025-11-25 17:28:14,920 [Worker-45: Importing Maven projects] INFO  o.e.m.c.i.e.AbstractTransferListenerAdapter - Downloading https://repo.maven.apache.org/maven2/org/apache/maven/maven-artifact/3.1.0/maven-artifact-3.1.0.jar
2025-11-25 17:28:14,968 [Worker-45: Importing Maven projects] INFO  o.e.m.c.i.e.AbstractTransferListenerAdapter - Downloaded https://repo.maven.apache.org/maven2/org/apache/maven/maven-artifact/3.1.0/maven-artifact-3.1.0.jar
2025-11-25 17:28:15,008 [Worker-45: Importing Maven projects] INFO  o.e.m.c.i.e.AbstractTransferListenerAdapter - Downloading https://repo.maven.apache.org/maven2/org/apache/maven/shared/file-management/3.0.0/file-management-3.0.0.jar
2025-11-25 17:28:15,060 [Worker-45: Importing Maven projects] INFO  o.e.m.c.i.e.AbstractTransferListenerAdapter - Downloaded https://repo.maven.apache.org/maven2/org/apache/maven/shared/file-management/3.0.0/file-management-3.0.0.jar
2025-11-25 17:28:15,098 [Worker-45: Importing Maven projects] INFO  o.e.m.c.i.e.AbstractTransferListenerAdapter - Downloading https://repo.maven.apache.org/maven2/org/apache/maven/shared/maven-shared-io/3.0.0/maven-shared-io-3.0.0.jar
2025-11-25 17:28:15,153 [Worker-45: Importing Maven projects] INFO  o.e.m.c.i.e.AbstractTransferListenerAdapter - Downloaded https://repo.maven.apache.org/maven2/org/apache/maven/shared/maven-shared-io/3.0.0/maven-shared-io-3.0.0.jar
2025-11-25 17:28:15,195 [Worker-45: Importing Maven projects] INFO  o.e.m.c.i.e.AbstractTransferListenerAdapter - Downloading https://repo.maven.apache.org/maven2/org/apache/maven/maven-compat/3.0/maven-compat-3.0.jar
2025-11-25 17:28:15,255 [Worker-45: Importing Maven projects] INFO  o.e.m.c.i.e.AbstractTransferListenerAdapter - Downloaded https://repo.maven.apache.org/maven2/org/apache/maven/maven-compat/3.0/maven-compat-3.0.jar
2025-11-25 17:28:15,284 [Worker-45: Importing Maven projects] INFO  o.e.m.c.i.e.AbstractTransferListenerAdapter - Downloading https://repo.maven.apache.org/maven2/org/apache/maven/wagon/wagon-provider-api/2.10/wagon-provider-api-2.10.jar
2025-11-25 17:28:15,327 [Worker-45: Importing Maven projects] INFO  o.e.m.c.i.e.AbstractTransferListenerAdapter - Downloaded https://repo.maven.apache.org/maven2/org/apache/maven/wagon/wagon-provider-api/2.10/wagon-provider-api-2.10.jar
2025-11-25 17:28:15,374 [Worker-45: Importing Maven projects] INFO  o.e.m.c.i.e.AbstractTransferListenerAdapter - Downloading https://repo.maven.apache.org/maven2/org/apache/maven/maven-archiver/3.5.2/maven-archiver-3.5.2.jar
2025-11-25 17:28:15,420 [Worker-45: Importing Maven projects] INFO  o.e.m.c.i.e.AbstractTransferListenerAdapter - Downloaded https://repo.maven.apache.org/maven2/org/apache/maven/maven-archiver/3.5.2/maven-archiver-3.5.2.jar
2025-11-25 17:28:15,454 [Worker-45: Importing Maven projects] INFO  o.e.m.c.i.e.AbstractTransferListenerAdapter - Downloading https://repo.maven.apache.org/maven2/org/apache/commons/commons-compress/1.20/commons-compress-1.20.jar
2025-11-25 17:28:15,545 [Worker-45: Importing Maven projects] INFO  o.e.m.c.i.e.AbstractTransferListenerAdapter - Downloaded https://repo.maven.apache.org/maven2/org/apache/commons/commons-compress/1.20/commons-compress-1.20.jar
2025-11-25 17:28:15,575 [Worker-45: Importing Maven projects] INFO  o.e.m.c.i.e.AbstractTransferListenerAdapter - Downloading https://repo.maven.apache.org/maven2/org/codehaus/plexus/plexus-archiver/4.2.7/plexus-archiver-4.2.7.jar
2025-11-25 17:28:15,638 [Worker-45: Importing Maven projects] INFO  o.e.m.c.i.e.AbstractTransferListenerAdapter - Downloaded https://repo.maven.apache.org/maven2/org/codehaus/plexus/plexus-archiver/4.2.7/plexus-archiver-4.2.7.jar
2025-11-25 17:28:15,680 [Worker-45: Importing Maven projects] INFO  o.e.m.c.i.e.AbstractTransferListenerAdapter - Downloading https://repo.maven.apache.org/maven2/org/codehaus/plexus/plexus-io/3.2.0/plexus-io-3.2.0.jar
2025-11-25 17:28:15,737 [Worker-45: Importing Maven projects] INFO  o.e.m.c.i.e.AbstractTransferListenerAdapter - Downloaded https://repo.maven.apache.org/maven2/org/codehaus/plexus/plexus-io/3.2.0/plexus-io-3.2.0.jar
2025-11-25 17:28:15,781 [Worker-45: Importing Maven projects] INFO  o.e.m.c.i.e.AbstractTransferListenerAdapter - Downloading https://repo.maven.apache.org/maven2/org/codehaus/plexus/plexus-utils/3.3.1/plexus-utils-3.3.1.jar
2025-11-25 17:28:15,835 [Worker-45: Importing Maven projects] INFO  o.e.m.c.i.e.AbstractTransferListenerAdapter - Downloaded https://repo.maven.apache.org/maven2/org/codehaus/plexus/plexus-utils/3.3.1/plexus-utils-3.3.1.jar
2025-11-25 17:28:32,663 [Worker-46: Download sources and javadoc] INFO  o.e.m.c.i.e.AbstractTransferListenerAdapter - Downloading https://repo.maven.apache.org/maven2/org/springframework/boot/spring-boot-starter-web/2.7.12/spring-boot-starter-web-2.7.12-sources.jar
2025-11-25 17:28:32,790 [Worker-46: Download sources and javadoc] INFO  o.e.m.c.i.e.AbstractTransferListenerAdapter - Downloaded https://repo.maven.apache.org/maven2/org/springframework/boot/spring-boot-starter-web/2.7.12/spring-boot-starter-web-2.7.12-sources.jar
2025-11-25 17:28:32,935 [Worker-46: Download sources and javadoc] INFO  o.e.m.j.internal.DownloadSourcesJob - Downloaded sources for org.springframework.boot:spring-boot-starter-web:2.7.12
2025-11-25 17:28:32,978 [Worker-46: Download sources and javadoc] INFO  o.e.m.c.i.e.AbstractTransferListenerAdapter - Downloading https://repo.maven.apache.org/maven2/org/springframework/boot/spring-boot-starter/2.7.12/spring-boot-starter-2.7.12-sources.jar
2025-11-25 17:28:33,267 [Worker-46: Download sources and javadoc] INFO  o.e.m.c.i.e.AbstractTransferListenerAdapter - Downloaded https://repo.maven.apache.org/maven2/org/springframework/boot/spring-boot-starter/2.7.12/spring-boot-starter-2.7.12-sources.jar
2025-11-25 17:28:33,558 [Worker-46: Download sources and javadoc] INFO  o.e.m.j.internal.DownloadSourcesJob - Downloaded sources for org.springframework.boot:spring-boot-starter:2.7.12
2025-11-25 17:28:33,611 [Worker-46: Download sources and javadoc] INFO  o.e.m.c.i.e.AbstractTransferListenerAdapter - Downloading https://repo.maven.apache.org/maven2/org/springframework/boot/spring-boot/2.7.12/spring-boot-2.7.12-sources.jar
2025-11-25 17:28:33,635 [Worker-45: Importing Maven projects] WARN  o.e.m.j.i.AbstractJavaProjectConfigurator - Could not determine source level, using default 1.5
2025-11-25 17:28:33,641 [Worker-45: Importing Maven projects] WARN  o.e.m.j.i.AbstractJavaProjectConfigurator - Could not determine target level, using default 1.5
2025-11-25 17:28:33,958 [Worker-46: Download sources and javadoc] INFO  o.e.m.c.i.e.AbstractTransferListenerAdapter - Downloaded https://repo.maven.apache.org/maven2/org/springframework/boot/spring-boot/2.7.12/spring-boot-2.7.12-sources.jar
2025-11-25 17:28:34,167 [Worker-46: Download sources and javadoc] INFO  o.e.m.j.internal.DownloadSourcesJob - Downloaded sources for org.springframework.boot:spring-boot:2.7.12
2025-11-25 17:28:34,217 [Worker-46: Download sources and javadoc] INFO  o.e.m.c.i.e.AbstractTransferListenerAdapter - Downloading https://repo.maven.apache.org/maven2/org/springframework/boot/spring-boot-autoconfigure/2.7.12/spring-boot-autoconfigure-2.7.12-sources.jar
2025-11-25 17:28:34,529 [Worker-45: Importing Maven projects] INFO  o.e.m.c.i.e.AbstractTransferListenerAdapter - Downloaded https://repo.maven.apache.org/maven2/org/apache/maven/shared/maven-filtering/3.2.0/maven-filtering-3.2.0.pom
2025-11-25 17:28:34,678 [Worker-46: Download sources and javadoc] INFO  o.e.m.c.i.e.AbstractTransferListenerAdapter - Downloaded https://repo.maven.apache.org/maven2/org/springframework/boot/spring-boot-autoconfigure/2.7.12/spring-boot-autoconfigure-2.7.12-sources.jar
2025-11-25 17:28:34,753 [Worker-45: Importing Maven projects] INFO  o.e.m.c.i.e.AbstractTransferListenerAdapter - Downloaded https://repo.maven.apache.org/maven2/org/apache/commons/commons-lang3/3.8.1/commons-lang3-3.8.1.pom
2025-11-25 17:28:34,851 [Worker-46: Download sources and javadoc] INFO  o.e.m.j.internal.DownloadSourcesJob - Downloaded sources for org.springframework.boot:spring-boot-autoconfigure:2.7.12
2025-11-25 17:28:34,901 [Worker-46: Download sources and javadoc] INFO  o.e.m.c.i.e.AbstractTransferListenerAdapter - Downloading https://repo.maven.apache.org/maven2/org/springframework/boot/spring-boot-starter-logging/2.7.12/spring-boot-starter-logging-2.7.12-sources.jar
2025-11-25 17:28:35,034 [Worker-46: Download sources and javadoc] INFO  o.e.m.c.i.e.AbstractTransferListenerAdapter - Downloaded https://repo.maven.apache.org/maven2/org/springframework/boot/spring-boot-starter-logging/2.7.12/spring-boot-starter-logging-2.7.12-sources.jar
2025-11-25 17:28:35,185 [Worker-45: Importing Maven projects] INFO  o.e.m.c.i.e.AbstractTransferListenerAdapter - Downloading https://repo.maven.apache.org/maven2/org/codehaus/plexus/plexus-utils/3.0.10/plexus-utils-3.0.10.jar
2025-11-25 17:28:35,265 [Worker-46: Download sources and javadoc] INFO  o.e.m.j.internal.DownloadSourcesJob - Downloaded sources for org.springframework.boot:spring-boot-starter-logging:2.7.12
2025-11-25 17:28:35,283 [Worker-45: Importing Maven projects] INFO  o.e.m.c.i.e.AbstractTransferListenerAdapter - Downloaded https://repo.maven.apache.org/maven2/org/codehaus/plexus/plexus-utils/3.0.10/plexus-utils-3.0.10.jar
2025-11-25 17:28:35,327 [Worker-45: Importing Maven projects] INFO  o.e.m.c.i.e.AbstractTransferListenerAdapter - Downloading https://repo.maven.apache.org/maven2/org/apache/maven/shared/maven-filtering/3.2.0/maven-filtering-3.2.0.jar
2025-11-25 17:28:35,333 [Worker-46: Download sources and javadoc] INFO  o.e.m.c.i.e.AbstractTransferListenerAdapter - Downloading https://repo.maven.apache.org/maven2/ch/qos/logback/logback-classic/1.2.12/logback-classic-1.2.12-sources.jar
2025-11-25 17:28:35,420 [Worker-45: Importing Maven projects] INFO  o.e.m.c.i.e.AbstractTransferListenerAdapter - Downloaded https://repo.maven.apache.org/maven2/org/apache/maven/shared/maven-filtering/3.2.0/maven-filtering-3.2.0.jar
2025-11-25 17:28:35,420 [Worker-46: Download sources and javadoc] INFO  o.e.m.c.i.e.AbstractTransferListenerAdapter - Downloaded https://repo.maven.apache.org/maven2/ch/qos/logback/logback-classic/1.2.12/logback-classic-1.2.12-sources.jar
2025-11-25 17:28:35,471 [Worker-45: Importing Maven projects] INFO  o.e.m.c.i.e.AbstractTransferListenerAdapter - Downloading https://repo.maven.apache.org/maven2/org/apache/maven/shared/maven-shared-utils/3.3.3/maven-shared-utils-3.3.3.jar
2025-11-25 17:28:35,548 [Worker-45: Importing Maven projects] INFO  o.e.m.c.i.e.AbstractTransferListenerAdapter - Downloaded https://repo.maven.apache.org/maven2/org/apache/maven/shared/maven-shared-utils/3.3.3/maven-shared-utils-3.3.3.jar
2025-11-25 17:28:35,597 [Worker-45: Importing Maven projects] INFO  o.e.m.c.i.e.AbstractTransferListenerAdapter - Downloading https://repo.maven.apache.org/maven2/org/apache/commons/commons-lang3/3.8.1/commons-lang3-3.8.1.jar
2025-11-25 17:28:35,731 [Worker-45: Importing Maven projects] INFO  o.e.m.c.i.e.AbstractTransferListenerAdapter - Downloaded https://repo.maven.apache.org/maven2/org/apache/commons/commons-lang3/3.8.1/commons-lang3-3.8.1.jar
2025-11-25 17:28:35,784 [Worker-46: Download sources and javadoc] INFO  o.e.m.j.internal.DownloadSourcesJob - Downloaded sources for ch.qos.logback:logback-classic:1.2.12
2025-11-25 17:28:35,845 [Worker-46: Download sources and javadoc] INFO  o.e.m.c.i.e.AbstractTransferListenerAdapter - Downloading https://repo.maven.apache.org/maven2/ch/qos/logback/logback-core/1.2.12/logback-core-1.2.12-sources.jar
2025-11-25 17:28:35,945 [Worker-46: Download sources and javadoc] INFO  o.e.m.c.i.e.AbstractTransferListenerAdapter - Downloaded https://repo.maven.apache.org/maven2/ch/qos/logback/logback-core/1.2.12/logback-core-1.2.12-sources.jar
2025-11-25 17:28:36,154 [Worker-46: Download sources and javadoc] INFO  o.e.m.j.internal.DownloadSourcesJob - Downloaded sources for ch.qos.logback:logback-core:1.2.12
2025-11-25 17:28:36,202 [Worker-46: Download sources and javadoc] INFO  o.e.m.c.i.e.AbstractTransferListenerAdapter - Downloading https://repo.maven.apache.org/maven2/org/apache/logging/log4j/log4j-to-slf4j/2.17.2/log4j-to-slf4j-2.17.2-sources.jar
2025-11-25 17:28:36,277 [Worker-46: Download sources and javadoc] INFO  o.e.m.c.i.e.AbstractTransferListenerAdapter - Downloaded https://repo.maven.apache.org/maven2/org/apache/logging/log4j/log4j-to-slf4j/2.17.2/log4j-to-slf4j-2.17.2-sources.jar
2025-11-25 17:28:36,423 [Worker-46: Download sources and javadoc] INFO  o.e.m.j.internal.DownloadSourcesJob - Downloaded sources for org.apache.logging.log4j:log4j-to-slf4j:2.17.2
2025-11-25 17:28:36,475 [Worker-46: Download sources and javadoc] INFO  o.e.m.c.i.e.AbstractTransferListenerAdapter - Downloading https://repo.maven.apache.org/maven2/org/apache/logging/log4j/log4j-api/2.17.2/log4j-api-2.17.2-sources.jar
2025-11-25 17:28:36,573 [Worker-46: Download sources and javadoc] INFO  o.e.m.c.i.e.AbstractTransferListenerAdapter - Downloaded https://repo.maven.apache.org/maven2/org/apache/logging/log4j/log4j-api/2.17.2/log4j-api-2.17.2-sources.jar
2025-11-25 17:28:36,766 [Worker-46: Download sources and javadoc] INFO  o.e.m.j.internal.DownloadSourcesJob - Downloaded sources for org.apache.logging.log4j:log4j-api:2.17.2
2025-11-25 17:28:36,820 [Worker-46: Download sources and javadoc] INFO  o.e.m.c.i.e.AbstractTransferListenerAdapter - Downloading https://repo.maven.apache.org/maven2/org/slf4j/jul-to-slf4j/1.7.36/jul-to-slf4j-1.7.36-sources.jar
2025-11-25 17:28:36,931 [Worker-46: Download sources and javadoc] INFO  o.e.m.c.i.e.AbstractTransferListenerAdapter - Downloaded https://repo.maven.apache.org/maven2/org/slf4j/jul-to-slf4j/1.7.36/jul-to-slf4j-1.7.36-sources.jar
2025-11-25 17:28:37,191 [Worker-46: Download sources and javadoc] INFO  o.e.m.j.internal.DownloadSourcesJob - Downloaded sources for org.slf4j:jul-to-slf4j:1.7.36
2025-11-25 17:28:37,255 [Worker-46: Download sources and javadoc] INFO  o.e.m.c.i.e.AbstractTransferListenerAdapter - Downloading https://repo.maven.apache.org/maven2/jakarta/annotation/jakarta.annotation-api/1.3.5/jakarta.annotation-api-1.3.5-sources.jar
2025-11-25 17:28:37,326 [Worker-46: Download sources and javadoc] INFO  o.e.m.c.i.e.AbstractTransferListenerAdapter - Downloaded https://repo.maven.apache.org/maven2/jakarta/annotation/jakarta.annotation-api/1.3.5/jakarta.annotation-api-1.3.5-sources.jar
2025-11-25 17:28:37,628 [Worker-46: Download sources and javadoc] INFO  o.e.m.j.internal.DownloadSourcesJob - Downloaded sources for jakarta.annotation:jakarta.annotation-api:1.3.5
2025-11-25 17:28:37,674 [Worker-46: Download sources and javadoc] INFO  o.e.m.c.i.e.AbstractTransferListenerAdapter - Downloading https://repo.maven.apache.org/maven2/org/yaml/snakeyaml/1.30/snakeyaml-1.30-sources.jar
2025-11-25 17:28:37,794 [Worker-46: Download sources and javadoc] INFO  o.e.m.c.i.e.AbstractTransferListenerAdapter - Downloaded https://repo.maven.apache.org/maven2/org/yaml/snakeyaml/1.30/snakeyaml-1.30-sources.jar
2025-11-25 17:28:38,011 [Worker-46: Download sources and javadoc] INFO  o.e.m.j.internal.DownloadSourcesJob - Downloaded sources for org.yaml:snakeyaml:1.30
2025-11-25 17:28:38,079 [Worker-46: Download sources and javadoc] INFO  o.e.m.c.i.e.AbstractTransferListenerAdapter - Downloading https://repo.maven.apache.org/maven2/org/springframework/boot/spring-boot-starter-json/2.7.12/spring-boot-starter-json-2.7.12-sources.jar
2025-11-25 17:28:38,238 [Worker-45: Importing Maven projects] INFO  o.e.m.j.i.AbstractJavaProjectConfigurator - Adding source folder /blog-backend/src/main/java
2025-11-25 17:28:38,242 [Worker-45: Importing Maven projects] INFO  o.e.m.j.i.AbstractJavaProjectConfigurator - Adding resource folder /blog-backend/src/main/resources
2025-11-25 17:28:38,277 [Worker-45: Importing Maven projects] INFO  o.e.m.j.i.AbstractJavaProjectConfigurator - Adding resource folder /blog-backend/src/main/resources
2025-11-25 17:28:38,303 [Worker-45: Importing Maven projects] INFO  o.e.m.j.i.AbstractJavaProjectConfigurator - Adding source folder /blog-backend/src/test/java
2025-11-25 17:28:38,304 [Worker-45: Importing Maven projects] INFO  o.e.m.j.i.AbstractJavaProjectConfigurator - Adding resource folder /blog-backend/src/test/resources
2025-11-25 17:28:38,386 [Worker-46: Download sources and javadoc] INFO  o.e.m.c.i.e.AbstractTransferListenerAdapter - Downloaded https://repo.maven.apache.org/maven2/org/springframework/boot/spring-boot-starter-json/2.7.12/spring-boot-starter-json-2.7.12-sources.jar
2025-11-25 17:28:38,539 [Worker-46: Download sources and javadoc] INFO  o.e.m.j.internal.DownloadSourcesJob - Downloaded sources for org.springframework.boot:spring-boot-starter-json:2.7.12
2025-11-25 17:28:38,605 [Worker-46: Download sources and javadoc] INFO  o.e.m.c.i.e.AbstractTransferListenerAdapter - Downloading https://repo.maven.apache.org/maven2/com/fasterxml/jackson/datatype/jackson-datatype-jdk8/2.13.5/jackson-datatype-jdk8-2.13.5-sources.jar
2025-11-25 17:28:38,724 [Worker-46: Download sources and javadoc] INFO  o.e.m.c.i.e.AbstractTransferListenerAdapter - Downloaded https://repo.maven.apache.org/maven2/com/fasterxml/jackson/datatype/jackson-datatype-jdk8/2.13.5/jackson-datatype-jdk8-2.13.5-sources.jar
2025-11-25 17:28:38,976 [Worker-46: Download sources and javadoc] INFO  o.e.m.j.internal.DownloadSourcesJob - Downloaded sources for com.fasterxml.jackson.datatype:jackson-datatype-jdk8:2.13.5
2025-11-25 17:28:39,043 [Worker-46: Download sources and javadoc] INFO  o.e.m.c.i.e.AbstractTransferListenerAdapter - Downloading https://repo.maven.apache.org/maven2/com/fasterxml/jackson/datatype/jackson-datatype-jsr310/2.13.5/jackson-datatype-jsr310-2.13.5-sources.jar
2025-11-25 17:28:39,114 [Worker-46: Download sources and javadoc] INFO  o.e.m.c.i.e.AbstractTransferListenerAdapter - Downloaded https://repo.maven.apache.org/maven2/com/fasterxml/jackson/datatype/jackson-datatype-jsr310/2.13.5/jackson-datatype-jsr310-2.13.5-sources.jar
2025-11-25 17:28:39,393 [Worker-46: Download sources and javadoc] INFO  o.e.m.j.internal.DownloadSourcesJob - Downloaded sources for com.fasterxml.jackson.datatype:jackson-datatype-jsr310:2.13.5
2025-11-25 17:28:39,514 [Worker-46: Download sources and javadoc] INFO  o.e.m.c.i.e.AbstractTransferListenerAdapter - Downloading https://repo.maven.apache.org/maven2/com/fasterxml/jackson/module/jackson-module-parameter-names/2.13.5/jackson-module-parameter-names-2.13.5-sources.jar
2025-11-25 17:28:39,931 [Worker-46: Download sources and javadoc] INFO  o.e.m.c.i.e.AbstractTransferListenerAdapter - Downloaded https://repo.maven.apache.org/maven2/com/fasterxml/jackson/module/jackson-module-parameter-names/2.13.5/jackson-module-parameter-names-2.13.5-sources.jar
2025-11-25 17:28:40,221 [Worker-46: Download sources and javadoc] INFO  o.e.m.j.internal.DownloadSourcesJob - Downloaded sources for com.fasterxml.jackson.module:jackson-module-parameter-names:2.13.5
2025-11-25 17:28:40,320 [Worker-46: Download sources and javadoc] INFO  o.e.m.c.i.e.AbstractTransferListenerAdapter - Downloading https://repo.maven.apache.org/maven2/org/springframework/boot/spring-boot-starter-tomcat/2.7.12/spring-boot-starter-tomcat-2.7.12-sources.jar
2025-11-25 17:28:40,449 [Worker-46: Download sources and javadoc] INFO  o.e.m.c.i.e.AbstractTransferListenerAdapter - Downloaded https://repo.maven.apache.org/maven2/org/springframework/boot/spring-boot-starter-tomcat/2.7.12/spring-boot-starter-tomcat-2.7.12-sources.jar
2025-11-25 17:28:40,682 [Worker-46: Download sources and javadoc] INFO  o.e.m.j.internal.DownloadSourcesJob - Downloaded sources for org.springframework.boot:spring-boot-starter-tomcat:2.7.12
2025-11-25 17:28:40,774 [Worker-46: Download sources and javadoc] INFO  o.e.m.c.i.e.AbstractTransferListenerAdapter - Downloading https://repo.maven.apache.org/maven2/org/apache/tomcat/embed/tomcat-embed-core/9.0.75/tomcat-embed-core-9.0.75-sources.jar
2025-11-25 17:28:41,783 [Worker-46: Download sources and javadoc] INFO  o.e.m.c.i.e.AbstractTransferListenerAdapter - Downloaded https://repo.maven.apache.org/maven2/org/apache/tomcat/embed/tomcat-embed-core/9.0.75/tomcat-embed-core-9.0.75-sources.jar
2025-11-25 17:28:41,852 [Worker-45: Importing Maven projects] INFO  o.e.m.c.i.p.ProjectConfigurationManager - Imported and configured 1 project(s) in 124 sec
2025-11-25 17:28:42,010 [Worker-46: Download sources and javadoc] INFO  o.e.m.j.internal.DownloadSourcesJob - Downloaded sources for org.apache.tomcat.embed:tomcat-embed-core:9.0.75
2025-11-25 17:28:42,149 [Worker-46: Download sources and javadoc] INFO  o.e.m.c.i.e.AbstractTransferListenerAdapter - Downloading https://repo.maven.apache.org/maven2/org/apache/tomcat/embed/tomcat-embed-el/9.0.75/tomcat-embed-el-9.0.75-sources.jar
2025-11-25 17:28:42,301 [Worker-46: Download sources and javadoc] INFO  o.e.m.c.i.e.AbstractTransferListenerAdapter - Downloaded https://repo.maven.apache.org/maven2/org/apache/tomcat/embed/tomcat-embed-el/9.0.75/tomcat-embed-el-9.0.75-sources.jar
2025-11-25 17:28:42,691 [Worker-46: Download sources and javadoc] INFO  o.e.m.j.internal.DownloadSourcesJob - Downloaded sources for org.apache.tomcat.embed:tomcat-embed-el:9.0.75
2025-11-25 17:28:42,744 [Worker-46: Download sources and javadoc] INFO  o.e.m.c.i.e.AbstractTransferListenerAdapter - Downloading https://repo.maven.apache.org/maven2/org/apache/tomcat/embed/tomcat-embed-websocket/9.0.75/tomcat-embed-websocket-9.0.75-sources.jar
2025-11-25 17:28:42,863 [Worker-46: Download sources and javadoc] INFO  o.e.m.c.i.e.AbstractTransferListenerAdapter - Downloaded https://repo.maven.apache.org/maven2/org/apache/tomcat/embed/tomcat-embed-websocket/9.0.75/tomcat-embed-websocket-9.0.75-sources.jar
2025-11-25 17:28:43,398 [Worker-46: Download sources and javadoc] INFO  o.e.m.j.internal.DownloadSourcesJob - Downloaded sources for org.apache.tomcat.embed:tomcat-embed-websocket:9.0.75
2025-11-25 17:28:43,458 [Worker-46: Download sources and javadoc] INFO  o.e.m.c.i.e.AbstractTransferListenerAdapter - Downloading https://repo.maven.apache.org/maven2/org/springframework/spring-web/5.3.27/spring-web-5.3.27-sources.jar
2025-11-25 17:28:43,900 [Worker-46: Download sources and javadoc] INFO  o.e.m.c.i.e.AbstractTransferListenerAdapter - Downloaded https://repo.maven.apache.org/maven2/org/springframework/spring-web/5.3.27/spring-web-5.3.27-sources.jar
2025-11-25 17:28:44,174 [Worker-46: Download sources and javadoc] INFO  o.e.m.j.internal.DownloadSourcesJob - Downloaded sources for org.springframework:spring-web:5.3.27
2025-11-25 17:28:44,237 [Worker-46: Download sources and javadoc] INFO  o.e.m.c.i.e.AbstractTransferListenerAdapter - Downloading https://repo.maven.apache.org/maven2/org/springframework/spring-beans/5.3.27/spring-beans-5.3.27-sources.jar
2025-11-25 17:28:44,527 [Worker-46: Download sources and javadoc] INFO  o.e.m.c.i.e.AbstractTransferListenerAdapter - Downloaded https://repo.maven.apache.org/maven2/org/springframework/spring-beans/5.3.27/spring-beans-5.3.27-sources.jar
2025-11-25 17:28:44,735 [Worker-46: Download sources and javadoc] INFO  o.e.m.j.internal.DownloadSourcesJob - Downloaded sources for org.springframework:spring-beans:5.3.27
2025-11-25 17:28:44,824 [Worker-46: Download sources and javadoc] INFO  o.e.m.c.i.e.AbstractTransferListenerAdapter - Downloading https://repo.maven.apache.org/maven2/org/springframework/spring-webmvc/5.3.27/spring-webmvc-5.3.27-sources.jar
2025-11-25 17:28:45,100 [Worker-46: Download sources and javadoc] INFO  o.e.m.c.i.e.AbstractTransferListenerAdapter - Downloaded https://repo.maven.apache.org/maven2/org/springframework/spring-webmvc/5.3.27/spring-webmvc-5.3.27-sources.jar
2025-11-25 17:28:45,287 [Worker-46: Download sources and javadoc] INFO  o.e.m.j.internal.DownloadSourcesJob - Downloaded sources for org.springframework:spring-webmvc:5.3.27
2025-11-25 17:28:45,340 [Worker-46: Download sources and javadoc] INFO  o.e.m.c.i.e.AbstractTransferListenerAdapter - Downloading https://repo.maven.apache.org/maven2/org/springframework/spring-context/5.3.27/spring-context-5.3.27-sources.jar
2025-11-25 17:28:45,637 [Worker-46: Download sources and javadoc] INFO  o.e.m.c.i.e.AbstractTransferListenerAdapter - Downloaded https://repo.maven.apache.org/maven2/org/springframework/spring-context/5.3.27/spring-context-5.3.27-sources.jar
2025-11-25 17:28:45,847 [Worker-46: Download sources and javadoc] INFO  o.e.m.j.internal.DownloadSourcesJob - Downloaded sources for org.springframework:spring-context:5.3.27
2025-11-25 17:28:45,902 [Worker-46: Download sources and javadoc] INFO  o.e.m.c.i.e.AbstractTransferListenerAdapter - Downloading https://repo.maven.apache.org/maven2/org/springframework/spring-expression/5.3.27/spring-expression-5.3.27-sources.jar
2025-11-25 17:28:46,052 [Worker-46: Download sources and javadoc] INFO  o.e.m.c.i.e.AbstractTransferListenerAdapter - Downloaded https://repo.maven.apache.org/maven2/org/springframework/spring-expression/5.3.27/spring-expression-5.3.27-sources.jar
2025-11-25 17:28:46,229 [Worker-46: Download sources and javadoc] INFO  o.e.m.j.internal.DownloadSourcesJob - Downloaded sources for org.springframework:spring-expression:5.3.27
2025-11-25 17:28:46,278 [Worker-46: Download sources and javadoc] INFO  o.e.m.c.i.e.AbstractTransferListenerAdapter - Downloading https://repo.maven.apache.org/maven2/org/springframework/boot/spring-boot-starter-data-jpa/2.7.12/spring-boot-starter-data-jpa-2.7.12-sources.jar
2025-11-25 17:28:46,398 [Worker-46: Download sources and javadoc] INFO  o.e.m.c.i.e.AbstractTransferListenerAdapter - Downloaded https://repo.maven.apache.org/maven2/org/springframework/boot/spring-boot-starter-data-jpa/2.7.12/spring-boot-starter-data-jpa-2.7.12-sources.jar
2025-11-25 17:28:46,579 [Worker-46: Download sources and javadoc] INFO  o.e.m.j.internal.DownloadSourcesJob - Downloaded sources for org.springframework.boot:spring-boot-starter-data-jpa:2.7.12
2025-11-25 17:28:46,634 [Worker-46: Download sources and javadoc] INFO  o.e.m.c.i.e.AbstractTransferListenerAdapter - Downloading https://repo.maven.apache.org/maven2/org/springframework/boot/spring-boot-starter-aop/2.7.12/spring-boot-starter-aop-2.7.12-sources.jar
2025-11-25 17:28:46,752 [Worker-46: Download sources and javadoc] INFO  o.e.m.c.i.e.AbstractTransferListenerAdapter - Downloaded https://repo.maven.apache.org/maven2/org/springframework/boot/spring-boot-starter-aop/2.7.12/spring-boot-starter-aop-2.7.12-sources.jar
2025-11-25 17:28:46,994 [Worker-46: Download sources and javadoc] INFO  o.e.m.j.internal.DownloadSourcesJob - Downloaded sources for org.springframework.boot:spring-boot-starter-aop:2.7.12
2025-11-25 17:28:47,053 [Worker-46: Download sources and javadoc] INFO  o.e.m.c.i.e.AbstractTransferListenerAdapter - Downloading https://repo.maven.apache.org/maven2/org/aspectj/aspectjweaver/1.9.7/aspectjweaver-1.9.7-sources.jar
2025-11-25 17:28:47,548 [Worker-46: Download sources and javadoc] INFO  o.e.m.c.i.e.AbstractTransferListenerAdapter - Downloaded https://repo.maven.apache.org/maven2/org/aspectj/aspectjweaver/1.9.7/aspectjweaver-1.9.7-sources.jar
2025-11-25 17:28:47,799 [Worker-46: Download sources and javadoc] INFO  o.e.m.j.internal.DownloadSourcesJob - Downloaded sources for org.aspectj:aspectjweaver:1.9.7
2025-11-25 17:28:47,847 [Worker-46: Download sources and javadoc] INFO  o.e.m.c.i.e.AbstractTransferListenerAdapter - Downloading https://repo.maven.apache.org/maven2/org/springframework/boot/spring-boot-starter-jdbc/2.7.12/spring-boot-starter-jdbc-2.7.12-sources.jar
2025-11-25 17:28:47,983 [Worker-46: Download sources and javadoc] INFO  o.e.m.c.i.e.AbstractTransferListenerAdapter - Downloaded https://repo.maven.apache.org/maven2/org/springframework/boot/spring-boot-starter-jdbc/2.7.12/spring-boot-starter-jdbc-2.7.12-sources.jar
2025-11-25 17:28:48,468 [Worker-46: Download sources and javadoc] INFO  o.e.m.j.internal.DownloadSourcesJob - Downloaded sources for org.springframework.boot:spring-boot-starter-jdbc:2.7.12
2025-11-25 17:28:48,636 [Worker-46: Download sources and javadoc] INFO  o.e.m.c.i.e.AbstractTransferListenerAdapter - Downloading https://repo.maven.apache.org/maven2/com/zaxxer/HikariCP/4.0.3/HikariCP-4.0.3-sources.jar
2025-11-25 17:28:48,854 [Worker-46: Download sources and javadoc] INFO  o.e.m.c.i.e.AbstractTransferListenerAdapter - Downloaded https://repo.maven.apache.org/maven2/com/zaxxer/HikariCP/4.0.3/HikariCP-4.0.3-sources.jar
2025-11-25 17:28:49,124 [Worker-46: Download sources and javadoc] INFO  o.e.m.j.internal.DownloadSourcesJob - Downloaded sources for com.zaxxer:HikariCP:4.0.3
2025-11-25 17:28:49,205 [Worker-46: Download sources and javadoc] INFO  o.e.m.c.i.e.AbstractTransferListenerAdapter - Downloading https://repo.maven.apache.org/maven2/org/springframework/spring-jdbc/5.3.27/spring-jdbc-5.3.27-sources.jar
2025-11-25 17:28:49,566 [Worker-46: Download sources and javadoc] INFO  o.e.m.c.i.e.AbstractTransferListenerAdapter - Downloaded https://repo.maven.apache.org/maven2/org/springframework/spring-jdbc/5.3.27/spring-jdbc-5.3.27-sources.jar
2025-11-25 17:28:49,725 [Worker-46: Download sources and javadoc] INFO  o.e.m.j.internal.DownloadSourcesJob - Downloaded sources for org.springframework:spring-jdbc:5.3.27
2025-11-25 17:28:49,789 [Worker-46: Download sources and javadoc] INFO  o.e.m.c.i.e.AbstractTransferListenerAdapter - Downloading https://repo.maven.apache.org/maven2/jakarta/transaction/jakarta.transaction-api/1.3.3/jakarta.transaction-api-1.3.3-sources.jar
2025-11-25 17:28:49,861 [Worker-46: Download sources and javadoc] INFO  o.e.m.c.i.e.AbstractTransferListenerAdapter - Downloaded https://repo.maven.apache.org/maven2/jakarta/transaction/jakarta.transaction-api/1.3.3/jakarta.transaction-api-1.3.3-sources.jar
2025-11-25 17:28:50,018 [Worker-46: Download sources and javadoc] INFO  o.e.m.j.internal.DownloadSourcesJob - Downloaded sources for jakarta.transaction:jakarta.transaction-api:1.3.3
2025-11-25 17:28:50,073 [Worker-46: Download sources and javadoc] INFO  o.e.m.c.i.e.AbstractTransferListenerAdapter - Downloading https://repo.maven.apache.org/maven2/org/hibernate/hibernate-core/5.6.15.Final/hibernate-core-5.6.15.Final-sources.jar
2025-11-25 17:28:51,168 [Worker-46: Download sources and javadoc] INFO  o.e.m.c.i.e.AbstractTransferListenerAdapter - Downloaded https://repo.maven.apache.org/maven2/org/hibernate/hibernate-core/5.6.15.Final/hibernate-core-5.6.15.Final-sources.jar
2025-11-25 17:28:51,505 [Worker-46: Download sources and javadoc] INFO  o.e.m.j.internal.DownloadSourcesJob - Downloaded sources for org.hibernate:hibernate-core:5.6.15.Final
2025-11-25 17:28:51,567 [Worker-46: Download sources and javadoc] INFO  o.e.m.c.i.e.AbstractTransferListenerAdapter - Downloading https://repo.maven.apache.org/maven2/org/jboss/logging/jboss-logging/3.4.3.Final/jboss-logging-3.4.3.Final-sources.jar
2025-11-25 17:28:51,676 [Worker-46: Download sources and javadoc] INFO  o.e.m.c.i.e.AbstractTransferListenerAdapter - Downloaded https://repo.maven.apache.org/maven2/org/jboss/logging/jboss-logging/3.4.3.Final/jboss-logging-3.4.3.Final-sources.jar
2025-11-25 17:28:52,033 [Worker-46: Download sources and javadoc] INFO  o.e.m.j.internal.DownloadSourcesJob - Downloaded sources for org.jboss.logging:jboss-logging:3.4.3.Final
2025-11-25 17:28:52,081 [Worker-46: Download sources and javadoc] INFO  o.e.m.c.i.e.AbstractTransferListenerAdapter - Downloading https://repo.maven.apache.org/maven2/net/bytebuddy/byte-buddy/1.12.23/byte-buddy-1.12.23-sources.jar
2025-11-25 17:28:52,319 [Worker-46: Download sources and javadoc] INFO  o.e.m.c.i.e.AbstractTransferListenerAdapter - Downloaded https://repo.maven.apache.org/maven2/net/bytebuddy/byte-buddy/1.12.23/byte-buddy-1.12.23-sources.jar
2025-11-25 17:28:52,606 [Worker-46: Download sources and javadoc] INFO  o.e.m.j.internal.DownloadSourcesJob - Downloaded sources for net.bytebuddy:byte-buddy:1.12.23
2025-11-25 17:28:52,664 [Worker-46: Download sources and javadoc] INFO  o.e.m.c.i.e.AbstractTransferListenerAdapter - Downloading https://repo.maven.apache.org/maven2/org/hibernate/common/hibernate-commons-annotations/5.1.2.Final/hibernate-commons-annotations-5.1.2.Final-sources.jar
2025-11-25 17:28:52,727 [Worker-46: Download sources and javadoc] INFO  o.e.m.c.i.e.AbstractTransferListenerAdapter - Downloaded https://repo.maven.apache.org/maven2/org/hibernate/common/hibernate-commons-annotations/5.1.2.Final/hibernate-commons-annotations-5.1.2.Final-sources.jar
2025-11-25 17:28:52,952 [Worker-46: Download sources and javadoc] INFO  o.e.m.j.internal.DownloadSourcesJob - Downloaded sources for org.hibernate.common:hibernate-commons-annotations:5.1.2.Final
2025-11-25 17:28:53,026 [Worker-46: Download sources and javadoc] INFO  o.e.m.c.i.e.AbstractTransferListenerAdapter - Downloading https://repo.maven.apache.org/maven2/org/glassfish/jaxb/jaxb-runtime/2.3.8/jaxb-runtime-2.3.8-sources.jar
2025-11-25 17:28:53,286 [Worker-46: Download sources and javadoc] INFO  o.e.m.c.i.e.AbstractTransferListenerAdapter - Downloaded https://repo.maven.apache.org/maven2/org/glassfish/jaxb/jaxb-runtime/2.3.8/jaxb-runtime-2.3.8-sources.jar
2025-11-25 17:28:53,478 [Worker-46: Download sources and javadoc] INFO  o.e.m.j.internal.DownloadSourcesJob - Downloaded sources for org.glassfish.jaxb:jaxb-runtime:2.3.8
2025-11-25 17:28:53,540 [Worker-46: Download sources and javadoc] INFO  o.e.m.c.i.e.AbstractTransferListenerAdapter - Downloading https://repo.maven.apache.org/maven2/org/glassfish/jaxb/txw2/2.3.8/txw2-2.3.8-sources.jar
2025-11-25 17:28:53,687 [Worker-46: Download sources and javadoc] INFO  o.e.m.c.i.e.AbstractTransferListenerAdapter - Downloaded https://repo.maven.apache.org/maven2/org/glassfish/jaxb/txw2/2.3.8/txw2-2.3.8-sources.jar
2025-11-25 17:28:54,102 [Worker-46: Download sources and javadoc] INFO  o.e.m.j.internal.DownloadSourcesJob - Downloaded sources for org.glassfish.jaxb:txw2:2.3.8
2025-11-25 17:28:54,184 [Worker-46: Download sources and javadoc] INFO  o.e.m.c.i.e.AbstractTransferListenerAdapter - Downloading https://repo.maven.apache.org/maven2/com/sun/istack/istack-commons-runtime/3.0.12/istack-commons-runtime-3.0.12-sources.jar
2025-11-25 17:28:54,254 [Worker-46: Download sources and javadoc] INFO  o.e.m.c.i.e.AbstractTransferListenerAdapter - Downloaded https://repo.maven.apache.org/maven2/com/sun/istack/istack-commons-runtime/3.0.12/istack-commons-runtime-3.0.12-sources.jar
2025-11-25 17:28:54,473 [Worker-46: Download sources and javadoc] INFO  o.e.m.j.internal.DownloadSourcesJob - Downloaded sources for com.sun.istack:istack-commons-runtime:3.0.12
2025-11-25 17:28:54,529 [Worker-46: Download sources and javadoc] INFO  o.e.m.c.i.e.AbstractTransferListenerAdapter - Downloading https://repo.maven.apache.org/maven2/com/sun/activation/jakarta.activation/1.2.2/jakarta.activation-1.2.2-sources.jar
2025-11-25 17:28:54,596 [Worker-46: Download sources and javadoc] INFO  o.e.m.c.i.e.AbstractTransferListenerAdapter - Downloaded https://repo.maven.apache.org/maven2/com/sun/activation/jakarta.activation/1.2.2/jakarta.activation-1.2.2-sources.jar
2025-11-25 17:28:54,774 [Worker-46: Download sources and javadoc] INFO  o.e.m.j.internal.DownloadSourcesJob - Downloaded sources for com.sun.activation:jakarta.activation:1.2.2
2025-11-25 17:28:54,844 [Worker-46: Download sources and javadoc] INFO  o.e.m.c.i.e.AbstractTransferListenerAdapter - Downloading https://repo.maven.apache.org/maven2/org/springframework/data/spring-data-jpa/2.7.12/spring-data-jpa-2.7.12-sources.jar
2025-11-25 17:28:55,223 [Worker-46: Download sources and javadoc] INFO  o.e.m.c.i.e.AbstractTransferListenerAdapter - Downloaded https://repo.maven.apache.org/maven2/org/springframework/data/spring-data-jpa/2.7.12/spring-data-jpa-2.7.12-sources.jar
2025-11-25 17:28:55,419 [Worker-46: Download sources and javadoc] INFO  o.e.m.j.internal.DownloadSourcesJob - Downloaded sources for org.springframework.data:spring-data-jpa:2.7.12
2025-11-25 17:28:55,464 [Worker-46: Download sources and javadoc] INFO  o.e.m.c.i.e.AbstractTransferListenerAdapter - Downloading https://repo.maven.apache.org/maven2/org/springframework/data/spring-data-commons/2.7.12/spring-data-commons-2.7.12-sources.jar
2025-11-25 17:28:55,980 [Worker-46: Download sources and javadoc] INFO  o.e.m.c.i.e.AbstractTransferListenerAdapter - Downloaded https://repo.maven.apache.org/maven2/org/springframework/data/spring-data-commons/2.7.12/spring-data-commons-2.7.12-sources.jar
2025-11-25 17:28:56,160 [Worker-46: Download sources and javadoc] INFO  o.e.m.j.internal.DownloadSourcesJob - Downloaded sources for org.springframework.data:spring-data-commons:2.7.12
2025-11-25 17:28:56,209 [Worker-46: Download sources and javadoc] INFO  o.e.m.c.i.e.AbstractTransferListenerAdapter - Downloading https://repo.maven.apache.org/maven2/org/springframework/spring-orm/5.3.27/spring-orm-5.3.27-sources.jar
2025-11-25 17:28:56,505 [Worker-46: Download sources and javadoc] INFO  o.e.m.c.i.e.AbstractTransferListenerAdapter - Downloaded https://repo.maven.apache.org/maven2/org/springframework/spring-orm/5.3.27/spring-orm-5.3.27-sources.jar
2025-11-25 17:28:56,693 [Worker-46: Download sources and javadoc] INFO  o.e.m.j.internal.DownloadSourcesJob - Downloaded sources for org.springframework:spring-orm:5.3.27
2025-11-25 17:28:56,740 [Worker-46: Download sources and javadoc] INFO  o.e.m.c.i.e.AbstractTransferListenerAdapter - Downloading https://repo.maven.apache.org/maven2/org/springframework/spring-tx/5.3.27/spring-tx-5.3.27-sources.jar
2025-11-25 17:28:56,933 [Worker-45: Building workspace] INFO  o.a.m.s.f.DefaultMavenResourcesFiltering - Copying 1 resource from src\main\resources to target\classes
2025-11-25 17:28:56,981 [Worker-45: Building workspace] INFO  o.a.m.s.f.DefaultMavenResourcesFiltering - Copying 0 resource from src\main\resources to target\classes
2025-11-25 17:28:56,989 [Worker-45: Building workspace] INFO  o.a.m.s.f.DefaultMavenResourcesFiltering - skip non existing resourceDirectory C:\Users\archit.jain\OneDrive - HCL TECHNOLOGIES LIMITED\Documents\GuviProject\EurekaService\src\test\resources
2025-11-25 17:28:57,005 [Worker-46: Download sources and javadoc] INFO  o.e.m.c.i.e.AbstractTransferListenerAdapter - Downloaded https://repo.maven.apache.org/maven2/org/springframework/spring-tx/5.3.27/spring-tx-5.3.27-sources.jar
2025-11-25 17:28:57,258 [Worker-46: Download sources and javadoc] INFO  o.e.m.j.internal.DownloadSourcesJob - Downloaded sources for org.springframework:spring-tx:5.3.27
2025-11-25 17:28:57,305 [Worker-46: Download sources and javadoc] INFO  o.e.m.c.i.e.AbstractTransferListenerAdapter - Downloading https://repo.maven.apache.org/maven2/org/springframework/spring-aspects/5.3.27/spring-aspects-5.3.27-sources.jar
2025-11-25 17:28:57,368 [Worker-46: Download sources and javadoc] INFO  o.e.m.c.i.e.AbstractTransferListenerAdapter - Downloaded https://repo.maven.apache.org/maven2/org/springframework/spring-aspects/5.3.27/spring-aspects-5.3.27-sources.jar
2025-11-25 17:28:57,557 [Worker-46: Download sources and javadoc] INFO  o.e.m.j.internal.DownloadSourcesJob - Downloaded sources for org.springframework:spring-aspects:5.3.27
2025-11-25 17:28:57,632 [Worker-46: Download sources and javadoc] INFO  o.e.m.c.i.e.AbstractTransferListenerAdapter - Downloading https://repo.maven.apache.org/maven2/org/springframework/boot/spring-boot-starter-security/2.7.12/spring-boot-starter-security-2.7.12-sources.jar
2025-11-25 17:28:57,717 [Worker-46: Download sources and javadoc] INFO  o.e.m.c.i.e.AbstractTransferListenerAdapter - Downloaded https://repo.maven.apache.org/maven2/org/springframework/boot/spring-boot-starter-security/2.7.12/spring-boot-starter-security-2.7.12-sources.jar
2025-11-25 17:28:58,016 [Worker-46: Download sources and javadoc] INFO  o.e.m.j.internal.DownloadSourcesJob - Downloaded sources for org.springframework.boot:spring-boot-starter-security:2.7.12
2025-11-25 17:28:58,152 [Worker-46: Download sources and javadoc] INFO  o.e.m.c.i.e.AbstractTransferListenerAdapter - Downloading https://repo.maven.apache.org/maven2/org/springframework/spring-aop/5.3.27/spring-aop-5.3.27-sources.jar
2025-11-25 17:28:58,428 [Worker-46: Download sources and javadoc] INFO  o.e.m.c.i.e.AbstractTransferListenerAdapter - Downloaded https://repo.maven.apache.org/maven2/org/springframework/spring-aop/5.3.27/spring-aop-5.3.27-sources.jar
2025-11-25 17:28:59,254 [Worker-46: Download sources and javadoc] INFO  o.e.m.j.internal.DownloadSourcesJob - Downloaded sources for org.springframework:spring-aop:5.3.27
2025-11-25 17:28:59,494 [Worker-46: Download sources and javadoc] INFO  o.e.m.c.i.e.AbstractTransferListenerAdapter - Downloading https://repo.maven.apache.org/maven2/org/springframework/security/spring-security-config/5.7.8/spring-security-config-5.7.8-sources.jar
2025-11-25 17:29:00,348 [Worker-46: Download sources and javadoc] INFO  o.e.m.c.i.e.AbstractTransferListenerAdapter - Downloaded https://repo.maven.apache.org/maven2/org/springframework/security/spring-security-config/5.7.8/spring-security-config-5.7.8-sources.jar
2025-11-25 17:29:00,717 [Worker-46: Download sources and javadoc] INFO  o.e.m.j.internal.DownloadSourcesJob - Downloaded sources for org.springframework.security:spring-security-config:5.7.8
2025-11-25 17:29:00,781 [Worker-46: Download sources and javadoc] INFO  o.e.m.c.i.e.AbstractTransferListenerAdapter - Downloading https://repo.maven.apache.org/maven2/org/springframework/security/spring-security-core/5.7.8/spring-security-core-5.7.8-sources.jar
2025-11-25 17:29:00,834 [Worker-42: Building workspace] INFO  o.e.m.c.i.embedder.EclipseLogger - Using 'UTF-8' encoding to copy filtered resources.
2025-11-25 17:29:00,834 [Worker-42: Building workspace] INFO  o.e.m.c.i.embedder.EclipseLogger - Using 'UTF-8' encoding to copy filtered properties files.
2025-11-25 17:29:00,836 [Worker-42: Building workspace] INFO  o.e.m.c.i.embedder.EclipseLogger - Copying 1 resource
2025-11-25 17:29:00,914 [Worker-42: Building workspace] INFO  o.e.m.c.i.embedder.EclipseLogger - Copying 0 resource
2025-11-25 17:29:00,919 [Worker-42: Building workspace] INFO  o.e.m.c.i.embedder.EclipseLogger - Using 'UTF-8' encoding to copy filtered resources.
2025-11-25 17:29:00,919 [Worker-42: Building workspace] INFO  o.e.m.c.i.embedder.EclipseLogger - Using 'UTF-8' encoding to copy filtered properties files.
2025-11-25 17:29:00,920 [Worker-42: Building workspace] INFO  o.e.m.c.i.embedder.EclipseLogger - Copying 1 resource
2025-11-25 17:29:00,974 [Worker-46: Download sources and javadoc] INFO  o.e.m.c.i.e.AbstractTransferListenerAdapter - Downloaded https://repo.maven.apache.org/maven2/org/springframework/security/spring-security-core/5.7.8/spring-security-core-5.7.8-sources.jar
2025-11-25 17:29:01,236 [Worker-46: Download sources and javadoc] INFO  o.e.m.j.internal.DownloadSourcesJob - Downloaded sources for org.springframework.security:spring-security-core:5.7.8
2025-11-25 17:29:01,287 [Worker-46: Download sources and javadoc] INFO  o.e.m.c.i.e.AbstractTransferListenerAdapter - Downloading https://repo.maven.apache.org/maven2/org/springframework/security/spring-security-crypto/5.7.8/spring-security-crypto-5.7.8-sources.jar
2025-11-25 17:29:01,499 [Worker-46: Download sources and javadoc] INFO  o.e.m.c.i.e.AbstractTransferListenerAdapter - Downloaded https://repo.maven.apache.org/maven2/org/springframework/security/spring-security-crypto/5.7.8/spring-security-crypto-5.7.8-sources.jar
2025-11-25 17:29:01,697 [Worker-46: Download sources and javadoc] INFO  o.e.m.j.internal.DownloadSourcesJob - Downloaded sources for org.springframework.security:spring-security-crypto:5.7.8
2025-11-25 17:29:01,799 [Worker-46: Download sources and javadoc] INFO  o.e.m.c.i.e.AbstractTransferListenerAdapter - Downloading https://repo.maven.apache.org/maven2/org/springframework/security/spring-security-web/5.7.8/spring-security-web-5.7.8-sources.jar
2025-11-25 17:29:04,137 [Worker-46: Download sources and javadoc] INFO  o.e.m.c.i.e.AbstractTransferListenerAdapter - Downloaded https://repo.maven.apache.org/maven2/org/springframework/security/spring-security-web/5.7.8/spring-security-web-5.7.8-sources.jar
2025-11-25 17:29:04,484 [Worker-46: Download sources and javadoc] INFO  o.e.m.j.internal.DownloadSourcesJob - Downloaded sources for org.springframework.security:spring-security-web:5.7.8
2025-11-25 17:29:04,792 [Worker-46: Download sources and javadoc] INFO  o.e.m.c.i.e.AbstractTransferListenerAdapter - Downloading https://repo.maven.apache.org/maven2/org/mariadb/jdbc/mariadb-java-client/3.1.4/mariadb-java-client-3.1.4-sources.jar
2025-11-25 17:29:05,050 [Worker-46: Download sources and javadoc] INFO  o.e.m.c.i.e.AbstractTransferListenerAdapter - Downloaded https://repo.maven.apache.org/maven2/org/mariadb/jdbc/mariadb-java-client/3.1.4/mariadb-java-client-3.1.4-sources.jar
2025-11-25 17:29:05,249 [Worker-46: Download sources and javadoc] INFO  o.e.m.j.internal.DownloadSourcesJob - Downloaded sources for org.mariadb.jdbc:mariadb-java-client:3.1.4
2025-11-25 17:29:05,360 [Worker-46: Download sources and javadoc] INFO  o.e.m.c.i.e.AbstractTransferListenerAdapter - Downloading https://repo.maven.apache.org/maven2/com/github/waffle/waffle-jna/3.2.0/waffle-jna-3.2.0-sources.jar
2025-11-25 17:29:05,673 [Worker-46: Download sources and javadoc] INFO  o.e.m.c.i.e.AbstractTransferListenerAdapter - Downloaded https://repo.maven.apache.org/maven2/com/github/waffle/waffle-jna/3.2.0/waffle-jna-3.2.0-sources.jar
2025-11-25 17:29:05,871 [Worker-46: Download sources and javadoc] INFO  o.e.m.j.internal.DownloadSourcesJob - Downloaded sources for com.github.waffle:waffle-jna:3.2.0
2025-11-25 17:29:05,926 [Worker-46: Download sources and javadoc] INFO  o.e.m.c.i.e.AbstractTransferListenerAdapter - Downloading https://repo.maven.apache.org/maven2/net/java/dev/jna/jna/5.12.1/jna-5.12.1-sources.jar
2025-11-25 17:29:06,236 [Worker-46: Download sources and javadoc] INFO  o.e.m.c.i.e.AbstractTransferListenerAdapter - Downloaded https://repo.maven.apache.org/maven2/net/java/dev/jna/jna/5.12.1/jna-5.12.1-sources.jar
2025-11-25 17:29:06,405 [Worker-46: Download sources and javadoc] INFO  o.e.m.j.internal.DownloadSourcesJob - Downloaded sources for net.java.dev.jna:jna:5.12.1
2025-11-25 17:29:06,546 [Worker-46: Download sources and javadoc] INFO  o.e.m.c.i.e.AbstractTransferListenerAdapter - Downloading https://repo.maven.apache.org/maven2/net/java/dev/jna/jna-platform/5.12.1/jna-platform-5.12.1-sources.jar
2025-11-25 17:29:06,976 [Worker-46: Download sources and javadoc] INFO  o.e.m.c.i.e.AbstractTransferListenerAdapter - Downloaded https://repo.maven.apache.org/maven2/net/java/dev/jna/jna-platform/5.12.1/jna-platform-5.12.1-sources.jar
2025-11-25 17:29:07,097 [Worker-46: Download sources and javadoc] INFO  o.e.m.j.internal.DownloadSourcesJob - Downloaded sources for net.java.dev.jna:jna-platform:5.12.1
2025-11-25 17:29:07,145 [Worker-46: Download sources and javadoc] INFO  o.e.m.c.i.e.AbstractTransferListenerAdapter - Downloading https://repo.maven.apache.org/maven2/org/slf4j/jcl-over-slf4j/1.7.36/jcl-over-slf4j-1.7.36-sources.jar
2025-11-25 17:29:07,534 [Worker-46: Download sources and javadoc] INFO  o.e.m.c.i.e.AbstractTransferListenerAdapter - Downloaded https://repo.maven.apache.org/maven2/org/slf4j/jcl-over-slf4j/1.7.36/jcl-over-slf4j-1.7.36-sources.jar
2025-11-25 17:29:07,842 [Worker-46: Download sources and javadoc] INFO  o.e.m.j.internal.DownloadSourcesJob - Downloaded sources for org.slf4j:jcl-over-slf4j:1.7.36
2025-11-25 17:29:07,917 [Worker-46: Download sources and javadoc] INFO  o.e.m.c.i.e.AbstractTransferListenerAdapter - Downloading https://repo.maven.apache.org/maven2/com/github/ben-manes/caffeine/caffeine/2.9.3/caffeine-2.9.3-sources.jar
2025-11-25 17:29:08,123 [Worker-46: Download sources and javadoc] INFO  o.e.m.c.i.e.AbstractTransferListenerAdapter - Downloaded https://repo.maven.apache.org/maven2/com/github/ben-manes/caffeine/caffeine/2.9.3/caffeine-2.9.3-sources.jar
2025-11-25 17:29:08,310 [Worker-46: Download sources and javadoc] INFO  o.e.m.j.internal.DownloadSourcesJob - Downloaded sources for com.github.ben-manes.caffeine:caffeine:2.9.3
2025-11-25 17:29:08,358 [Worker-46: Download sources and javadoc] INFO  o.e.m.c.i.e.AbstractTransferListenerAdapter - Downloading https://repo.maven.apache.org/maven2/com/google/errorprone/error_prone_annotations/2.10.0/error_prone_annotations-2.10.0-sources.jar
2025-11-25 17:29:08,485 [Worker-46: Download sources and javadoc] INFO  o.e.m.c.i.e.AbstractTransferListenerAdapter - Downloaded https://repo.maven.apache.org/maven2/com/google/errorprone/error_prone_annotations/2.10.0/error_prone_annotations-2.10.0-sources.jar
2025-11-25 17:29:08,610 [Worker-46: Download sources and javadoc] INFO  o.e.m.j.internal.DownloadSourcesJob - Downloaded sources for com.google.errorprone:error_prone_annotations:2.10.0
2025-11-25 17:29:08,731 [Worker-46: Download sources and javadoc] INFO  o.e.m.c.i.e.AbstractTransferListenerAdapter - Downloading https://repo.maven.apache.org/maven2/org/checkerframework/checker-qual/3.23.0/checker-qual-3.23.0-sources.jar
2025-11-25 17:29:09,091 [Worker-46: Download sources and javadoc] INFO  o.e.m.c.i.e.AbstractTransferListenerAdapter - Downloaded https://repo.maven.apache.org/maven2/org/checkerframework/checker-qual/3.23.0/checker-qual-3.23.0-sources.jar
2025-11-25 17:29:09,269 [Worker-46: Download sources and javadoc] INFO  o.e.m.j.internal.DownloadSourcesJob - Downloaded sources for org.checkerframework:checker-qual:3.23.0
2025-11-25 17:29:09,319 [Worker-46: Download sources and javadoc] INFO  o.e.m.c.i.e.AbstractTransferListenerAdapter - Downloading https://repo.maven.apache.org/maven2/com/fasterxml/jackson/core/jackson-databind/2.13.5/jackson-databind-2.13.5-sources.jar
2025-11-25 17:29:09,547 [Worker-46: Download sources and javadoc] INFO  o.e.m.c.i.e.AbstractTransferListenerAdapter - Downloaded https://repo.maven.apache.org/maven2/com/fasterxml/jackson/core/jackson-databind/2.13.5/jackson-databind-2.13.5-sources.jar
2025-11-25 17:29:09,552 [Worker-42: Building workspace] INFO  o.a.m.s.f.DefaultMavenResourcesFiltering - Copying 1 resource from src\main\resources to target\classes
2025-11-25 17:29:09,570 [Worker-42: Building workspace] INFO  o.a.m.s.f.DefaultMavenResourcesFiltering - Copying 0 resource from src\main\resources to target\classes
2025-11-25 17:29:09,573 [Worker-42: Building workspace] INFO  o.a.m.s.f.DefaultMavenResourcesFiltering - skip non existing resourceDirectory C:\Users\archit.jain\OneDrive - HCL TECHNOLOGIES LIMITED\Documents\GuviProject\eventmanagement\src\test\resources
2025-11-25 17:29:09,739 [Worker-46: Download sources and javadoc] INFO  o.e.m.j.internal.DownloadSourcesJob - Downloaded sources for com.fasterxml.jackson.core:jackson-databind:2.13.5
2025-11-25 17:29:09,809 [Worker-46: Download sources and javadoc] INFO  o.e.m.c.i.e.AbstractTransferListenerAdapter - Downloading https://repo.maven.apache.org/maven2/com/fasterxml/jackson/core/jackson-annotations/2.13.5/jackson-annotations-2.13.5-sources.jar
2025-11-25 17:29:09,872 [Worker-46: Download sources and javadoc] INFO  o.e.m.c.i.e.AbstractTransferListenerAdapter - Downloaded https://repo.maven.apache.org/maven2/com/fasterxml/jackson/core/jackson-annotations/2.13.5/jackson-annotations-2.13.5-sources.jar
2025-11-25 17:29:10,081 [Worker-46: Download sources and javadoc] INFO  o.e.m.j.internal.DownloadSourcesJob - Downloaded sources for com.fasterxml.jackson.core:jackson-annotations:2.13.5
2025-11-25 17:29:10,153 [Worker-46: Download sources and javadoc] INFO  o.e.m.c.i.e.AbstractTransferListenerAdapter - Downloading https://repo.maven.apache.org/maven2/com/fasterxml/jackson/core/jackson-core/2.13.5/jackson-core-2.13.5-sources.jar
2025-11-25 17:29:10,275 [Worker-46: Download sources and javadoc] INFO  o.e.m.c.i.e.AbstractTransferListenerAdapter - Downloaded https://repo.maven.apache.org/maven2/com/fasterxml/jackson/core/jackson-core/2.13.5/jackson-core-2.13.5-sources.jar
2025-11-25 17:29:10,460 [Worker-46: Download sources and javadoc] INFO  o.e.m.j.internal.DownloadSourcesJob - Downloaded sources for com.fasterxml.jackson.core:jackson-core:2.13.5
2025-11-25 17:29:10,512 [Worker-46: Download sources and javadoc] INFO  o.e.m.c.i.e.AbstractTransferListenerAdapter - Downloading https://repo.maven.apache.org/maven2/org/projectlombok/lombok/1.18.26/lombok-1.18.26-sources.jar
2025-11-25 17:29:10,740 [Worker-46: Download sources and javadoc] INFO  o.e.m.c.i.e.AbstractTransferListenerAdapter - Downloaded https://repo.maven.apache.org/maven2/org/projectlombok/lombok/1.18.26/lombok-1.18.26-sources.jar
2025-11-25 17:29:10,909 [Worker-46: Download sources and javadoc] INFO  o.e.m.j.internal.DownloadSourcesJob - Downloaded sources for org.projectlombok:lombok:1.18.26
2025-11-25 17:29:10,949 [Worker-46: Download sources and javadoc] INFO  o.e.m.c.i.e.AbstractTransferListenerAdapter - Downloading https://repo.maven.apache.org/maven2/org/springdoc/springdoc-openapi-ui/1.6.14/springdoc-openapi-ui-1.6.14-sources.jar
2025-11-25 17:29:11,256 [Worker-46: Download sources and javadoc] INFO  o.e.m.c.i.e.AbstractTransferListenerAdapter - Downloaded https://repo.maven.apache.org/maven2/org/springdoc/springdoc-openapi-ui/1.6.14/springdoc-openapi-ui-1.6.14-sources.jar
2025-11-25 17:29:11,439 [Worker-46: Download sources and javadoc] INFO  o.e.m.j.internal.DownloadSourcesJob - Downloaded sources for org.springdoc:springdoc-openapi-ui:1.6.14
2025-11-25 17:29:11,514 [Worker-46: Download sources and javadoc] INFO  o.e.m.c.i.e.AbstractTransferListenerAdapter - Downloading https://repo.maven.apache.org/maven2/org/springdoc/springdoc-openapi-webmvc-core/1.6.14/springdoc-openapi-webmvc-core-1.6.14-sources.jar
2025-11-25 17:29:11,856 [Worker-46: Download sources and javadoc] INFO  o.e.m.c.i.e.AbstractTransferListenerAdapter - Downloaded https://repo.maven.apache.org/maven2/org/springdoc/springdoc-openapi-webmvc-core/1.6.14/springdoc-openapi-webmvc-core-1.6.14-sources.jar
2025-11-25 17:29:12,172 [Worker-46: Download sources and javadoc] INFO  o.e.m.j.internal.DownloadSourcesJob - Downloaded sources for org.springdoc:springdoc-openapi-webmvc-core:1.6.14
2025-11-25 17:29:12,224 [Worker-46: Download sources and javadoc] INFO  o.e.m.c.i.e.AbstractTransferListenerAdapter - Downloading https://repo.maven.apache.org/maven2/org/springdoc/springdoc-openapi-common/1.6.14/springdoc-openapi-common-1.6.14-sources.jar
2025-11-25 17:29:12,331 [Worker-46: Download sources and javadoc] INFO  o.e.m.c.i.e.AbstractTransferListenerAdapter - Downloaded https://repo.maven.apache.org/maven2/org/springdoc/springdoc-openapi-common/1.6.14/springdoc-openapi-common-1.6.14-sources.jar
2025-11-25 17:29:12,513 [Worker-46: Download sources and javadoc] INFO  o.e.m.j.internal.DownloadSourcesJob - Downloaded sources for org.springdoc:springdoc-openapi-common:1.6.14
2025-11-25 17:29:12,565 [Worker-46: Download sources and javadoc] INFO  o.e.m.c.i.e.AbstractTransferListenerAdapter - Downloading https://repo.maven.apache.org/maven2/io/swagger/core/v3/swagger-core/2.2.7/swagger-core-2.2.7-sources.jar
2025-11-25 17:29:12,636 [Worker-46: Download sources and javadoc] INFO  o.e.m.c.i.e.AbstractTransferListenerAdapter - Downloaded https://repo.maven.apache.org/maven2/io/swagger/core/v3/swagger-core/2.2.7/swagger-core-2.2.7-sources.jar
2025-11-25 17:29:12,780 [Worker-46: Download sources and javadoc] INFO  o.e.m.j.internal.DownloadSourcesJob - Downloaded sources for io.swagger.core.v3:swagger-core:2.2.7
2025-11-25 17:29:12,869 [Worker-46: Download sources and javadoc] INFO  o.e.m.c.i.e.AbstractTransferListenerAdapter - Downloading https://repo.maven.apache.org/maven2/org/apache/commons/commons-lang3/3.12.0/commons-lang3-3.12.0-sources.jar
2025-11-25 17:29:13,062 [Worker-46: Download sources and javadoc] INFO  o.e.m.c.i.e.AbstractTransferListenerAdapter - Downloaded https://repo.maven.apache.org/maven2/org/apache/commons/commons-lang3/3.12.0/commons-lang3-3.12.0-sources.jar
2025-11-25 17:29:13,225 [Worker-46: Download sources and javadoc] INFO  o.e.m.j.internal.DownloadSourcesJob - Downloaded sources for org.apache.commons:commons-lang3:3.12.0
2025-11-25 17:29:13,269 [Worker-46: Download sources and javadoc] INFO  o.e.m.c.i.e.AbstractTransferListenerAdapter - Downloading https://repo.maven.apache.org/maven2/com/fasterxml/jackson/dataformat/jackson-dataformat-yaml/2.13.5/jackson-dataformat-yaml-2.13.5-sources.jar
2025-11-25 17:29:13,289 [Worker-42: Building workspace] INFO  o.a.m.s.f.DefaultMavenResourcesFiltering - Copying 0 resource from src\main\resources to target\classes
2025-11-25 17:29:13,290 [Worker-42: Building workspace] INFO  o.a.m.s.f.DefaultMavenResourcesFiltering - Copying 0 resource from src\main\resources to target\classes
2025-11-25 17:29:13,293 [Worker-42: Building workspace] INFO  o.a.m.s.f.DefaultMavenResourcesFiltering - skip non existing resourceDirectory C:\Users\archit.jain\Downloads\music-app\33d68588-c4d8-4f0b-85c1-e9aeadc64138-v2\src\test\resources
2025-11-25 17:29:13,574 [Worker-46: Download sources and javadoc] INFO  o.e.m.c.i.e.AbstractTransferListenerAdapter - Downloaded https://repo.maven.apache.org/maven2/com/fasterxml/jackson/dataformat/jackson-dataformat-yaml/2.13.5/jackson-dataformat-yaml-2.13.5-sources.jar
2025-11-25 17:29:13,735 [Worker-46: Download sources and javadoc] INFO  o.e.m.j.internal.DownloadSourcesJob - Downloaded sources for com.fasterxml.jackson.dataformat:jackson-dataformat-yaml:2.13.5
2025-11-25 17:29:13,787 [Worker-46: Download sources and javadoc] INFO  o.e.m.c.i.e.AbstractTransferListenerAdapter - Downloading https://repo.maven.apache.org/maven2/io/swagger/core/v3/swagger-annotations/2.2.7/swagger-annotations-2.2.7-sources.jar
2025-11-25 17:29:13,860 [Worker-46: Download sources and javadoc] INFO  o.e.m.c.i.e.AbstractTransferListenerAdapter - Downloaded https://repo.maven.apache.org/maven2/io/swagger/core/v3/swagger-annotations/2.2.7/swagger-annotations-2.2.7-sources.jar
2025-11-25 17:29:14,097 [Worker-46: Download sources and javadoc] INFO  o.e.m.j.internal.DownloadSourcesJob - Downloaded sources for io.swagger.core.v3:swagger-annotations:2.2.7
2025-11-25 17:29:14,192 [Worker-46: Download sources and javadoc] INFO  o.e.m.c.i.e.AbstractTransferListenerAdapter - Downloading https://repo.maven.apache.org/maven2/io/swagger/core/v3/swagger-models/2.2.7/swagger-models-2.2.7-sources.jar
2025-11-25 17:29:14,357 [Worker-46: Download sources and javadoc] INFO  o.e.m.c.i.e.AbstractTransferListenerAdapter - Downloaded https://repo.maven.apache.org/maven2/io/swagger/core/v3/swagger-models/2.2.7/swagger-models-2.2.7-sources.jar
2025-11-25 17:29:14,548 [Worker-46: Download sources and javadoc] INFO  o.e.m.j.internal.DownloadSourcesJob - Downloaded sources for io.swagger.core.v3:swagger-models:2.2.7
2025-11-25 17:29:14,615 [Worker-46: Download sources and javadoc] INFO  o.e.m.c.i.e.AbstractTransferListenerAdapter - Downloading https://repo.maven.apache.org/maven2/jakarta/validation/jakarta.validation-api/2.0.2/jakarta.validation-api-2.0.2-sources.jar
2025-11-25 17:29:14,719 [Worker-46: Download sources and javadoc] INFO  o.e.m.c.i.e.AbstractTransferListenerAdapter - Downloaded https://repo.maven.apache.org/maven2/jakarta/validation/jakarta.validation-api/2.0.2/jakarta.validation-api-2.0.2-sources.jar
2025-11-25 17:29:14,973 [Worker-46: Download sources and javadoc] INFO  o.e.m.j.internal.DownloadSourcesJob - Downloaded sources for jakarta.validation:jakarta.validation-api:2.0.2
2025-11-25 17:29:15,289 [Worker-46: Download sources and javadoc] INFO  o.e.m.c.i.e.AbstractTransferListenerAdapter - Downloaded https://repo.maven.apache.org/maven2/org/webjars/swagger-ui/4.15.5/swagger-ui-4.15.5-sources.jar
2025-11-25 17:29:15,311 [Worker-46: Download sources and javadoc] ERROR o.e.m.j.internal.DownloadSourcesJob - Could not download sources for org.webjars:swagger-ui:4.15.5
org.eclipse.core.runtime.CoreException: Could not resolve artifact org.webjars:swagger-ui:jar:sources:4.15.5
	at org.eclipse.m2e.core.internal.embedder.MavenImpl$5.call(MavenImpl.java:776) ~[na:na]
	at org.eclipse.m2e.core.internal.embedder.MavenImpl$5.call(MavenImpl.java:1) ~[na:na]
	at org.eclipse.m2e.core.internal.embedder.MavenExecutionContext.executeBare(MavenExecutionContext.java:177) ~[na:na]
	at org.eclipse.m2e.core.internal.embedder.MavenExecutionContext.execute(MavenExecutionContext.java:112) ~[na:na]
	at org.eclipse.m2e.core.internal.embedder.MavenExecutionContext.execute(MavenExecutionContext.java:99) ~[na:na]
	at org.eclipse.m2e.core.internal.embedder.MavenImpl.resolve(MavenImpl.java:743) ~[na:na]
	at org.eclipse.m2e.core.internal.embedder.MavenImpl.resolve(MavenImpl.java:720) ~[na:na]
	at org.eclipse.m2e.jdt.internal.DownloadSourcesJob.download(DownloadSourcesJob.java:279) ~[na:na]
	at org.eclipse.m2e.jdt.internal.DownloadSourcesJob.downloadAttachments(DownloadSourcesJob.java:254) ~[na:na]
	at org.eclipse.m2e.jdt.internal.DownloadSourcesJob.downloadMaven(DownloadSourcesJob.java:221) ~[na:na]
	at org.eclipse.m2e.jdt.internal.DownloadSourcesJob.run(DownloadSourcesJob.java:161) ~[na:na]
	at org.eclipse.m2e.jdt.internal.DownloadSourcesJob$1.call(DownloadSourcesJob.java:137) ~[na:na]
	at org.eclipse.m2e.jdt.internal.DownloadSourcesJob$1.call(DownloadSourcesJob.java:1) ~[na:na]
	at org.eclipse.m2e.core.internal.embedder.MavenExecutionContext.executeBare(MavenExecutionContext.java:177) ~[na:na]
	at org.eclipse.m2e.core.internal.embedder.MavenExecutionContext.execute(MavenExecutionContext.java:151) ~[na:na]
	at org.eclipse.m2e.core.internal.embedder.MavenExecutionContext.execute(MavenExecutionContext.java:99) ~[na:na]
	at org.eclipse.m2e.core.internal.embedder.MavenImpl.execute(MavenImpl.java:1355) ~[na:na]
	at org.eclipse.m2e.jdt.internal.DownloadSourcesJob.run(DownloadSourcesJob.java:135) ~[na:na]
	at org.eclipse.core.internal.jobs.Worker.run(Worker.java:60) ~[org.eclipse.core.jobs_3.10.0.v20180427-1454.jar:na]
2025-11-25 17:29:15,353 [Worker-46: Download sources and javadoc] INFO  o.e.m.c.i.e.AbstractTransferListenerAdapter - Downloading https://repo.maven.apache.org/maven2/org/webjars/webjars-locator-core/0.50/webjars-locator-core-0.50-sources.jar
2025-11-25 17:29:15,425 [Worker-46: Download sources and javadoc] INFO  o.e.m.c.i.e.AbstractTransferListenerAdapter - Downloaded https://repo.maven.apache.org/maven2/org/webjars/webjars-locator-core/0.50/webjars-locator-core-0.50-sources.jar
2025-11-25 17:29:15,626 [Worker-46: Download sources and javadoc] INFO  o.e.m.j.internal.DownloadSourcesJob - Downloaded sources for org.webjars:webjars-locator-core:0.50
2025-11-25 17:29:15,689 [Worker-46: Download sources and javadoc] INFO  o.e.m.c.i.e.AbstractTransferListenerAdapter - Downloading https://repo.maven.apache.org/maven2/io/github/classgraph/classgraph/4.8.149/classgraph-4.8.149-sources.jar
2025-11-25 17:29:15,819 [Worker-46: Download sources and javadoc] INFO  o.e.m.c.i.e.AbstractTransferListenerAdapter - Downloaded https://repo.maven.apache.org/maven2/io/github/classgraph/classgraph/4.8.149/classgraph-4.8.149-sources.jar
2025-11-25 17:29:16,215 [Worker-46: Download sources and javadoc] INFO  o.e.m.j.internal.DownloadSourcesJob - Downloaded sources for io.github.classgraph:classgraph:4.8.149
2025-11-25 17:29:16,281 [Worker-46: Download sources and javadoc] INFO  o.e.m.c.i.e.AbstractTransferListenerAdapter - Downloading https://repo.maven.apache.org/maven2/com/h2database/h2/2.1.214/h2-2.1.214-sources.jar
2025-11-25 17:29:16,564 [Worker-46: Download sources and javadoc] INFO  o.e.m.c.i.e.AbstractTransferListenerAdapter - Downloaded https://repo.maven.apache.org/maven2/com/h2database/h2/2.1.214/h2-2.1.214-sources.jar
2025-11-25 17:29:16,764 [Worker-46: Download sources and javadoc] INFO  o.e.m.j.internal.DownloadSourcesJob - Downloaded sources for com.h2database:h2:2.1.214
2025-11-25 17:29:16,817 [Worker-46: Download sources and javadoc] INFO  o.e.m.c.i.e.AbstractTransferListenerAdapter - Downloading https://repo.maven.apache.org/maven2/org/springframework/boot/spring-boot-starter-test/2.7.12/spring-boot-starter-test-2.7.12-sources.jar
2025-11-25 17:29:17,110 [Worker-46: Download sources and javadoc] INFO  o.e.m.c.i.e.AbstractTransferListenerAdapter - Downloaded https://repo.maven.apache.org/maven2/org/springframework/boot/spring-boot-starter-test/2.7.12/spring-boot-starter-test-2.7.12-sources.jar
2025-11-25 17:29:17,280 [Worker-46: Download sources and javadoc] INFO  o.e.m.j.internal.DownloadSourcesJob - Downloaded sources for org.springframework.boot:spring-boot-starter-test:2.7.12
2025-11-25 17:29:17,329 [Worker-46: Download sources and javadoc] INFO  o.e.m.c.i.e.AbstractTransferListenerAdapter - Downloading https://repo.maven.apache.org/maven2/org/springframework/boot/spring-boot-test/2.7.12/spring-boot-test-2.7.12-sources.jar
2025-11-25 17:29:17,652 [Worker-46: Download sources and javadoc] INFO  o.e.m.c.i.e.AbstractTransferListenerAdapter - Downloaded https://repo.maven.apache.org/maven2/org/springframework/boot/spring-boot-test/2.7.12/spring-boot-test-2.7.12-sources.jar
2025-11-25 17:29:17,847 [Worker-46: Download sources and javadoc] INFO  o.e.m.j.internal.DownloadSourcesJob - Downloaded sources for org.springframework.boot:spring-boot-test:2.7.12
2025-11-25 17:29:18,058 [Worker-46: Download sources and javadoc] INFO  o.e.m.c.i.e.AbstractTransferListenerAdapter - Downloading https://repo.maven.apache.org/maven2/org/springframework/boot/spring-boot-test-autoconfigure/2.7.12/spring-boot-test-autoconfigure-2.7.12-sources.jar
2025-11-25 17:29:18,417 [Worker-46: Download sources and javadoc] INFO  o.e.m.c.i.e.AbstractTransferListenerAdapter - Downloaded https://repo.maven.apache.org/maven2/org/springframework/boot/spring-boot-test-autoconfigure/2.7.12/spring-boot-test-autoconfigure-2.7.12-sources.jar
2025-11-25 17:29:18,625 [Worker-46: Download sources and javadoc] INFO  o.e.m.j.internal.DownloadSourcesJob - Downloaded sources for org.springframework.boot:spring-boot-test-autoconfigure:2.7.12
2025-11-25 17:29:18,682 [Worker-46: Download sources and javadoc] INFO  o.e.m.c.i.e.AbstractTransferListenerAdapter - Downloading https://repo.maven.apache.org/maven2/com/jayway/jsonpath/json-path/2.7.0/json-path-2.7.0-sources.jar
2025-11-25 17:29:18,837 [Worker-46: Download sources and javadoc] INFO  o.e.m.c.i.e.AbstractTransferListenerAdapter - Downloaded https://repo.maven.apache.org/maven2/com/jayway/jsonpath/json-path/2.7.0/json-path-2.7.0-sources.jar
2025-11-25 17:29:19,114 [Worker-46: Download sources and javadoc] INFO  o.e.m.j.internal.DownloadSourcesJob - Downloaded sources for com.jayway.jsonpath:json-path:2.7.0
2025-11-25 17:29:19,224 [Worker-46: Download sources and javadoc] INFO  o.e.m.c.i.e.AbstractTransferListenerAdapter - Downloading https://repo.maven.apache.org/maven2/net/minidev/json-smart/2.4.11/json-smart-2.4.11-sources.jar
2025-11-25 17:29:19,299 [Worker-46: Download sources and javadoc] INFO  o.e.m.c.i.e.AbstractTransferListenerAdapter - Downloaded https://repo.maven.apache.org/maven2/net/minidev/json-smart/2.4.11/json-smart-2.4.11-sources.jar
2025-11-25 17:29:19,488 [Worker-46: Download sources and javadoc] INFO  o.e.m.j.internal.DownloadSourcesJob - Downloaded sources for net.minidev:json-smart:2.4.11
2025-11-25 17:29:19,537 [Worker-46: Download sources and javadoc] INFO  o.e.m.c.i.e.AbstractTransferListenerAdapter - Downloading https://repo.maven.apache.org/maven2/net/minidev/accessors-smart/2.4.11/accessors-smart-2.4.11-sources.jar
2025-11-25 17:29:19,598 [Worker-46: Download sources and javadoc] INFO  o.e.m.c.i.e.AbstractTransferListenerAdapter - Downloaded https://repo.maven.apache.org/maven2/net/minidev/accessors-smart/2.4.11/accessors-smart-2.4.11-sources.jar
2025-11-25 17:29:19,795 [Worker-46: Download sources and javadoc] INFO  o.e.m.j.internal.DownloadSourcesJob - Downloaded sources for net.minidev:accessors-smart:2.4.11
2025-11-25 17:29:19,848 [Worker-46: Download sources and javadoc] INFO  o.e.m.c.i.e.AbstractTransferListenerAdapter - Downloading https://repo.maven.apache.org/maven2/jakarta/xml/bind/jakarta.xml.bind-api/2.3.3/jakarta.xml.bind-api-2.3.3-sources.jar
2025-11-25 17:29:19,964 [Worker-46: Download sources and javadoc] INFO  o.e.m.c.i.e.AbstractTransferListenerAdapter - Downloaded https://repo.maven.apache.org/maven2/jakarta/xml/bind/jakarta.xml.bind-api/2.3.3/jakarta.xml.bind-api-2.3.3-sources.jar
2025-11-25 17:29:20,154 [Worker-46: Download sources and javadoc] INFO  o.e.m.j.internal.DownloadSourcesJob - Downloaded sources for jakarta.xml.bind:jakarta.xml.bind-api:2.3.3
2025-11-25 17:29:20,222 [Worker-46: Download sources and javadoc] INFO  o.e.m.c.i.e.AbstractTransferListenerAdapter - Downloading https://repo.maven.apache.org/maven2/jakarta/activation/jakarta.activation-api/1.2.2/jakarta.activation-api-1.2.2-sources.jar
2025-11-25 17:29:20,290 [Worker-46: Download sources and javadoc] INFO  o.e.m.c.i.e.AbstractTransferListenerAdapter - Downloaded https://repo.maven.apache.org/maven2/jakarta/activation/jakarta.activation-api/1.2.2/jakarta.activation-api-1.2.2-sources.jar
2025-11-25 17:29:20,589 [Worker-46: Download sources and javadoc] INFO  o.e.m.j.internal.DownloadSourcesJob - Downloaded sources for jakarta.activation:jakarta.activation-api:1.2.2
2025-11-25 17:29:20,631 [Worker-46: Download sources and javadoc] INFO  o.e.m.c.i.e.AbstractTransferListenerAdapter - Downloading https://repo.maven.apache.org/maven2/org/assertj/assertj-core/3.22.0/assertj-core-3.22.0-sources.jar
2025-11-25 17:29:20,720 [Worker-42: Building workspace] INFO  o.a.m.s.f.DefaultMavenResourcesFiltering - Copying 1 resource from src\main\resources to target\classes
2025-11-25 17:29:20,732 [Worker-42: Building workspace] INFO  o.a.m.s.f.DefaultMavenResourcesFiltering - Copying 0 resource from src\main\resources to target\classes
2025-11-25 17:29:20,738 [Worker-42: Building workspace] INFO  o.a.m.s.f.DefaultMavenResourcesFiltering - skip non existing resourceDirectory C:\Users\archit.jain\OneDrive - HCL TECHNOLOGIES LIMITED\Documents\GuviProject\user5\src\test\resources
2025-11-25 17:29:20,851 [Worker-46: Download sources and javadoc] INFO  o.e.m.c.i.e.AbstractTransferListenerAdapter - Downloaded https://repo.maven.apache.org/maven2/org/assertj/assertj-core/3.22.0/assertj-core-3.22.0-sources.jar
2025-11-25 17:29:21,017 [Worker-46: Download sources and javadoc] INFO  o.e.m.j.internal.DownloadSourcesJob - Downloaded sources for org.assertj:assertj-core:3.22.0
2025-11-25 17:29:21,063 [Worker-46: Download sources and javadoc] INFO  o.e.m.c.i.e.AbstractTransferListenerAdapter - Downloading https://repo.maven.apache.org/maven2/org/junit/jupiter/junit-jupiter/5.8.2/junit-jupiter-5.8.2-sources.jar
2025-11-25 17:29:21,114 [Worker-46: Download sources and javadoc] INFO  o.e.m.c.i.e.AbstractTransferListenerAdapter - Downloaded https://repo.maven.apache.org/maven2/org/junit/jupiter/junit-jupiter/5.8.2/junit-jupiter-5.8.2-sources.jar
2025-11-25 17:29:21,256 [Worker-46: Download sources and javadoc] INFO  o.e.m.j.internal.DownloadSourcesJob - Downloaded sources for org.junit.jupiter:junit-jupiter:5.8.2
2025-11-25 17:29:21,310 [Worker-46: Download sources and javadoc] INFO  o.e.m.c.i.e.AbstractTransferListenerAdapter - Downloading https://repo.maven.apache.org/maven2/org/junit/jupiter/junit-jupiter-api/5.8.2/junit-jupiter-api-5.8.2-sources.jar
2025-11-25 17:29:21,432 [Worker-46: Download sources and javadoc] INFO  o.e.m.c.i.e.AbstractTransferListenerAdapter - Downloaded https://repo.maven.apache.org/maven2/org/junit/jupiter/junit-jupiter-api/5.8.2/junit-jupiter-api-5.8.2-sources.jar
2025-11-25 17:29:21,573 [Worker-46: Download sources and javadoc] INFO  o.e.m.j.internal.DownloadSourcesJob - Downloaded sources for org.junit.jupiter:junit-jupiter-api:5.8.2
2025-11-25 17:29:21,619 [Worker-46: Download sources and javadoc] INFO  o.e.m.c.i.e.AbstractTransferListenerAdapter - Downloading https://repo.maven.apache.org/maven2/org/junit/platform/junit-platform-commons/1.8.2/junit-platform-commons-1.8.2-sources.jar
2025-11-25 17:29:21,685 [Worker-46: Download sources and javadoc] INFO  o.e.m.c.i.e.AbstractTransferListenerAdapter - Downloaded https://repo.maven.apache.org/maven2/org/junit/platform/junit-platform-commons/1.8.2/junit-platform-commons-1.8.2-sources.jar
2025-11-25 17:29:21,810 [Worker-46: Download sources and javadoc] INFO  o.e.m.j.internal.DownloadSourcesJob - Downloaded sources for org.junit.platform:junit-platform-commons:1.8.2
2025-11-25 17:29:26,288 [Worker-48: Building workspace] INFO  o.e.m.c.i.embedder.EclipseLogger - Using 'UTF-8' encoding to copy filtered resources.
2025-11-25 17:29:26,288 [Worker-48: Building workspace] INFO  o.e.m.c.i.embedder.EclipseLogger - Using 'UTF-8' encoding to copy filtered properties files.
2025-11-25 17:29:26,293 [Worker-48: Building workspace] INFO  o.e.m.c.i.embedder.EclipseLogger - Copying 0 resource
2025-11-25 17:29:26,294 [Worker-48: Building workspace] INFO  o.e.m.c.i.embedder.EclipseLogger - Copying 0 resource
2025-11-25 17:29:26,299 [Worker-48: Building workspace] INFO  o.e.m.c.i.embedder.EclipseLogger - Using 'UTF-8' encoding to copy filtered resources.
2025-11-25 17:29:26,299 [Worker-48: Building workspace] INFO  o.e.m.c.i.embedder.EclipseLogger - Using 'UTF-8' encoding to copy filtered properties files.
2025-11-25 17:29:26,300 [Worker-48: Building workspace] INFO  o.e.m.c.i.embedder.EclipseLogger - Copying 0 resource
2025-11-25 17:29:27,197 [Worker-46: Download sources and javadoc] INFO  o.e.m.c.i.e.AbstractTransferListenerAdapter - Downloading https://repo.maven.apache.org/maven2/org/junit/jupiter/junit-jupiter-params/5.8.2/junit-jupiter-params-5.8.2-sources.jar
2025-11-25 17:29:27,286 [Worker-46: Download sources and javadoc] INFO  o.e.m.c.i.e.AbstractTransferListenerAdapter - Downloaded https://repo.maven.apache.org/maven2/org/junit/jupiter/junit-jupiter-params/5.8.2/junit-jupiter-params-5.8.2-sources.jar
2025-11-25 17:29:27,356 [Worker-46: Download sources and javadoc] INFO  o.e.m.j.internal.DownloadSourcesJob - Downloaded sources for org.junit.jupiter:junit-jupiter-params:5.8.2
2025-11-25 17:29:27,428 [Worker-46: Download sources and javadoc] INFO  o.e.m.c.i.e.AbstractTransferListenerAdapter - Downloading https://repo.maven.apache.org/maven2/org/junit/jupiter/junit-jupiter-engine/5.8.2/junit-jupiter-engine-5.8.2-sources.jar
2025-11-25 17:29:27,499 [Worker-46: Download sources and javadoc] INFO  o.e.m.c.i.e.AbstractTransferListenerAdapter - Downloaded https://repo.maven.apache.org/maven2/org/junit/jupiter/junit-jupiter-engine/5.8.2/junit-jupiter-engine-5.8.2-sources.jar
2025-11-25 17:29:27,576 [Worker-46: Download sources and javadoc] INFO  o.e.m.j.internal.DownloadSourcesJob - Downloaded sources for org.junit.jupiter:junit-jupiter-engine:5.8.2
2025-11-25 17:29:27,619 [Worker-46: Download sources and javadoc] INFO  o.e.m.c.i.e.AbstractTransferListenerAdapter - Downloading https://repo.maven.apache.org/maven2/org/junit/platform/junit-platform-engine/1.8.2/junit-platform-engine-1.8.2-sources.jar
2025-11-25 17:29:27,686 [Worker-46: Download sources and javadoc] INFO  o.e.m.c.i.e.AbstractTransferListenerAdapter - Downloaded https://repo.maven.apache.org/maven2/org/junit/platform/junit-platform-engine/1.8.2/junit-platform-engine-1.8.2-sources.jar
2025-11-25 17:29:27,767 [Worker-46: Download sources and javadoc] INFO  o.e.m.j.internal.DownloadSourcesJob - Downloaded sources for org.junit.platform:junit-platform-engine:1.8.2
2025-11-25 17:29:27,816 [Worker-46: Download sources and javadoc] INFO  o.e.m.c.i.e.AbstractTransferListenerAdapter - Downloading https://repo.maven.apache.org/maven2/org/mockito/mockito-core/4.5.1/mockito-core-4.5.1-sources.jar
2025-11-25 17:29:27,945 [Worker-46: Download sources and javadoc] INFO  o.e.m.c.i.e.AbstractTransferListenerAdapter - Downloaded https://repo.maven.apache.org/maven2/org/mockito/mockito-core/4.5.1/mockito-core-4.5.1-sources.jar
2025-11-25 17:29:28,033 [Worker-46: Download sources and javadoc] INFO  o.e.m.j.internal.DownloadSourcesJob - Downloaded sources for org.mockito:mockito-core:4.5.1
2025-11-25 17:29:28,331 [Worker-46: Download sources and javadoc] INFO  o.e.m.c.i.e.AbstractTransferListenerAdapter - Downloading https://repo.maven.apache.org/maven2/net/bytebuddy/byte-buddy-agent/1.12.23/byte-buddy-agent-1.12.23-sources.jar
2025-11-25 17:29:28,417 [Worker-46: Download sources and javadoc] INFO  o.e.m.c.i.e.AbstractTransferListenerAdapter - Downloaded https://repo.maven.apache.org/maven2/net/bytebuddy/byte-buddy-agent/1.12.23/byte-buddy-agent-1.12.23-sources.jar
2025-11-25 17:29:28,567 [Worker-46: Download sources and javadoc] INFO  o.e.m.j.internal.DownloadSourcesJob - Downloaded sources for net.bytebuddy:byte-buddy-agent:1.12.23
2025-11-25 17:29:28,613 [Worker-46: Download sources and javadoc] INFO  o.e.m.c.i.e.AbstractTransferListenerAdapter - Downloading https://repo.maven.apache.org/maven2/org/objenesis/objenesis/3.2/objenesis-3.2-sources.jar
2025-11-25 17:29:28,662 [Worker-46: Download sources and javadoc] INFO  o.e.m.c.i.e.AbstractTransferListenerAdapter - Downloaded https://repo.maven.apache.org/maven2/org/objenesis/objenesis/3.2/objenesis-3.2-sources.jar
2025-11-25 17:29:28,754 [Worker-46: Download sources and javadoc] INFO  o.e.m.j.internal.DownloadSourcesJob - Downloaded sources for org.objenesis:objenesis:3.2
2025-11-25 17:29:28,815 [Worker-46: Download sources and javadoc] INFO  o.e.m.c.i.e.AbstractTransferListenerAdapter - Downloading https://repo.maven.apache.org/maven2/org/mockito/mockito-junit-jupiter/4.5.1/mockito-junit-jupiter-4.5.1-sources.jar
2025-11-25 17:29:28,865 [Worker-46: Download sources and javadoc] INFO  o.e.m.c.i.e.AbstractTransferListenerAdapter - Downloaded https://repo.maven.apache.org/maven2/org/mockito/mockito-junit-jupiter/4.5.1/mockito-junit-jupiter-4.5.1-sources.jar
2025-11-25 17:29:28,950 [Worker-46: Download sources and javadoc] INFO  o.e.m.j.internal.DownloadSourcesJob - Downloaded sources for org.mockito:mockito-junit-jupiter:4.5.1
2025-11-25 17:29:29,008 [Worker-46: Download sources and javadoc] INFO  o.e.m.c.i.e.AbstractTransferListenerAdapter - Downloading https://repo.maven.apache.org/maven2/org/springframework/spring-core/5.3.27/spring-core-5.3.27-sources.jar
2025-11-25 17:29:29,437 [Worker-46: Download sources and javadoc] INFO  o.e.m.c.i.e.AbstractTransferListenerAdapter - Downloaded https://repo.maven.apache.org/maven2/org/springframework/spring-core/5.3.27/spring-core-5.3.27-sources.jar
2025-11-25 17:29:29,513 [Worker-46: Download sources and javadoc] INFO  o.e.m.j.internal.DownloadSourcesJob - Downloaded sources for org.springframework:spring-core:5.3.27
2025-11-25 17:29:29,558 [Worker-46: Download sources and javadoc] INFO  o.e.m.c.i.e.AbstractTransferListenerAdapter - Downloading https://repo.maven.apache.org/maven2/org/springframework/spring-jcl/5.3.27/spring-jcl-5.3.27-sources.jar
2025-11-25 17:29:29,636 [Worker-46: Download sources and javadoc] INFO  o.e.m.c.i.e.AbstractTransferListenerAdapter - Downloaded https://repo.maven.apache.org/maven2/org/springframework/spring-jcl/5.3.27/spring-jcl-5.3.27-sources.jar
2025-11-25 17:29:29,713 [Worker-46: Download sources and javadoc] INFO  o.e.m.j.internal.DownloadSourcesJob - Downloaded sources for org.springframework:spring-jcl:5.3.27
2025-11-25 17:29:29,758 [Worker-46: Download sources and javadoc] INFO  o.e.m.c.i.e.AbstractTransferListenerAdapter - Downloading https://repo.maven.apache.org/maven2/org/springframework/spring-test/5.3.27/spring-test-5.3.27-sources.jar
2025-11-25 17:29:30,102 [Worker-46: Download sources and javadoc] INFO  o.e.m.c.i.e.AbstractTransferListenerAdapter - Downloaded https://repo.maven.apache.org/maven2/org/springframework/spring-test/5.3.27/spring-test-5.3.27-sources.jar
2025-11-25 17:29:30,190 [Worker-46: Download sources and javadoc] INFO  o.e.m.j.internal.DownloadSourcesJob - Downloaded sources for org.springframework:spring-test:5.3.27
2025-11-25 17:29:30,196 [Worker-46: Download sources and javadoc] INFO  o.e.m.j.internal.DownloadSourcesJob - Downloaded sources for com.fasterxml.jackson.module:jackson-module-parameter-names:2.13.5
2025-11-25 17:29:30,204 [Worker-46: Download sources and javadoc] INFO  o.e.m.j.internal.DownloadSourcesJob - Downloaded sources for org.springframework.boot:spring-boot-starter-tomcat:2.7.12
2025-11-25 17:29:30,211 [Worker-46: Download sources and javadoc] INFO  o.e.m.j.internal.DownloadSourcesJob - Downloaded sources for org.apache.tomcat.embed:tomcat-embed-core:9.0.75
2025-11-25 17:29:30,220 [Worker-46: Download sources and javadoc] INFO  o.e.m.j.internal.DownloadSourcesJob - Downloaded sources for org.apache.tomcat.embed:tomcat-embed-el:9.0.75
2025-11-25 17:29:30,226 [Worker-46: Download sources and javadoc] INFO  o.e.m.j.internal.DownloadSourcesJob - Downloaded sources for org.apache.tomcat.embed:tomcat-embed-websocket:9.0.75
2025-11-25 17:29:30,231 [Worker-46: Download sources and javadoc] INFO  o.e.m.j.internal.DownloadSourcesJob - Downloaded sources for org.springframework:spring-web:5.3.27
2025-11-25 17:29:30,238 [Worker-46: Download sources and javadoc] INFO  o.e.m.j.internal.DownloadSourcesJob - Downloaded sources for org.springframework:spring-beans:5.3.27
2025-11-25 17:29:30,244 [Worker-46: Download sources and javadoc] INFO  o.e.m.j.internal.DownloadSourcesJob - Downloaded sources for org.springframework:spring-webmvc:5.3.27
2025-11-25 17:29:30,252 [Worker-46: Download sources and javadoc] INFO  o.e.m.j.internal.DownloadSourcesJob - Downloaded sources for org.springframework:spring-context:5.3.27
2025-11-25 17:29:30,257 [Worker-46: Download sources and javadoc] INFO  o.e.m.j.internal.DownloadSourcesJob - Downloaded sources for org.springframework:spring-expression:5.3.27
2025-11-25 17:29:30,262 [Worker-46: Download sources and javadoc] INFO  o.e.m.j.internal.DownloadSourcesJob - Downloaded sources for org.springframework.boot:spring-boot-starter-data-jpa:2.7.12
2025-11-25 17:29:30,268 [Worker-46: Download sources and javadoc] INFO  o.e.m.j.internal.DownloadSourcesJob - Downloaded sources for org.springframework.boot:spring-boot-starter-aop:2.7.12
2025-11-25 17:29:30,275 [Worker-46: Download sources and javadoc] INFO  o.e.m.j.internal.DownloadSourcesJob - Downloaded sources for org.aspectj:aspectjweaver:1.9.7
2025-11-25 17:29:30,283 [Worker-46: Download sources and javadoc] INFO  o.e.m.j.internal.DownloadSourcesJob - Downloaded sources for org.springframework.boot:spring-boot-starter-jdbc:2.7.12
2025-11-25 17:29:30,289 [Worker-46: Download sources and javadoc] INFO  o.e.m.j.internal.DownloadSourcesJob - Downloaded sources for com.zaxxer:HikariCP:4.0.3
2025-11-25 17:29:30,296 [Worker-46: Download sources and javadoc] INFO  o.e.m.j.internal.DownloadSourcesJob - Downloaded sources for org.springframework:spring-jdbc:5.3.27
2025-11-25 17:29:30,302 [Worker-46: Download sources and javadoc] INFO  o.e.m.j.internal.DownloadSourcesJob - Downloaded sources for jakarta.transaction:jakarta.transaction-api:1.3.3
2025-11-25 17:29:30,309 [Worker-46: Download sources and javadoc] INFO  o.e.m.j.internal.DownloadSourcesJob - Downloaded sources for org.hibernate:hibernate-core:5.6.15.Final
2025-11-25 17:29:30,317 [Worker-46: Download sources and javadoc] INFO  o.e.m.j.internal.DownloadSourcesJob - Downloaded sources for org.jboss.logging:jboss-logging:3.4.3.Final
2025-11-25 17:29:30,324 [Worker-46: Download sources and javadoc] INFO  o.e.m.j.internal.DownloadSourcesJob - Downloaded sources for net.bytebuddy:byte-buddy:1.12.23
2025-11-25 17:29:30,333 [Worker-46: Download sources and javadoc] INFO  o.e.m.j.internal.DownloadSourcesJob - Downloaded sources for org.hibernate.common:hibernate-commons-annotations:5.1.2.Final
2025-11-25 17:29:30,341 [Worker-46: Download sources and javadoc] INFO  o.e.m.j.internal.DownloadSourcesJob - Downloaded sources for org.glassfish.jaxb:jaxb-runtime:2.3.8
2025-11-25 17:29:30,348 [Worker-46: Download sources and javadoc] INFO  o.e.m.j.internal.DownloadSourcesJob - Downloaded sources for org.glassfish.jaxb:txw2:2.3.8
2025-11-25 17:29:30,353 [Worker-46: Download sources and javadoc] INFO  o.e.m.j.internal.DownloadSourcesJob - Downloaded sources for com.sun.istack:istack-commons-runtime:3.0.12
2025-11-25 17:29:30,361 [Worker-46: Download sources and javadoc] INFO  o.e.m.j.internal.DownloadSourcesJob - Downloaded sources for com.sun.activation:jakarta.activation:1.2.2
2025-11-25 17:29:30,368 [Worker-46: Download sources and javadoc] INFO  o.e.m.j.internal.DownloadSourcesJob - Downloaded sources for org.springframework.data:spring-data-jpa:2.7.12
2025-11-25 17:29:30,375 [Worker-46: Download sources and javadoc] INFO  o.e.m.j.internal.DownloadSourcesJob - Downloaded sources for org.springframework.data:spring-data-commons:2.7.12
2025-11-25 17:29:30,381 [Worker-46: Download sources and javadoc] INFO  o.e.m.j.internal.DownloadSourcesJob - Downloaded sources for org.springframework:spring-orm:5.3.27
2025-11-25 17:29:30,387 [Worker-46: Download sources and javadoc] INFO  o.e.m.j.internal.DownloadSourcesJob - Downloaded sources for org.springframework:spring-tx:5.3.27
2025-11-25 17:29:30,394 [Worker-46: Download sources and javadoc] INFO  o.e.m.j.internal.DownloadSourcesJob - Downloaded sources for org.springframework:spring-aspects:5.3.27
2025-11-25 17:29:30,400 [Worker-46: Download sources and javadoc] INFO  o.e.m.j.internal.DownloadSourcesJob - Downloaded sources for org.springframework.boot:spring-boot-starter-security:2.7.12
2025-11-25 17:29:30,407 [Worker-46: Download sources and javadoc] INFO  o.e.m.j.internal.DownloadSourcesJob - Downloaded sources for org.springframework:spring-aop:5.3.27
2025-11-25 17:29:30,413 [Worker-46: Download sources and javadoc] INFO  o.e.m.j.internal.DownloadSourcesJob - Downloaded sources for org.springframework.security:spring-security-config:5.7.8
2025-11-25 17:29:30,419 [Worker-46: Download sources and javadoc] INFO  o.e.m.j.internal.DownloadSourcesJob - Downloaded sources for org.springframework.security:spring-security-core:5.7.8
2025-11-25 17:29:30,425 [Worker-46: Download sources and javadoc] INFO  o.e.m.j.internal.DownloadSourcesJob - Downloaded sources for org.springframework.security:spring-security-crypto:5.7.8
2025-11-25 17:29:30,431 [Worker-46: Download sources and javadoc] INFO  o.e.m.j.internal.DownloadSourcesJob - Downloaded sources for org.springframework.security:spring-security-web:5.7.8
2025-11-25 17:29:30,439 [Worker-46: Download sources and javadoc] INFO  o.e.m.j.internal.DownloadSourcesJob - Downloaded sources for org.mariadb.jdbc:mariadb-java-client:3.1.4
2025-11-25 17:29:30,447 [Worker-46: Download sources and javadoc] INFO  o.e.m.j.internal.DownloadSourcesJob - Downloaded sources for com.github.waffle:waffle-jna:3.2.0
2025-11-25 17:29:30,454 [Worker-46: Download sources and javadoc] INFO  o.e.m.j.internal.DownloadSourcesJob - Downloaded sources for net.java.dev.jna:jna:5.12.1
2025-11-25 17:29:30,462 [Worker-46: Download sources and javadoc] INFO  o.e.m.j.internal.DownloadSourcesJob - Downloaded sources for net.java.dev.jna:jna-platform:5.12.1
2025-11-25 17:29:30,469 [Worker-46: Download sources and javadoc] INFO  o.e.m.j.internal.DownloadSourcesJob - Downloaded sources for org.slf4j:jcl-over-slf4j:1.7.36
2025-11-25 17:29:30,475 [Worker-46: Download sources and javadoc] INFO  o.e.m.j.internal.DownloadSourcesJob - Downloaded sources for com.github.ben-manes.caffeine:caffeine:2.9.3
2025-11-25 17:29:30,481 [Worker-46: Download sources and javadoc] INFO  o.e.m.j.internal.DownloadSourcesJob - Downloaded sources for com.google.errorprone:error_prone_annotations:2.10.0
2025-11-25 17:29:30,488 [Worker-46: Download sources and javadoc] INFO  o.e.m.j.internal.DownloadSourcesJob - Downloaded sources for org.checkerframework:checker-qual:3.23.0
2025-11-25 17:29:30,497 [Worker-46: Download sources and javadoc] INFO  o.e.m.j.internal.DownloadSourcesJob - Downloaded sources for com.fasterxml.jackson.core:jackson-databind:2.13.5
2025-11-25 17:29:30,506 [Worker-46: Download sources and javadoc] INFO  o.e.m.j.internal.DownloadSourcesJob - Downloaded sources for com.fasterxml.jackson.core:jackson-annotations:2.13.5
2025-11-25 17:29:30,514 [Worker-46: Download sources and javadoc] INFO  o.e.m.j.internal.DownloadSourcesJob - Downloaded sources for com.fasterxml.jackson.core:jackson-core:2.13.5
2025-11-25 17:29:30,522 [Worker-46: Download sources and javadoc] INFO  o.e.m.j.internal.DownloadSourcesJob - Downloaded sources for org.projectlombok:lombok:1.18.26
2025-11-25 17:29:30,530 [Worker-46: Download sources and javadoc] INFO  o.e.m.j.internal.DownloadSourcesJob - Downloaded sources for org.springdoc:springdoc-openapi-ui:1.6.14
2025-11-25 17:29:30,537 [Worker-46: Download sources and javadoc] INFO  o.e.m.j.internal.DownloadSourcesJob - Downloaded sources for org.springdoc:springdoc-openapi-webmvc-core:1.6.14
2025-11-25 17:29:30,545 [Worker-46: Download sources and javadoc] INFO  o.e.m.j.internal.DownloadSourcesJob - Downloaded sources for org.springdoc:springdoc-openapi-common:1.6.14
2025-11-25 17:29:30,554 [Worker-46: Download sources and javadoc] INFO  o.e.m.j.internal.DownloadSourcesJob - Downloaded sources for io.swagger.core.v3:swagger-core:2.2.7
2025-11-25 17:29:30,561 [Worker-46: Download sources and javadoc] INFO  o.e.m.j.internal.DownloadSourcesJob - Downloaded sources for org.apache.commons:commons-lang3:3.12.0
2025-11-25 17:29:30,570 [Worker-46: Download sources and javadoc] INFO  o.e.m.j.internal.DownloadSourcesJob - Downloaded sources for com.fasterxml.jackson.dataformat:jackson-dataformat-yaml:2.13.5
2025-11-25 17:29:30,577 [Worker-46: Download sources and javadoc] INFO  o.e.m.j.internal.DownloadSourcesJob - Downloaded sources for io.swagger.core.v3:swagger-annotations:2.2.7
2025-11-25 17:29:30,586 [Worker-46: Download sources and javadoc] INFO  o.e.m.j.internal.DownloadSourcesJob - Downloaded sources for io.swagger.core.v3:swagger-models:2.2.7
2025-11-25 17:29:30,593 [Worker-46: Download sources and javadoc] INFO  o.e.m.j.internal.DownloadSourcesJob - Downloaded sources for jakarta.validation:jakarta.validation-api:2.0.2
2025-11-25 17:29:30,648 [Worker-46: Download sources and javadoc] INFO  o.e.m.c.i.e.AbstractTransferListenerAdapter - Downloading https://repo.maven.apache.org/maven2/org/webjars/swagger-ui/4.15.5/swagger-ui-4.15.5-javadoc.jar
2025-11-25 17:29:31,834 [Worker-46: Download sources and javadoc] INFO  o.e.m.c.i.e.AbstractTransferListenerAdapter - Downloaded https://repo.maven.apache.org/maven2/org/webjars/swagger-ui/4.15.5/swagger-ui-4.15.5-javadoc.jar
2025-11-25 17:29:31,910 [Worker-46: Download sources and javadoc] INFO  o.e.m.j.internal.DownloadSourcesJob - Downloaded javadoc for org.webjars:swagger-ui:4.15.5
2025-11-25 17:29:31,916 [Worker-46: Download sources and javadoc] INFO  o.e.m.j.internal.DownloadSourcesJob - Downloaded sources for org.webjars:webjars-locator-core:0.50
2025-11-25 17:29:31,922 [Worker-46: Download sources and javadoc] INFO  o.e.m.j.internal.DownloadSourcesJob - Downloaded sources for io.github.classgraph:classgraph:4.8.149
2025-11-25 17:29:31,927 [Worker-46: Download sources and javadoc] INFO  o.e.m.j.internal.DownloadSourcesJob - Downloaded sources for com.h2database:h2:2.1.214
2025-11-25 17:29:31,933 [Worker-46: Download sources and javadoc] INFO  o.e.m.j.internal.DownloadSourcesJob - Downloaded sources for org.springframework.boot:spring-boot-starter-test:2.7.12
2025-11-25 17:29:31,938 [Worker-46: Download sources and javadoc] INFO  o.e.m.j.internal.DownloadSourcesJob - Downloaded sources for org.springframework.boot:spring-boot-test:2.7.12
2025-11-25 17:29:31,944 [Worker-46: Download sources and javadoc] INFO  o.e.m.j.internal.DownloadSourcesJob - Downloaded sources for org.springframework.boot:spring-boot-test-autoconfigure:2.7.12
2025-11-25 17:29:31,951 [Worker-46: Download sources and javadoc] INFO  o.e.m.j.internal.DownloadSourcesJob - Downloaded sources for com.jayway.jsonpath:json-path:2.7.0
2025-11-25 17:29:31,956 [Worker-46: Download sources and javadoc] INFO  o.e.m.j.internal.DownloadSourcesJob - Downloaded sources for net.minidev:json-smart:2.4.11
2025-11-25 17:29:31,961 [Worker-46: Download sources and javadoc] INFO  o.e.m.j.internal.DownloadSourcesJob - Downloaded sources for net.minidev:accessors-smart:2.4.11
2025-11-25 17:29:31,968 [Worker-46: Download sources and javadoc] INFO  o.e.m.j.internal.DownloadSourcesJob - Downloaded sources for jakarta.xml.bind:jakarta.xml.bind-api:2.3.3
2025-11-25 17:29:31,975 [Worker-46: Download sources and javadoc] INFO  o.e.m.j.internal.DownloadSourcesJob - Downloaded sources for jakarta.activation:jakarta.activation-api:1.2.2
2025-11-25 17:29:31,983 [Worker-46: Download sources and javadoc] INFO  o.e.m.j.internal.DownloadSourcesJob - Downloaded sources for org.assertj:assertj-core:3.22.0
2025-11-25 17:29:31,990 [Worker-46: Download sources and javadoc] INFO  o.e.m.j.internal.DownloadSourcesJob - Downloaded sources for org.junit.jupiter:junit-jupiter:5.8.2
2025-11-25 17:29:31,995 [Worker-46: Download sources and javadoc] INFO  o.e.m.j.internal.DownloadSourcesJob - Downloaded sources for org.junit.jupiter:junit-jupiter-api:5.8.2
2025-11-25 17:29:32,001 [Worker-46: Download sources and javadoc] INFO  o.e.m.j.internal.DownloadSourcesJob - Downloaded sources for org.junit.platform:junit-platform-commons:1.8.2
2025-11-25 17:29:32,006 [Worker-46: Download sources and javadoc] INFO  o.e.m.j.internal.DownloadSourcesJob - Downloaded sources for org.junit.jupiter:junit-jupiter-params:5.8.2
2025-11-25 17:29:32,011 [Worker-46: Download sources and javadoc] INFO  o.e.m.j.internal.DownloadSourcesJob - Downloaded sources for org.junit.jupiter:junit-jupiter-engine:5.8.2
2025-11-25 17:29:32,019 [Worker-46: Download sources and javadoc] INFO  o.e.m.j.internal.DownloadSourcesJob - Downloaded sources for org.junit.platform:junit-platform-engine:1.8.2
2025-11-25 17:29:32,023 [Worker-46: Download sources and javadoc] INFO  o.e.m.j.internal.DownloadSourcesJob - Downloaded sources for org.mockito:mockito-core:4.5.1
2025-11-25 17:29:32,028 [Worker-46: Download sources and javadoc] INFO  o.e.m.j.internal.DownloadSourcesJob - Downloaded sources for net.bytebuddy:byte-buddy-agent:1.12.23
2025-11-25 17:29:32,033 [Worker-46: Download sources and javadoc] INFO  o.e.m.j.internal.DownloadSourcesJob - Downloaded sources for org.objenesis:objenesis:3.2
2025-11-25 17:29:32,038 [Worker-46: Download sources and javadoc] INFO  o.e.m.j.internal.DownloadSourcesJob - Downloaded sources for org.mockito:mockito-junit-jupiter:4.5.1
2025-11-25 17:29:32,042 [Worker-46: Download sources and javadoc] INFO  o.e.m.j.internal.DownloadSourcesJob - Downloaded sources for org.springframework:spring-core:5.3.27
2025-11-25 17:29:32,047 [Worker-46: Download sources and javadoc] INFO  o.e.m.j.internal.DownloadSourcesJob - Downloaded sources for org.springframework:spring-jcl:5.3.27
2025-11-25 17:29:32,053 [Worker-46: Download sources and javadoc] INFO  o.e.m.j.internal.DownloadSourcesJob - Downloaded sources for org.springframework:spring-test:5.3.27
2025-11-25 17:29:32,063 [Worker-46: Download sources and javadoc] INFO  o.e.m.j.internal.DownloadSourcesJob - Downloaded sources for org.junit.jupiter:junit-jupiter-params:5.8.2
2025-11-25 17:29:32,068 [Worker-46: Download sources and javadoc] INFO  o.e.m.j.internal.DownloadSourcesJob - Downloaded sources for org.junit.jupiter:junit-jupiter-engine:5.8.2
2025-11-25 17:29:32,073 [Worker-46: Download sources and javadoc] INFO  o.e.m.j.internal.DownloadSourcesJob - Downloaded sources for org.junit.platform:junit-platform-engine:1.8.2
2025-11-25 17:29:32,077 [Worker-46: Download sources and javadoc] INFO  o.e.m.j.internal.DownloadSourcesJob - Downloaded sources for org.mockito:mockito-core:4.5.1
2025-11-25 17:29:32,082 [Worker-46: Download sources and javadoc] INFO  o.e.m.j.internal.DownloadSourcesJob - Downloaded sources for net.bytebuddy:byte-buddy-agent:1.12.23
2025-11-25 17:29:32,086 [Worker-46: Download sources and javadoc] INFO  o.e.m.j.internal.DownloadSourcesJob - Downloaded sources for org.objenesis:objenesis:3.2
2025-11-25 17:29:32,091 [Worker-46: Download sources and javadoc] INFO  o.e.m.j.internal.DownloadSourcesJob - Downloaded sources for org.mockito:mockito-junit-jupiter:4.5.1
2025-11-25 17:29:32,095 [Worker-46: Download sources and javadoc] INFO  o.e.m.j.internal.DownloadSourcesJob - Downloaded sources for org.springframework:spring-core:5.3.27
2025-11-25 17:29:32,100 [Worker-46: Download sources and javadoc] INFO  o.e.m.j.internal.DownloadSourcesJob - Downloaded sources for org.springframework:spring-jcl:5.3.27
2025-11-25 17:29:32,107 [Worker-46: Download sources and javadoc] INFO  o.e.m.j.internal.DownloadSourcesJob - Downloaded sources for org.springframework:spring-test:5.3.27
2025-11-25 17:29:34,687 [Worker-44: Building workspace] INFO  o.e.m.c.i.embedder.EclipseLogger - Using 'UTF-8' encoding to copy filtered resources.
2025-11-25 17:29:34,687 [Worker-44: Building workspace] INFO  o.e.m.c.i.embedder.EclipseLogger - Using 'UTF-8' encoding to copy filtered properties files.
2025-11-25 17:29:34,687 [Worker-44: Building workspace] INFO  o.e.m.c.i.embedder.EclipseLogger - Copying 0 resource
2025-11-25 17:29:34,687 [Worker-44: Building workspace] INFO  o.e.m.c.i.embedder.EclipseLogger - Copying 0 resource
2025-11-25 17:29:34,689 [Worker-44: Building workspace] INFO  o.e.m.c.i.embedder.EclipseLogger - Using 'UTF-8' encoding to copy filtered resources.
2025-11-25 17:29:34,689 [Worker-44: Building workspace] INFO  o.e.m.c.i.embedder.EclipseLogger - Using 'UTF-8' encoding to copy filtered properties files.
2025-11-25 17:29:34,690 [Worker-44: Building workspace] INFO  o.e.m.c.i.embedder.EclipseLogger - Copying 0 resource
2025-11-25 17:42:14,844 [Worker-49: Importing Maven projects] INFO  o.e.m.c.i.l.LifecycleMappingFactory - Using org.eclipse.m2e.jdt.JarLifecycleMapping lifecycle mapping for MavenProject: com.example:blog-cms-springboot:0.0.1-SNAPSHOT @ C:\Users\archit.jain\Downloads\blog-cms-springboot\pom.xml.
2025-11-25 17:42:17,739 [Worker-49: Importing Maven projects] INFO  o.e.m.j.i.AbstractJavaProjectConfigurator - Adding source folder /blog-cms-springboot/src/main/java
2025-11-25 17:42:17,739 [Worker-49: Importing Maven projects] INFO  o.e.m.j.i.AbstractJavaProjectConfigurator - Adding resource folder /blog-cms-springboot/src/main/resources
2025-11-25 17:42:17,760 [Worker-49: Importing Maven projects] INFO  o.e.m.j.i.AbstractJavaProjectConfigurator - Adding resource folder /blog-cms-springboot/src/main/resources
2025-11-25 17:42:17,760 [Worker-49: Importing Maven projects] INFO  o.e.m.j.i.AbstractJavaProjectConfigurator - Adding source folder /blog-cms-springboot/src/test/java
2025-11-25 17:42:18,956 [Worker-49: Importing Maven projects] INFO  o.e.m.c.i.p.ProjectConfigurationManager - Imported and configured 1 project(s) in 6 sec
2025-11-25 17:42:23,737 [Worker-51: Building workspace] INFO  o.a.m.s.f.DefaultMavenResourcesFiltering - Copying 1 resource from src\main\resources to target\classes
2025-11-25 17:42:23,745 [Worker-51: Building workspace] INFO  o.a.m.s.f.DefaultMavenResourcesFiltering - Copying 1 resource from src\main\resources to target\classes
2025-11-25 17:42:23,758 [Worker-51: Building workspace] INFO  o.a.m.s.f.DefaultMavenResourcesFiltering - skip non existing resourceDirectory C:\Users\archit.jain\Downloads\blog-cms-springboot\src\test\resources
2025-11-25 17:46:35,792 [Worker-57: Importing Maven projects] INFO  o.e.m.c.i.l.LifecycleMappingFactory - Using org.eclipse.m2e.jdt.JarLifecycleMapping lifecycle mapping for MavenProject: com.example:blog-cms-springboot:0.0.1-SNAPSHOT @ C:\Users\archit.jain\Downloads\blog-cms-springboot-jwt\pom.xml.
2025-11-25 17:46:37,022 [Worker-57: Importing Maven projects] INFO  o.e.m.c.i.e.AbstractTransferListenerAdapter - Downloaded https://repo.maven.apache.org/maven2/org/springframework/boot/spring-boot-starter-security/3.2.5/spring-boot-starter-security-3.2.5.pom
2025-11-25 17:46:37,125 [Worker-57: Importing Maven projects] INFO  o.e.m.c.i.e.AbstractTransferListenerAdapter - Downloaded https://repo.maven.apache.org/maven2/org/springframework/security/spring-security-config/6.2.4/spring-security-config-6.2.4.pom
2025-11-25 17:46:37,224 [Worker-57: Importing Maven projects] INFO  o.e.m.c.i.e.AbstractTransferListenerAdapter - Downloaded https://repo.maven.apache.org/maven2/org/springframework/security/spring-security-core/6.2.4/spring-security-core-6.2.4.pom
2025-11-25 17:46:37,324 [Worker-57: Importing Maven projects] INFO  o.e.m.c.i.e.AbstractTransferListenerAdapter - Downloaded https://repo.maven.apache.org/maven2/org/springframework/security/spring-security-web/6.2.4/spring-security-web-6.2.4.pom
2025-11-25 17:46:37,702 [Worker-57: Importing Maven projects] INFO  o.e.m.c.i.e.AbstractTransferListenerAdapter - Downloading https://repo.maven.apache.org/maven2/org/springframework/boot/spring-boot-starter-security/3.2.5/spring-boot-starter-security-3.2.5.jar
2025-11-25 17:46:37,746 [Worker-57: Importing Maven projects] INFO  o.e.m.c.i.e.AbstractTransferListenerAdapter - Downloaded https://repo.maven.apache.org/maven2/org/springframework/boot/spring-boot-starter-security/3.2.5/spring-boot-starter-security-3.2.5.jar
2025-11-25 17:46:37,785 [Worker-57: Importing Maven projects] INFO  o.e.m.c.i.e.AbstractTransferListenerAdapter - Downloading https://repo.maven.apache.org/maven2/org/springframework/security/spring-security-config/6.2.4/spring-security-config-6.2.4.jar
2025-11-25 17:46:38,021 [Worker-57: Importing Maven projects] INFO  o.e.m.c.i.e.AbstractTransferListenerAdapter - Downloaded https://repo.maven.apache.org/maven2/org/springframework/security/spring-security-config/6.2.4/spring-security-config-6.2.4.jar
2025-11-25 17:46:38,066 [Worker-57: Importing Maven projects] INFO  o.e.m.c.i.e.AbstractTransferListenerAdapter - Downloading https://repo.maven.apache.org/maven2/org/springframework/security/spring-security-core/6.2.4/spring-security-core-6.2.4.jar
2025-11-25 17:46:38,204 [Worker-57: Importing Maven projects] INFO  o.e.m.c.i.e.AbstractTransferListenerAdapter - Downloaded https://repo.maven.apache.org/maven2/org/springframework/security/spring-security-core/6.2.4/spring-security-core-6.2.4.jar
2025-11-25 17:46:38,248 [Worker-57: Importing Maven projects] INFO  o.e.m.c.i.e.AbstractTransferListenerAdapter - Downloading https://repo.maven.apache.org/maven2/org/springframework/security/spring-security-web/6.2.4/spring-security-web-6.2.4.jar
2025-11-25 17:46:38,394 [Worker-57: Importing Maven projects] INFO  o.e.m.c.i.e.AbstractTransferListenerAdapter - Downloaded https://repo.maven.apache.org/maven2/org/springframework/security/spring-security-web/6.2.4/spring-security-web-6.2.4.jar
2025-11-25 17:46:39,723 [Worker-57: Importing Maven projects] INFO  o.e.m.j.i.AbstractJavaProjectConfigurator - Adding source folder /blog-cms-springboot/src/main/java
2025-11-25 17:46:39,723 [Worker-57: Importing Maven projects] INFO  o.e.m.j.i.AbstractJavaProjectConfigurator - Adding resource folder /blog-cms-springboot/src/main/resources
2025-11-25 17:46:39,740 [Worker-57: Importing Maven projects] INFO  o.e.m.j.i.AbstractJavaProjectConfigurator - Adding resource folder /blog-cms-springboot/src/main/resources
2025-11-25 17:46:39,741 [Worker-57: Importing Maven projects] INFO  o.e.m.j.i.AbstractJavaProjectConfigurator - Adding source folder /blog-cms-springboot/src/test/java
2025-11-25 17:46:41,252 [Worker-57: Importing Maven projects] INFO  o.e.m.c.i.p.ProjectConfigurationManager - Imported and configured 1 project(s) in 6 sec
2025-11-25 17:46:43,290 [Worker-56: Download sources and javadoc] INFO  o.e.m.c.i.e.AbstractTransferListenerAdapter - Downloading https://repo.maven.apache.org/maven2/org/springframework/boot/spring-boot-starter-security/3.2.5/spring-boot-starter-security-3.2.5-sources.jar
2025-11-25 17:46:43,583 [Worker-56: Download sources and javadoc] INFO  o.e.m.c.i.e.AbstractTransferListenerAdapter - Downloaded https://repo.maven.apache.org/maven2/org/springframework/boot/spring-boot-starter-security/3.2.5/spring-boot-starter-security-3.2.5-sources.jar
2025-11-25 17:46:43,675 [Worker-56: Download sources and javadoc] INFO  o.e.m.j.internal.DownloadSourcesJob - Downloaded sources for org.springframework.boot:spring-boot-starter-security:3.2.5
2025-11-25 17:46:43,720 [Worker-56: Download sources and javadoc] INFO  o.e.m.c.i.e.AbstractTransferListenerAdapter - Downloading https://repo.maven.apache.org/maven2/org/springframework/security/spring-security-config/6.2.4/spring-security-config-6.2.4-sources.jar
2025-11-25 17:46:44,119 [Worker-62: Building workspace] INFO  o.a.m.s.f.DefaultMavenResourcesFiltering - Copying 1 resource from src\main\resources to target\classes
2025-11-25 17:46:44,127 [Worker-62: Building workspace] INFO  o.a.m.s.f.DefaultMavenResourcesFiltering - Copying 1 resource from src\main\resources to target\classes
2025-11-25 17:46:44,143 [Worker-62: Building workspace] INFO  o.a.m.s.f.DefaultMavenResourcesFiltering - skip non existing resourceDirectory C:\Users\archit.jain\Downloads\blog-cms-springboot-jwt\src\test\resources
2025-11-25 17:46:44,700 [Worker-56: Download sources and javadoc] INFO  o.e.m.c.i.e.AbstractTransferListenerAdapter - Downloaded https://repo.maven.apache.org/maven2/org/springframework/security/spring-security-config/6.2.4/spring-security-config-6.2.4-sources.jar
2025-11-25 17:46:44,830 [Worker-56: Download sources and javadoc] INFO  o.e.m.j.internal.DownloadSourcesJob - Downloaded sources for org.springframework.security:spring-security-config:6.2.4
2025-11-25 17:46:44,878 [Worker-56: Download sources and javadoc] INFO  o.e.m.c.i.e.AbstractTransferListenerAdapter - Downloading https://repo.maven.apache.org/maven2/org/springframework/security/spring-security-core/6.2.4/spring-security-core-6.2.4-sources.jar
2025-11-25 17:46:45,096 [Worker-56: Download sources and javadoc] INFO  o.e.m.c.i.e.AbstractTransferListenerAdapter - Downloaded https://repo.maven.apache.org/maven2/org/springframework/security/spring-security-core/6.2.4/spring-security-core-6.2.4-sources.jar
2025-11-25 17:46:45,217 [Worker-56: Download sources and javadoc] INFO  o.e.m.j.internal.DownloadSourcesJob - Downloaded sources for org.springframework.security:spring-security-core:6.2.4
2025-11-25 17:46:45,335 [Worker-56: Download sources and javadoc] INFO  o.e.m.c.i.e.AbstractTransferListenerAdapter - Downloading https://repo.maven.apache.org/maven2/org/springframework/security/spring-security-web/6.2.4/spring-security-web-6.2.4-sources.jar
2025-11-25 17:46:45,580 [Worker-56: Download sources and javadoc] INFO  o.e.m.c.i.e.AbstractTransferListenerAdapter - Downloaded https://repo.maven.apache.org/maven2/org/springframework/security/spring-security-web/6.2.4/spring-security-web-6.2.4-sources.jar
2025-11-25 17:46:45,701 [Worker-56: Download sources and javadoc] INFO  o.e.m.j.internal.DownloadSourcesJob - Downloaded sources for org.springframework.security:spring-security-web:6.2.4
2025-11-25 17:46:49,897 [Worker-62: Building workspace] INFO  o.a.m.s.f.DefaultMavenResourcesFiltering - Copying 0 resource from src\main\resources to target\classes
2025-11-25 17:46:49,898 [Worker-62: Building workspace] INFO  o.a.m.s.f.DefaultMavenResourcesFiltering - Copying 0 resource from src\main\resources to target\classes
2025-11-25 17:46:49,901 [Worker-62: Building workspace] INFO  o.a.m.s.f.DefaultMavenResourcesFiltering - skip non existing resourceDirectory C:\Users\archit.jain\Downloads\blog-cms-springboot-jwt\src\test\resources
2025-11-25 17:46:50,530 [Worker-62: Download sources and javadoc] INFO  o.e.m.j.internal.DownloadSourcesJob - Downloaded sources for org.springframework.boot:spring-boot-starter-security:3.2.5
2025-11-25 17:46:50,544 [Worker-62: Download sources and javadoc] INFO  o.e.m.j.internal.DownloadSourcesJob - Downloaded sources for org.springframework.security:spring-security-config:6.2.4
2025-11-25 17:46:50,556 [Worker-62: Download sources and javadoc] INFO  o.e.m.j.internal.DownloadSourcesJob - Downloaded sources for org.springframework.security:spring-security-core:6.2.4
2025-11-25 17:46:50,569 [Worker-62: Download sources and javadoc] INFO  o.e.m.j.internal.DownloadSourcesJob - Downloaded sources for org.springframework.security:spring-security-web:6.2.4
2025-11-25 17:46:52,168 [Worker-63: Building workspace] INFO  o.a.m.s.f.DefaultMavenResourcesFiltering - Copying 0 resource from src\main\resources to target\classes
2025-11-25 17:46:52,168 [Worker-63: Building workspace] INFO  o.a.m.s.f.DefaultMavenResourcesFiltering - Copying 0 resource from src\main\resources to target\classes
2025-11-25 17:46:52,174 [Worker-63: Building workspace] INFO  o.a.m.s.f.DefaultMavenResourcesFiltering - skip non existing resourceDirectory C:\Users\archit.jain\Downloads\blog-cms-springboot-jwt\src\test\resources
2025-11-25 17:46:56,856 [Worker-63: Launching Executing clean in C__Users_archit.jain_Downloads_blog-cms-springboot-jwt] INFO  o.e.m.i.launch.MavenLaunchDelegate - C:\Users\archit.jain\Downloads\blog-cms-springboot-jwt
2025-11-25 17:46:56,857 [Worker-63: Launching Executing clean in C__Users_archit.jain_Downloads_blog-cms-springboot-jwt] INFO  o.e.m.i.launch.MavenLaunchDelegate -  mvn -B clean
2025-11-25 17:47:04,451 [Worker-57: Building workspace] INFO  o.a.m.s.f.DefaultMavenResourcesFiltering - Copying 1 resource from src\main\resources to target\classes
2025-11-25 17:47:04,458 [Worker-57: Building workspace] INFO  o.a.m.s.f.DefaultMavenResourcesFiltering - Copying 1 resource from src\main\resources to target\classes
2025-11-25 17:47:04,472 [Worker-57: Building workspace] INFO  o.a.m.s.f.DefaultMavenResourcesFiltering - skip non existing resourceDirectory C:\Users\archit.jain\Downloads\blog-cms-springboot-jwt\src\test\resources
2025-11-25 17:47:14,275 [Worker-63: Launching Executing install in C__Users_archit.jain_Downloads_blog-cms-springboot-jwt] INFO  o.e.m.i.launch.MavenLaunchDelegate - C:\Users\archit.jain\Downloads\blog-cms-springboot-jwt
2025-11-25 17:47:14,275 [Worker-63: Launching Executing install in C__Users_archit.jain_Downloads_blog-cms-springboot-jwt] INFO  o.e.m.i.launch.MavenLaunchDelegate -  mvn -B install
2025-11-25 17:47:53,346 [Worker-57: Updating Maven Project] INFO  o.e.m.c.i.p.ProjectConfigurationManager - Update started
2025-11-25 17:47:56,578 [Worker-57: Updating Maven Project] INFO  o.e.m.c.i.l.LifecycleMappingFactory - Using org.eclipse.m2e.jdt.JarLifecycleMapping lifecycle mapping for MavenProject: com.example:blog-cms-springboot:0.0.1-SNAPSHOT @ C:\Users\archit.jain\Downloads\blog-cms-springboot-jwt\pom.xml.
2025-11-25 17:47:58,097 [Worker-57: Updating Maven Project] INFO  o.e.m.c.i.l.LifecycleMappingFactory - Using org.eclipse.m2e.jdt.JarLifecycleMapping lifecycle mapping for MavenProject: com.hcl:user:0.0.1-SNAPSHOT @ C:\Users\archit.jain\OneDrive - HCL TECHNOLOGIES LIMITED\Documents\GuviProject\user5\pom.xml.
2025-11-25 17:47:59,960 [Worker-57: Updating Maven Project] INFO  o.e.m.c.i.l.LifecycleMappingFactory - Using org.eclipse.m2e.jdt.JarLifecycleMapping lifecycle mapping for MavenProject: com.hackerrank.sample:springboot-base:1.0 @ C:\Users\archit.jain\Downloads\music-app\33d68588-c4d8-4f0b-85c1-e9aeadc64138-v2\pom.xml.
2025-11-25 17:48:01,035 [Worker-57: Updating Maven Project] INFO  o.e.m.c.i.l.LifecycleMappingFactory - Using org.eclipse.m2e.jdt.JarLifecycleMapping lifecycle mapping for MavenProject: com.hcl.guvi.capstonproject:eventmanagement:0.0.1-SNAPSHOT @ C:\Users\archit.jain\OneDrive - HCL TECHNOLOGIES LIMITED\Documents\GuviProject\eventmanagement\pom.xml.
2025-11-25 17:48:05,543 [Worker-57: Updating Maven Project] INFO  o.e.m.j.i.AbstractJavaProjectConfigurator - Adding source folder /blog-cms-springboot/src/main/java
2025-11-25 17:48:05,544 [Worker-57: Updating Maven Project] INFO  o.e.m.j.i.AbstractJavaProjectConfigurator - Adding resource folder /blog-cms-springboot/src/main/resources
2025-11-25 17:48:05,545 [Worker-57: Updating Maven Project] INFO  o.e.m.j.i.AbstractJavaProjectConfigurator - Adding resource folder /blog-cms-springboot/src/main/resources
2025-11-25 17:48:05,545 [Worker-57: Updating Maven Project] INFO  o.e.m.j.i.AbstractJavaProjectConfigurator - Adding source folder /blog-cms-springboot/src/test/java
2025-11-25 17:48:07,724 [Worker-57: Updating Maven Project] INFO  o.e.m.c.i.p.ProjectConfigurationManager - Update completed: 14 sec
2025-11-25 17:48:10,581 [Worker-56: Building workspace] INFO  o.a.m.s.f.DefaultMavenResourcesFiltering - Copying 1 resource from src\main\resources to target\classes
2025-11-25 17:48:10,608 [Worker-56: Building workspace] INFO  o.a.m.s.f.DefaultMavenResourcesFiltering - Copying 1 resource from src\main\resources to target\classes
2025-11-25 17:48:10,620 [Worker-56: Building workspace] INFO  o.a.m.s.f.DefaultMavenResourcesFiltering - skip non existing resourceDirectory C:\Users\archit.jain\Downloads\blog-cms-springboot-jwt\src\test\resources
2025-11-25 17:48:13,107 [Worker-56: Building workspace] INFO  o.a.m.s.f.DefaultMavenResourcesFiltering - Copying 0 resource from src\main\resources to target\classes
2025-11-25 17:48:13,108 [Worker-56: Building workspace] INFO  o.a.m.s.f.DefaultMavenResourcesFiltering - Copying 0 resource from src\main\resources to target\classes
2025-11-25 17:48:13,109 [Worker-56: Building workspace] INFO  o.a.m.s.f.DefaultMavenResourcesFiltering - skip non existing resourceDirectory C:\Users\archit.jain\OneDrive - HCL TECHNOLOGIES LIMITED\Documents\GuviProject\eventmanagement\src\test\resources
2025-11-25 17:48:14,399 [Worker-56: Building workspace] INFO  o.a.m.s.f.DefaultMavenResourcesFiltering - Copying 0 resource from src\main\resources to target\classes
2025-11-25 17:48:14,399 [Worker-56: Building workspace] INFO  o.a.m.s.f.DefaultMavenResourcesFiltering - Copying 0 resource from src\main\resources to target\classes
2025-11-25 17:48:14,401 [Worker-56: Building workspace] INFO  o.a.m.s.f.DefaultMavenResourcesFiltering - skip non existing resourceDirectory C:\Users\archit.jain\Downloads\music-app\33d68588-c4d8-4f0b-85c1-e9aeadc64138-v2\src\test\resources
2025-11-25 17:48:16,644 [Worker-56: Building workspace] INFO  o.a.m.s.f.DefaultMavenResourcesFiltering - Copying 0 resource from src\main\resources to target\classes
2025-11-25 17:48:16,645 [Worker-56: Building workspace] INFO  o.a.m.s.f.DefaultMavenResourcesFiltering - Copying 0 resource from src\main\resources to target\classes
2025-11-25 17:48:16,647 [Worker-56: Building workspace] INFO  o.a.m.s.f.DefaultMavenResourcesFiltering - skip non existing resourceDirectory C:\Users\archit.jain\OneDrive - HCL TECHNOLOGIES LIMITED\Documents\GuviProject\user5\src\test\resources
2025-11-25 17:50:05,033 [Worker-66: Building workspace] INFO  o.a.m.s.f.DefaultMavenResourcesFiltering - Copying 1 resource from src\main\resources to target\classes
2025-11-25 17:50:05,038 [Worker-66: Building workspace] INFO  o.a.m.s.f.DefaultMavenResourcesFiltering - Copying 1 resource from src\main\resources to target\classes
2025-11-25 17:50:05,049 [Worker-66: Building workspace] INFO  o.a.m.s.f.DefaultMavenResourcesFiltering - skip non existing resourceDirectory C:\Users\archit.jain\Downloads\blog-cms-springboot-jwt\src\test\resources
2025-11-25 17:50:56,925 [Worker-66: Building workspace] INFO  o.a.m.s.f.DefaultMavenResourcesFiltering - Copying 1 resource from src\main\resources to target\classes
2025-11-25 17:50:56,967 [Worker-66: Building workspace] INFO  o.a.m.s.f.DefaultMavenResourcesFiltering - Copying 1 resource from src\main\resources to target\classes
2025-11-25 17:50:56,978 [Worker-66: Building workspace] INFO  o.a.m.s.f.DefaultMavenResourcesFiltering - skip non existing resourceDirectory C:\Users\archit.jain\Downloads\blog-cms-springboot-jwt\src\test\resources
2025-11-25 17:52:26,361 [Worker-63: Building workspace] INFO  o.a.m.s.f.DefaultMavenResourcesFiltering - Copying 1 resource from src\main\resources to target\classes
2025-11-25 17:52:26,374 [Worker-63: Building workspace] INFO  o.a.m.s.f.DefaultMavenResourcesFiltering - Copying 1 resource from src\main\resources to target\classes
2025-11-25 17:52:26,376 [Worker-63: Building workspace] INFO  o.a.m.s.f.DefaultMavenResourcesFiltering - skip non existing resourceDirectory C:\Users\archit.jain\Downloads\blog-cms-springboot-jwt\src\test\resources
2025-11-25 17:53:23,880 [Worker-68: Building workspace] INFO  o.a.m.s.f.DefaultMavenResourcesFiltering - Copying 1 resource from src\main\resources to target\classes
2025-11-25 17:53:23,885 [Worker-68: Building workspace] INFO  o.a.m.s.f.DefaultMavenResourcesFiltering - Copying 0 resource from src\main\resources to target\classes
2025-11-25 17:53:23,887 [Worker-68: Building workspace] INFO  o.a.m.s.f.DefaultMavenResourcesFiltering - skip non existing resourceDirectory C:\Users\archit.jain\Downloads\blog-cms-springboot-jwt\src\test\resources
2025-11-25 17:57:26,485 [Worker-68: Building workspace] INFO  o.e.m.c.i.l.LifecycleMappingFactory - Using org.eclipse.m2e.jdt.JarLifecycleMapping lifecycle mapping for MavenProject: com.example:blog-cms-springboot:0.0.1-SNAPSHOT @ C:\Users\archit.jain\Downloads\blog-cms-springboot-jwt\pom.xml.
2025-11-25 17:57:28,667 [Worker-68: Building workspace] INFO  o.a.m.s.f.DefaultMavenResourcesFiltering - Copying 0 resource from src\main\resources to target\classes
2025-11-25 17:57:28,668 [Worker-68: Building workspace] INFO  o.a.m.s.f.DefaultMavenResourcesFiltering - Copying 0 resource from src\main\resources to target\classes
2025-11-25 17:57:28,670 [Worker-68: Building workspace] INFO  o.a.m.s.f.DefaultMavenResourcesFiltering - skip non existing resourceDirectory C:\Users\archit.jain\Downloads\blog-cms-springboot-jwt\src\test\resources
2025-11-25 17:57:37,268 [Worker-68: Launching Executing clean in C__Users_archit.jain_Downloads_blog-cms-springboot-jwt] INFO  o.e.m.i.launch.MavenLaunchDelegate - C:\Users\archit.jain\Downloads\blog-cms-springboot-jwt
2025-11-25 17:57:37,269 [Worker-68: Launching Executing clean in C__Users_archit.jain_Downloads_blog-cms-springboot-jwt] INFO  o.e.m.i.launch.MavenLaunchDelegate -  mvn -B clean
2025-11-25 17:57:44,983 [Worker-68: Building workspace] INFO  o.a.m.s.f.DefaultMavenResourcesFiltering - Copying 1 resource from src\main\resources to target\classes
2025-11-25 17:57:45,002 [Worker-68: Building workspace] INFO  o.a.m.s.f.DefaultMavenResourcesFiltering - Copying 1 resource from src\main\resources to target\classes
2025-11-25 17:57:45,012 [Worker-68: Building workspace] INFO  o.a.m.s.f.DefaultMavenResourcesFiltering - skip non existing resourceDirectory C:\Users\archit.jain\Downloads\blog-cms-springboot-jwt\src\test\resources
2025-11-25 18:01:30,321 [Worker-69: Building workspace] INFO  o.a.m.s.f.DefaultMavenResourcesFiltering - Copying 1 resource from src\main\resources to target\classes
2025-11-25 18:01:30,337 [Worker-69: Building workspace] INFO  o.a.m.s.f.DefaultMavenResourcesFiltering - Copying 0 resource from src\main\resources to target\classes
2025-11-25 18:01:30,340 [Worker-69: Building workspace] INFO  o.a.m.s.f.DefaultMavenResourcesFiltering - skip non existing resourceDirectory C:\Users\archit.jain\Downloads\blog-cms-springboot-jwt\src\test\resources
2025-11-25 18:15:33,183 [Worker-79: Building workspace] INFO  o.a.m.s.f.DefaultMavenResourcesFiltering - Copying 1 resource from src\main\resources to target\classes
2025-11-25 18:15:33,213 [Worker-79: Building workspace] INFO  o.a.m.s.f.DefaultMavenResourcesFiltering - Copying 1 resource from src\main\resources to target\classes
2025-11-25 18:15:33,217 [Worker-79: Building workspace] INFO  o.a.m.s.f.DefaultMavenResourcesFiltering - skip non existing resourceDirectory C:\Users\archit.jain\Downloads\blog-cms-springboot-jwt\src\test\resources
2025-11-25 18:17:56,282 [Worker-78: Building workspace] INFO  o.a.m.s.f.DefaultMavenResourcesFiltering - Copying 1 resource from src\main\resources to target\classes
2025-11-25 18:17:56,290 [Worker-78: Building workspace] INFO  o.a.m.s.f.DefaultMavenResourcesFiltering - Copying 1 resource from src\main\resources to target\classes
2025-11-25 18:17:56,293 [Worker-78: Building workspace] INFO  o.a.m.s.f.DefaultMavenResourcesFiltering - skip non existing resourceDirectory C:\Users\archit.jain\Downloads\blog-cms-springboot-jwt\src\test\resources
2025-11-25 18:18:06,406 [Worker-82: Building workspace] INFO  o.a.m.s.f.DefaultMavenResourcesFiltering - Copying 1 resource from src\main\resources to target\classes
2025-11-25 18:18:06,415 [Worker-82: Building workspace] INFO  o.a.m.s.f.DefaultMavenResourcesFiltering - Copying 1 resource from src\main\resources to target\classes
2025-11-25 18:18:06,417 [Worker-82: Building workspace] INFO  o.a.m.s.f.DefaultMavenResourcesFiltering - skip non existing resourceDirectory C:\Users\archit.jain\Downloads\blog-cms-springboot-jwt\src\test\resources
2025-11-25 18:23:01,069 [Worker-87: Building workspace] INFO  o.a.m.s.f.DefaultMavenResourcesFiltering - Copying 1 resource from src\main\resources to target\classes
2025-11-25 18:23:01,076 [Worker-87: Building workspace] INFO  o.a.m.s.f.DefaultMavenResourcesFiltering - Copying 0 resource from src\main\resources to target\classes
2025-11-25 18:23:01,078 [Worker-87: Building workspace] INFO  o.a.m.s.f.DefaultMavenResourcesFiltering - skip non existing resourceDirectory C:\Users\archit.jain\Downloads\blog-cms-springboot-jwt\src\test\resources
2025-11-25 18:23:06,083 [Worker-86: Building workspace] INFO  o.a.m.s.f.DefaultMavenResourcesFiltering - Copying 1 resource from src\main\resources to target\classes
2025-11-25 18:23:06,089 [Worker-86: Building workspace] INFO  o.a.m.s.f.DefaultMavenResourcesFiltering - Copying 0 resource from src\main\resources to target\classes
2025-11-25 18:23:06,091 [Worker-86: Building workspace] INFO  o.a.m.s.f.DefaultMavenResourcesFiltering - skip non existing resourceDirectory C:\Users\archit.jain\Downloads\blog-cms-springboot-jwt\src\test\resources
2025-11-25 18:25:17,960 [Worker-87: Launching Executing clean in C__Users_archit.jain_Downloads_blog-cms-springboot-jwt] INFO  o.e.m.i.launch.MavenLaunchDelegate - C:\Users\archit.jain\Downloads\blog-cms-springboot-jwt
2025-11-25 18:25:17,961 [Worker-87: Launching Executing clean in C__Users_archit.jain_Downloads_blog-cms-springboot-jwt] INFO  o.e.m.i.launch.MavenLaunchDelegate -  mvn -B clean
2025-11-25 18:25:21,331 [Worker-90: Building workspace] INFO  o.a.m.s.f.DefaultMavenResourcesFiltering - Copying 1 resource from src\main\resources to target\classes
2025-11-25 18:25:21,336 [Worker-90: Building workspace] INFO  o.a.m.s.f.DefaultMavenResourcesFiltering - Copying 1 resource from src\main\resources to target\classes
2025-11-25 18:25:21,344 [Worker-90: Building workspace] INFO  o.a.m.s.f.DefaultMavenResourcesFiltering - skip non existing resourceDirectory C:\Users\archit.jain\Downloads\blog-cms-springboot-jwt\src\test\resources
2025-11-25 18:25:33,568 [Worker-86: Launching Executing install in C__Users_archit.jain_Downloads_blog-cms-springboot-jwt] INFO  o.e.m.i.launch.MavenLaunchDelegate - C:\Users\archit.jain\Downloads\blog-cms-springboot-jwt
2025-11-25 18:25:33,568 [Worker-86: Launching Executing install in C__Users_archit.jain_Downloads_blog-cms-springboot-jwt] INFO  o.e.m.i.launch.MavenLaunchDelegate -  mvn -B install
2025-11-25 18:25:44,654 [Worker-78: Building workspace] INFO  o.a.m.s.f.DefaultMavenResourcesFiltering - Copying 1 resource from src\main\resources to target\classes
2025-11-25 18:25:44,664 [Worker-78: Building workspace] INFO  o.a.m.s.f.DefaultMavenResourcesFiltering - Copying 1 resource from src\main\resources to target\classes
2025-11-25 18:25:44,669 [Worker-78: Building workspace] INFO  o.a.m.s.f.DefaultMavenResourcesFiltering - skip non existing resourceDirectory C:\Users\archit.jain\Downloads\blog-cms-springboot-jwt\src\test\resources
2025-11-25 18:26:26,800 [Worker-87: Updating Maven Project] INFO  o.e.m.c.i.p.ProjectConfigurationManager - Update started
2025-11-25 18:26:29,905 [Worker-87: Updating Maven Project] INFO  o.e.m.c.i.l.LifecycleMappingFactory - Using org.eclipse.m2e.jdt.JarLifecycleMapping lifecycle mapping for MavenProject: com.example:blog-cms-springboot:0.0.1-SNAPSHOT @ C:\Users\archit.jain\Downloads\blog-cms-springboot-jwt\pom.xml.
2025-11-25 18:26:31,421 [Worker-87: Updating Maven Project] INFO  o.e.m.c.i.l.LifecycleMappingFactory - Using org.eclipse.m2e.jdt.JarLifecycleMapping lifecycle mapping for MavenProject: com.hcl:user:0.0.1-SNAPSHOT @ C:\Users\archit.jain\OneDrive - HCL TECHNOLOGIES LIMITED\Documents\GuviProject\user5\pom.xml.
2025-11-25 18:26:33,369 [Worker-87: Updating Maven Project] INFO  o.e.m.c.i.l.LifecycleMappingFactory - Using org.eclipse.m2e.jdt.JarLifecycleMapping lifecycle mapping for MavenProject: com.hackerrank.sample:springboot-base:1.0 @ C:\Users\archit.jain\Downloads\music-app\33d68588-c4d8-4f0b-85c1-e9aeadc64138-v2\pom.xml.
2025-11-25 18:26:34,449 [Worker-87: Updating Maven Project] INFO  o.e.m.c.i.l.LifecycleMappingFactory - Using org.eclipse.m2e.jdt.JarLifecycleMapping lifecycle mapping for MavenProject: com.hcl.guvi.capstonproject:eventmanagement:0.0.1-SNAPSHOT @ C:\Users\archit.jain\OneDrive - HCL TECHNOLOGIES LIMITED\Documents\GuviProject\eventmanagement\pom.xml.
2025-11-25 18:26:39,091 [Worker-87: Updating Maven Project] INFO  o.e.m.j.i.AbstractJavaProjectConfigurator - Adding source folder /blog-cms-springboot/src/main/java
2025-11-25 18:26:39,092 [Worker-87: Updating Maven Project] INFO  o.e.m.j.i.AbstractJavaProjectConfigurator - Adding resource folder /blog-cms-springboot/src/main/resources
2025-11-25 18:26:39,092 [Worker-87: Updating Maven Project] INFO  o.e.m.j.i.AbstractJavaProjectConfigurator - Adding resource folder /blog-cms-springboot/src/main/resources
2025-11-25 18:26:39,093 [Worker-87: Updating Maven Project] INFO  o.e.m.j.i.AbstractJavaProjectConfigurator - Adding source folder /blog-cms-springboot/src/test/java
2025-11-25 18:26:41,127 [Worker-87: Updating Maven Project] INFO  o.e.m.c.i.p.ProjectConfigurationManager - Update completed: 14 sec
2025-11-25 18:26:43,972 [Worker-88: Building workspace] INFO  o.a.m.s.f.DefaultMavenResourcesFiltering - Copying 1 resource from src\main\resources to target\classes
2025-11-25 18:26:43,997 [Worker-88: Building workspace] INFO  o.a.m.s.f.DefaultMavenResourcesFiltering - Copying 1 resource from src\main\resources to target\classes
2025-11-25 18:26:44,010 [Worker-88: Building workspace] INFO  o.a.m.s.f.DefaultMavenResourcesFiltering - skip non existing resourceDirectory C:\Users\archit.jain\Downloads\blog-cms-springboot-jwt\src\test\resources
2025-11-25 18:26:47,103 [Worker-91: Building workspace] INFO  o.a.m.s.f.DefaultMavenResourcesFiltering - Copying 0 resource from src\main\resources to target\classes
2025-11-25 18:26:47,104 [Worker-91: Building workspace] INFO  o.a.m.s.f.DefaultMavenResourcesFiltering - Copying 0 resource from src\main\resources to target\classes
2025-11-25 18:26:47,105 [Worker-91: Building workspace] INFO  o.a.m.s.f.DefaultMavenResourcesFiltering - skip non existing resourceDirectory C:\Users\archit.jain\OneDrive - HCL TECHNOLOGIES LIMITED\Documents\GuviProject\eventmanagement\src\test\resources
2025-11-25 18:26:48,453 [Worker-91: Building workspace] INFO  o.a.m.s.f.DefaultMavenResourcesFiltering - Copying 0 resource from src\main\resources to target\classes
2025-11-25 18:26:48,454 [Worker-91: Building workspace] INFO  o.a.m.s.f.DefaultMavenResourcesFiltering - Copying 0 resource from src\main\resources to target\classes
2025-11-25 18:26:48,456 [Worker-91: Building workspace] INFO  o.a.m.s.f.DefaultMavenResourcesFiltering - skip non existing resourceDirectory C:\Users\archit.jain\Downloads\music-app\33d68588-c4d8-4f0b-85c1-e9aeadc64138-v2\src\test\resources
2025-11-25 18:26:50,494 [Worker-91: Building workspace] INFO  o.a.m.s.f.DefaultMavenResourcesFiltering - Copying 0 resource from src\main\resources to target\classes
2025-11-25 18:26:50,494 [Worker-91: Building workspace] INFO  o.a.m.s.f.DefaultMavenResourcesFiltering - Copying 0 resource from src\main\resources to target\classes
2025-11-25 18:26:50,496 [Worker-91: Building workspace] INFO  o.a.m.s.f.DefaultMavenResourcesFiltering - skip non existing resourceDirectory C:\Users\archit.jain\OneDrive - HCL TECHNOLOGIES LIMITED\Documents\GuviProject\user5\src\test\resources
2025-11-25 18:28:05,116 [Worker-87: Building workspace] INFO  o.a.m.s.f.DefaultMavenResourcesFiltering - Copying 1 resource from src\main\resources to target\classes
2025-11-25 18:28:05,122 [Worker-87: Building workspace] INFO  o.a.m.s.f.DefaultMavenResourcesFiltering - Copying 1 resource from src\main\resources to target\classes
2025-11-25 18:28:05,131 [Worker-87: Building workspace] INFO  o.a.m.s.f.DefaultMavenResourcesFiltering - skip non existing resourceDirectory C:\Users\archit.jain\Downloads\blog-cms-springboot-jwt\src\test\resources
2025-11-25 18:28:32,225 [Worker-88: Building workspace] INFO  o.a.m.s.f.DefaultMavenResourcesFiltering - Copying 1 resource from src\main\resources to target\classes
2025-11-25 18:28:32,230 [Worker-88: Building workspace] INFO  o.a.m.s.f.DefaultMavenResourcesFiltering - Copying 1 resource from src\main\resources to target\classes
2025-11-25 18:28:32,231 [Worker-88: Building workspace] INFO  o.a.m.s.f.DefaultMavenResourcesFiltering - skip non existing resourceDirectory C:\Users\archit.jain\Downloads\blog-cms-springboot-jwt\src\test\resources
2025-11-25 18:39:13,093 [Worker-94: Building workspace] INFO  o.a.m.s.f.DefaultMavenResourcesFiltering - Copying 0 resource from src\main\resources to target\classes
2025-11-25 18:39:13,093 [Worker-94: Building workspace] INFO  o.a.m.s.f.DefaultMavenResourcesFiltering - Copying 0 resource from src\main\resources to target\classes
2025-11-25 18:39:13,095 [Worker-94: Building workspace] INFO  o.a.m.s.f.DefaultMavenResourcesFiltering - skip non existing resourceDirectory C:\Users\archit.jain\OneDrive - HCL TECHNOLOGIES LIMITED\Documents\GuviProject\user5\src\test\resources
2025-11-25 18:39:36,081 [Worker-94: Updating Maven Dependencies] ERROR o.e.m.j.i.l.MavenLaunchConfigurationListener - Launch configuration BlogApplication references non-existing project blog-cms-springboot.
org.eclipse.core.runtime.CoreException: Launch configuration BlogApplication references non-existing project blog-cms-springboot.
	at org.eclipse.jdt.launching.JavaRuntime.abort(JavaRuntime.java:1867) ~[na:na]
	at org.eclipse.jdt.launching.JavaRuntime.getJavaProject(JavaRuntime.java:1742) ~[na:na]
	at org.eclipse.m2e.jdt.internal.launch.MavenLaunchConfigurationListener.updateLaunchConfiguration(MavenLaunchConfigurationListener.java:53) ~[na:na]
	at org.eclipse.m2e.jdt.internal.launch.MavenLaunchConfigurationListener.launchConfigurationChanged(MavenLaunchConfigurationListener.java:38) ~[na:na]
	at org.eclipse.debug.internal.core.LaunchManager$ConfigurationNotifier.run(LaunchManager.java:222) ~[na:na]
	at org.eclipse.core.runtime.SafeRunner.run(SafeRunner.java:42) ~[org.eclipse.equinox.common_3.10.0.v20180412-1130.jar:na]
	at org.eclipse.debug.internal.core.LaunchManager$ConfigurationNotifier.notify(LaunchManager.java:206) ~[na:na]
	at org.eclipse.debug.internal.core.LaunchConfigurationWorkingCopy.setDirty(LaunchConfigurationWorkingCopy.java:525) ~[na:na]
	at org.eclipse.debug.internal.core.LaunchConfigurationWorkingCopy.setAttribute(LaunchConfigurationWorkingCopy.java:413) ~[na:na]
	at org.eclipse.m2e.jdt.internal.launch.MavenRuntimeClasspathProvider.disable(MavenRuntimeClasspathProvider.java:352) ~[na:na]
	at org.eclipse.m2e.jdt.internal.launch.MavenRuntimeClasspathProvider.disable(MavenRuntimeClasspathProvider.java:378) ~[na:na]
	at org.eclipse.m2e.jdt.internal.launch.MavenLaunchConfigurationListener.mavenProjectChanged(MavenLaunchConfigurationListener.java:70) ~[na:na]
	at org.eclipse.m2e.core.internal.project.registry.ProjectRegistryManager.notifyProjectChangeListeners(ProjectRegistryManager.java:783) ~[na:na]
	at org.eclipse.m2e.core.internal.project.registry.ProjectRegistryManager.applyMutableProjectRegistry(ProjectRegistryManager.java:930) ~[na:na]
	at org.eclipse.m2e.core.internal.project.registry.ProjectRegistryRefreshJob$1.call(ProjectRegistryRefreshJob.java:98) ~[na:na]
	at org.eclipse.m2e.core.internal.project.registry.ProjectRegistryRefreshJob$1.call(ProjectRegistryRefreshJob.java:1) ~[na:na]
	at org.eclipse.m2e.core.internal.embedder.MavenExecutionContext.executeBare(MavenExecutionContext.java:177) ~[na:na]
	at org.eclipse.m2e.core.internal.embedder.MavenExecutionContext.execute(MavenExecutionContext.java:151) ~[na:na]
	at org.eclipse.m2e.core.internal.embedder.MavenExecutionContext.execute(MavenExecutionContext.java:99) ~[na:na]
	at org.eclipse.m2e.core.internal.embedder.MavenImpl.execute(MavenImpl.java:1355) ~[na:na]
	at org.eclipse.m2e.core.internal.project.registry.ProjectRegistryRefreshJob.run(ProjectRegistryRefreshJob.java:81) ~[na:na]
	at org.eclipse.core.internal.jobs.Worker.run(Worker.java:60) ~[org.eclipse.core.jobs_3.10.0.v20180427-1454.jar:na]
2025-11-25 18:39:36,085 [Worker-94: Updating Maven Dependencies] ERROR o.e.m.j.i.l.MavenLaunchConfigurationListener - Launch configuration BlogApplication references non-existing project blog-cms-springboot.
org.eclipse.core.runtime.CoreException: Launch configuration BlogApplication references non-existing project blog-cms-springboot.
	at org.eclipse.jdt.launching.JavaRuntime.abort(JavaRuntime.java:1867) ~[na:na]
	at org.eclipse.jdt.launching.JavaRuntime.getJavaProject(JavaRuntime.java:1742) ~[na:na]
	at org.eclipse.m2e.jdt.internal.launch.MavenLaunchConfigurationListener.updateLaunchConfiguration(MavenLaunchConfigurationListener.java:53) ~[na:na]
	at org.eclipse.m2e.jdt.internal.launch.MavenLaunchConfigurationListener.launchConfigurationChanged(MavenLaunchConfigurationListener.java:38) ~[na:na]
	at org.eclipse.debug.internal.core.LaunchManager$ConfigurationNotifier.run(LaunchManager.java:222) ~[na:na]
	at org.eclipse.core.runtime.SafeRunner.run(SafeRunner.java:42) ~[org.eclipse.equinox.common_3.10.0.v20180412-1130.jar:na]
	at org.eclipse.debug.internal.core.LaunchManager$ConfigurationNotifier.notify(LaunchManager.java:206) ~[na:na]
	at org.eclipse.debug.internal.core.LaunchConfigurationWorkingCopy.setDirty(LaunchConfigurationWorkingCopy.java:525) ~[na:na]
	at org.eclipse.debug.internal.core.LaunchConfigurationWorkingCopy.setAttribute(LaunchConfigurationWorkingCopy.java:413) ~[na:na]
	at org.eclipse.m2e.jdt.internal.launch.MavenRuntimeClasspathProvider.disable(MavenRuntimeClasspathProvider.java:353) ~[na:na]
	at org.eclipse.m2e.jdt.internal.launch.MavenRuntimeClasspathProvider.disable(MavenRuntimeClasspathProvider.java:378) ~[na:na]
	at org.eclipse.m2e.jdt.internal.launch.MavenLaunchConfigurationListener.mavenProjectChanged(MavenLaunchConfigurationListener.java:70) ~[na:na]
	at org.eclipse.m2e.core.internal.project.registry.ProjectRegistryManager.notifyProjectChangeListeners(ProjectRegistryManager.java:783) ~[na:na]
	at org.eclipse.m2e.core.internal.project.registry.ProjectRegistryManager.applyMutableProjectRegistry(ProjectRegistryManager.java:930) ~[na:na]
	at org.eclipse.m2e.core.internal.project.registry.ProjectRegistryRefreshJob$1.call(ProjectRegistryRefreshJob.java:98) ~[na:na]
	at org.eclipse.m2e.core.internal.project.registry.ProjectRegistryRefreshJob$1.call(ProjectRegistryRefreshJob.java:1) ~[na:na]
	at org.eclipse.m2e.core.internal.embedder.MavenExecutionContext.executeBare(MavenExecutionContext.java:177) ~[na:na]
	at org.eclipse.m2e.core.internal.embedder.MavenExecutionContext.execute(MavenExecutionContext.java:151) ~[na:na]
	at org.eclipse.m2e.core.internal.embedder.MavenExecutionContext.execute(MavenExecutionContext.java:99) ~[na:na]
	at org.eclipse.m2e.core.internal.embedder.MavenImpl.execute(MavenImpl.java:1355) ~[na:na]
	at org.eclipse.m2e.core.internal.project.registry.ProjectRegistryRefreshJob.run(ProjectRegistryRefreshJob.java:81) ~[na:na]
	at org.eclipse.core.internal.jobs.Worker.run(Worker.java:60) ~[org.eclipse.core.jobs_3.10.0.v20180427-1454.jar:na]
2025-11-25 18:39:36,096 [Worker-94: Updating Maven Dependencies] ERROR o.e.m.j.i.l.MavenLaunchConfigurationListener - Launch configuration BlogApplication references non-existing project blog-cms-springboot.
org.eclipse.core.runtime.CoreException: Launch configuration BlogApplication references non-existing project blog-cms-springboot.
	at org.eclipse.jdt.launching.JavaRuntime.abort(JavaRuntime.java:1867) ~[na:na]
	at org.eclipse.jdt.launching.JavaRuntime.getJavaProject(JavaRuntime.java:1742) ~[na:na]
	at org.eclipse.m2e.jdt.internal.launch.MavenLaunchConfigurationListener.updateLaunchConfiguration(MavenLaunchConfigurationListener.java:53) ~[na:na]
	at org.eclipse.m2e.jdt.internal.launch.MavenLaunchConfigurationListener.launchConfigurationChanged(MavenLaunchConfigurationListener.java:38) ~[na:na]
	at org.eclipse.debug.internal.core.LaunchManager$ConfigurationNotifier.run(LaunchManager.java:222) ~[na:na]
	at org.eclipse.core.runtime.SafeRunner.run(SafeRunner.java:42) ~[org.eclipse.equinox.common_3.10.0.v20180412-1130.jar:na]
	at org.eclipse.debug.internal.core.LaunchManager$ConfigurationNotifier.notify(LaunchManager.java:206) ~[na:na]
	at org.eclipse.debug.internal.core.LaunchManager.launchConfigurationChanged(LaunchManager.java:2148) ~[na:na]
	at org.eclipse.debug.internal.core.LaunchConfigurationWorkingCopy.writeNewFile(LaunchConfigurationWorkingCopy.java:378) ~[na:na]
	at org.eclipse.debug.internal.core.LaunchConfigurationWorkingCopy.doSave0(LaunchConfigurationWorkingCopy.java:255) ~[na:na]
	at org.eclipse.debug.internal.core.LaunchConfigurationWorkingCopy.doSave(LaunchConfigurationWorkingCopy.java:225) ~[na:na]
	at org.eclipse.debug.internal.core.LaunchConfigurationWorkingCopy.doSave(LaunchConfigurationWorkingCopy.java:183) ~[na:na]
	at org.eclipse.m2e.jdt.internal.launch.MavenRuntimeClasspathProvider.disable(MavenRuntimeClasspathProvider.java:354) ~[na:na]
	at org.eclipse.m2e.jdt.internal.launch.MavenRuntimeClasspathProvider.disable(MavenRuntimeClasspathProvider.java:378) ~[na:na]
	at org.eclipse.m2e.jdt.internal.launch.MavenLaunchConfigurationListener.mavenProjectChanged(MavenLaunchConfigurationListener.java:70) ~[na:na]
	at org.eclipse.m2e.core.internal.project.registry.ProjectRegistryManager.notifyProjectChangeListeners(ProjectRegistryManager.java:783) ~[na:na]
	at org.eclipse.m2e.core.internal.project.registry.ProjectRegistryManager.applyMutableProjectRegistry(ProjectRegistryManager.java:930) ~[na:na]
	at org.eclipse.m2e.core.internal.project.registry.ProjectRegistryRefreshJob$1.call(ProjectRegistryRefreshJob.java:98) ~[na:na]
	at org.eclipse.m2e.core.internal.project.registry.ProjectRegistryRefreshJob$1.call(ProjectRegistryRefreshJob.java:1) ~[na:na]
	at org.eclipse.m2e.core.internal.embedder.MavenExecutionContext.executeBare(MavenExecutionContext.java:177) ~[na:na]
	at org.eclipse.m2e.core.internal.embedder.MavenExecutionContext.execute(MavenExecutionContext.java:151) ~[na:na]
	at org.eclipse.m2e.core.internal.embedder.MavenExecutionContext.execute(MavenExecutionContext.java:99) ~[na:na]
	at org.eclipse.m2e.core.internal.embedder.MavenImpl.execute(MavenImpl.java:1355) ~[na:na]
	at org.eclipse.m2e.core.internal.project.registry.ProjectRegistryRefreshJob.run(ProjectRegistryRefreshJob.java:81) ~[na:na]
	at org.eclipse.core.internal.jobs.Worker.run(Worker.java:60) ~[org.eclipse.core.jobs_3.10.0.v20180427-1454.jar:na]
2025-11-25 18:52:49,013 [Worker-99: Importing Maven projects] INFO  o.e.m.c.i.l.LifecycleMappingFactory - Using org.eclipse.m2e.jdt.JarLifecycleMapping lifecycle mapping for MavenProject: com.example:blog-cms-springboot:0.0.1-SNAPSHOT @ C:\Users\archit.jain\Downloads\blog-cms-springboot-jwt-advanced\pom.xml.
2025-11-25 18:52:50,910 [Worker-99: Importing Maven projects] INFO  o.e.m.j.i.AbstractJavaProjectConfigurator - Adding source folder /blog-cms-springboot/src/main/java
2025-11-25 18:52:50,910 [Worker-99: Importing Maven projects] INFO  o.e.m.j.i.AbstractJavaProjectConfigurator - Adding resource folder /blog-cms-springboot/src/main/resources
2025-11-25 18:52:50,922 [Worker-99: Importing Maven projects] INFO  o.e.m.j.i.AbstractJavaProjectConfigurator - Adding resource folder /blog-cms-springboot/src/main/resources
2025-11-25 18:52:50,923 [Worker-99: Importing Maven projects] INFO  o.e.m.j.i.AbstractJavaProjectConfigurator - Adding source folder /blog-cms-springboot/src/test/java
2025-11-25 18:52:51,800 [Worker-99: Importing Maven projects] INFO  o.e.m.c.i.p.ProjectConfigurationManager - Imported and configured 1 project(s) in 3 sec
2025-11-25 18:52:55,571 [Worker-100: Building workspace] INFO  o.a.m.s.f.DefaultMavenResourcesFiltering - Copying 1 resource from src\main\resources to target\classes
2025-11-25 18:52:55,577 [Worker-100: Building workspace] INFO  o.a.m.s.f.DefaultMavenResourcesFiltering - Copying 1 resource from src\main\resources to target\classes
2025-11-25 18:52:55,587 [Worker-100: Building workspace] INFO  o.a.m.s.f.DefaultMavenResourcesFiltering - skip non existing resourceDirectory C:\Users\archit.jain\Downloads\blog-cms-springboot-jwt-advanced\src\test\resources
2025-11-25 18:53:18,785 [Worker-101: Launching Executing clean in C__Users_archit.jain_Downloads_blog-cms-springboot-jwt-advanced] INFO  o.e.m.i.launch.MavenLaunchDelegate - C:\Users\archit.jain\Downloads\blog-cms-springboot-jwt-advanced
2025-11-25 18:53:18,785 [Worker-101: Launching Executing clean in C__Users_archit.jain_Downloads_blog-cms-springboot-jwt-advanced] INFO  o.e.m.i.launch.MavenLaunchDelegate -  mvn -B clean
2025-11-25 18:53:22,165 [Worker-98: Building workspace] INFO  o.a.m.s.f.DefaultMavenResourcesFiltering - Copying 1 resource from src\main\resources to target\classes
2025-11-25 18:53:22,169 [Worker-98: Building workspace] INFO  o.a.m.s.f.DefaultMavenResourcesFiltering - Copying 1 resource from src\main\resources to target\classes
2025-11-25 18:53:22,175 [Worker-98: Building workspace] INFO  o.a.m.s.f.DefaultMavenResourcesFiltering - skip non existing resourceDirectory C:\Users\archit.jain\Downloads\blog-cms-springboot-jwt-advanced\src\test\resources
2025-11-25 18:53:24,472 [Worker-97: Launching Executing install in C__Users_archit.jain_Downloads_blog-cms-springboot-jwt-advanced] INFO  o.e.m.i.launch.MavenLaunchDelegate - C:\Users\archit.jain\Downloads\blog-cms-springboot-jwt-advanced
2025-11-25 18:53:24,472 [Worker-97: Launching Executing install in C__Users_archit.jain_Downloads_blog-cms-springboot-jwt-advanced] INFO  o.e.m.i.launch.MavenLaunchDelegate -  mvn -B install
2025-11-25 18:53:33,044 [Worker-96: Building workspace] INFO  o.a.m.s.f.DefaultMavenResourcesFiltering - Copying 0 resource from src\main\resources to target\classes
2025-11-25 18:53:33,045 [Worker-96: Building workspace] INFO  o.a.m.s.f.DefaultMavenResourcesFiltering - Copying 0 resource from src\main\resources to target\classes
2025-11-25 18:53:33,047 [Worker-96: Building workspace] INFO  o.a.m.s.f.DefaultMavenResourcesFiltering - skip non existing resourceDirectory C:\Users\archit.jain\Downloads\blog-cms-springboot-jwt-advanced\src\test\resources
2025-11-25 18:53:45,315 [Worker-99: Updating Maven Project] INFO  o.e.m.c.i.p.ProjectConfigurationManager - Update started
2025-11-25 18:53:48,345 [Worker-99: Updating Maven Project] INFO  o.e.m.c.i.l.LifecycleMappingFactory - Using org.eclipse.m2e.jdt.JarLifecycleMapping lifecycle mapping for MavenProject: com.example:blog-cms-springboot:0.0.1-SNAPSHOT @ C:\Users\archit.jain\Downloads\blog-cms-springboot-jwt-advanced\pom.xml.
2025-11-25 18:53:49,756 [Worker-99: Updating Maven Project] INFO  o.e.m.c.i.l.LifecycleMappingFactory - Using org.eclipse.m2e.jdt.JarLifecycleMapping lifecycle mapping for MavenProject: com.hcl:user:0.0.1-SNAPSHOT @ C:\Users\archit.jain\OneDrive - HCL TECHNOLOGIES LIMITED\Documents\GuviProject\user5\pom.xml.
2025-11-25 18:53:51,557 [Worker-99: Updating Maven Project] INFO  o.e.m.c.i.l.LifecycleMappingFactory - Using org.eclipse.m2e.jdt.JarLifecycleMapping lifecycle mapping for MavenProject: com.hackerrank.sample:springboot-base:1.0 @ C:\Users\archit.jain\Downloads\music-app\33d68588-c4d8-4f0b-85c1-e9aeadc64138-v2\pom.xml.
2025-11-25 18:53:52,643 [Worker-99: Updating Maven Project] INFO  o.e.m.c.i.l.LifecycleMappingFactory - Using org.eclipse.m2e.jdt.JarLifecycleMapping lifecycle mapping for MavenProject: com.hcl.guvi.capstonproject:eventmanagement:0.0.1-SNAPSHOT @ C:\Users\archit.jain\OneDrive - HCL TECHNOLOGIES LIMITED\Documents\GuviProject\eventmanagement\pom.xml.
2025-11-25 18:53:57,507 [Worker-99: Updating Maven Project] INFO  o.e.m.j.i.AbstractJavaProjectConfigurator - Adding source folder /blog-cms-springboot/src/main/java
2025-11-25 18:53:57,508 [Worker-99: Updating Maven Project] INFO  o.e.m.j.i.AbstractJavaProjectConfigurator - Adding resource folder /blog-cms-springboot/src/main/resources
2025-11-25 18:53:57,509 [Worker-99: Updating Maven Project] INFO  o.e.m.j.i.AbstractJavaProjectConfigurator - Adding resource folder /blog-cms-springboot/src/main/resources
2025-11-25 18:53:57,509 [Worker-99: Updating Maven Project] INFO  o.e.m.j.i.AbstractJavaProjectConfigurator - Adding source folder /blog-cms-springboot/src/test/java
2025-11-25 18:53:59,890 [Worker-99: Updating Maven Project] INFO  o.e.m.c.i.p.ProjectConfigurationManager - Update completed: 14 sec
2025-11-25 18:54:02,445 [Worker-99: Building workspace] INFO  o.a.m.s.f.DefaultMavenResourcesFiltering - Copying 1 resource from src\main\resources to target\classes
2025-11-25 18:54:02,470 [Worker-99: Building workspace] INFO  o.a.m.s.f.DefaultMavenResourcesFiltering - Copying 1 resource from src\main\resources to target\classes
2025-11-25 18:54:02,495 [Worker-99: Building workspace] INFO  o.a.m.s.f.DefaultMavenResourcesFiltering - skip non existing resourceDirectory C:\Users\archit.jain\Downloads\blog-cms-springboot-jwt-advanced\src\test\resources
2025-11-25 18:54:05,388 [Worker-99: Building workspace] INFO  o.a.m.s.f.DefaultMavenResourcesFiltering - Copying 0 resource from src\main\resources to target\classes
2025-11-25 18:54:05,389 [Worker-99: Building workspace] INFO  o.a.m.s.f.DefaultMavenResourcesFiltering - Copying 0 resource from src\main\resources to target\classes
2025-11-25 18:54:05,391 [Worker-99: Building workspace] INFO  o.a.m.s.f.DefaultMavenResourcesFiltering - skip non existing resourceDirectory C:\Users\archit.jain\OneDrive - HCL TECHNOLOGIES LIMITED\Documents\GuviProject\eventmanagement\src\test\resources
2025-11-25 18:54:06,698 [Worker-99: Building workspace] INFO  o.a.m.s.f.DefaultMavenResourcesFiltering - Copying 0 resource from src\main\resources to target\classes
2025-11-25 18:54:06,699 [Worker-99: Building workspace] INFO  o.a.m.s.f.DefaultMavenResourcesFiltering - Copying 0 resource from src\main\resources to target\classes
2025-11-25 18:54:06,700 [Worker-99: Building workspace] INFO  o.a.m.s.f.DefaultMavenResourcesFiltering - skip non existing resourceDirectory C:\Users\archit.jain\Downloads\music-app\33d68588-c4d8-4f0b-85c1-e9aeadc64138-v2\src\test\resources
2025-11-25 18:54:08,802 [Worker-99: Building workspace] INFO  o.a.m.s.f.DefaultMavenResourcesFiltering - Copying 0 resource from src\main\resources to target\classes
2025-11-25 18:54:08,803 [Worker-99: Building workspace] INFO  o.a.m.s.f.DefaultMavenResourcesFiltering - Copying 0 resource from src\main\resources to target\classes
2025-11-25 18:54:08,805 [Worker-99: Building workspace] INFO  o.a.m.s.f.DefaultMavenResourcesFiltering - skip non existing resourceDirectory C:\Users\archit.jain\OneDrive - HCL TECHNOLOGIES LIMITED\Documents\GuviProject\user5\src\test\resources
2025-11-25 18:54:27,619 [Worker-98: Building workspace] INFO  o.a.m.s.f.DefaultMavenResourcesFiltering - Copying 1 resource from src\main\resources to target\classes
2025-11-25 18:54:27,626 [Worker-98: Building workspace] INFO  o.a.m.s.f.DefaultMavenResourcesFiltering - Copying 1 resource from src\main\resources to target\classes
2025-11-25 18:54:27,638 [Worker-98: Building workspace] INFO  o.a.m.s.f.DefaultMavenResourcesFiltering - skip non existing resourceDirectory C:\Users\archit.jain\Downloads\blog-cms-springboot-jwt-advanced\src\test\resources
2025-11-25 18:55:48,244 [Worker-96: Building workspace] INFO  o.a.m.s.f.DefaultMavenResourcesFiltering - Copying 1 resource from src\main\resources to target\classes
2025-11-25 18:55:48,254 [Worker-96: Building workspace] INFO  o.a.m.s.f.DefaultMavenResourcesFiltering - Copying 1 resource from src\main\resources to target\classes
2025-11-25 18:55:48,258 [Worker-96: Building workspace] INFO  o.a.m.s.f.DefaultMavenResourcesFiltering - skip non existing resourceDirectory C:\Users\archit.jain\Downloads\blog-cms-springboot-jwt-advanced\src\test\resources
2025-11-25 18:56:25,438 [Worker-96: Building workspace] INFO  o.a.m.s.f.DefaultMavenResourcesFiltering - Copying 1 resource from src\main\resources to target\classes
2025-11-25 18:56:25,445 [Worker-96: Building workspace] INFO  o.a.m.s.f.DefaultMavenResourcesFiltering - Copying 1 resource from src\main\resources to target\classes
2025-11-25 18:56:25,447 [Worker-96: Building workspace] INFO  o.a.m.s.f.DefaultMavenResourcesFiltering - skip non existing resourceDirectory C:\Users\archit.jain\Downloads\blog-cms-springboot-jwt-advanced\src\test\resources
2025-11-25 18:57:14,727 [Worker-100: Building workspace] INFO  o.a.m.s.f.DefaultMavenResourcesFiltering - Copying 1 resource from src\main\resources to target\classes
2025-11-25 18:57:14,733 [Worker-100: Building workspace] INFO  o.a.m.s.f.DefaultMavenResourcesFiltering - Copying 1 resource from src\main\resources to target\classes
2025-11-25 18:57:14,737 [Worker-100: Building workspace] INFO  o.a.m.s.f.DefaultMavenResourcesFiltering - skip non existing resourceDirectory C:\Users\archit.jain\Downloads\blog-cms-springboot-jwt-advanced\src\test\resources
2025-11-25 18:58:53,301 [Worker-99: Building workspace] INFO  o.a.m.s.f.DefaultMavenResourcesFiltering - Copying 1 resource from src\main\resources to target\classes
2025-11-25 18:58:53,307 [Worker-99: Building workspace] INFO  o.a.m.s.f.DefaultMavenResourcesFiltering - Copying 1 resource from src\main\resources to target\classes
2025-11-25 18:58:53,309 [Worker-99: Building workspace] INFO  o.a.m.s.f.DefaultMavenResourcesFiltering - skip non existing resourceDirectory C:\Users\archit.jain\Downloads\blog-cms-springboot-jwt-advanced\src\test\resources
2025-11-25 18:59:21,020 [Worker-99: Building workspace] INFO  o.a.m.s.f.DefaultMavenResourcesFiltering - Copying 1 resource from src\main\resources to target\classes
2025-11-25 18:59:21,031 [Worker-99: Building workspace] INFO  o.a.m.s.f.DefaultMavenResourcesFiltering - Copying 0 resource from src\main\resources to target\classes
2025-11-25 18:59:21,033 [Worker-99: Building workspace] INFO  o.a.m.s.f.DefaultMavenResourcesFiltering - skip non existing resourceDirectory C:\Users\archit.jain\Downloads\blog-cms-springboot-jwt-advanced\src\test\resources
2025-11-25 18:59:36,137 [Worker-99: Launching BlogApplication] INFO  o.e.m.c.i.l.LifecycleMappingFactory - Using org.eclipse.m2e.jdt.JarLifecycleMapping lifecycle mapping for MavenProject: com.example:blog-cms-springboot:0.0.1-SNAPSHOT @ C:\Users\archit.jain\Downloads\blog-cms-springboot-jwt-advanced\pom.xml.
2025-11-25 18:59:37,673 [Worker-99: Launching BlogApplication] INFO  o.a.m.s.f.DefaultMavenResourcesFiltering - Copying 0 resource from src\main\resources to target\classes
2025-11-25 18:59:37,674 [Worker-99: Launching BlogApplication] INFO  o.a.m.s.f.DefaultMavenResourcesFiltering - Copying 0 resource from src\main\resources to target\classes
2025-11-25 18:59:37,675 [Worker-99: Launching BlogApplication] INFO  o.a.m.s.f.DefaultMavenResourcesFiltering - skip non existing resourceDirectory C:\Users\archit.jain\Downloads\blog-cms-springboot-jwt-advanced\src\test\resources
2025-11-26 13:19:42,320 [Worker-137: Launching BlogApplication] INFO  o.a.m.s.f.DefaultMavenResourcesFiltering - Copying 1 resource from src\main\resources to target\classes
2025-11-26 13:19:42,347 [Worker-137: Launching BlogApplication] INFO  o.a.m.s.f.DefaultMavenResourcesFiltering - Copying 1 resource from src\main\resources to target\classes
2025-11-26 13:19:42,351 [Worker-137: Launching BlogApplication] INFO  o.a.m.s.f.DefaultMavenResourcesFiltering - skip non existing resourceDirectory C:\Users\archit.jain\Downloads\blog-cms-springboot-jwt-advanced\src\test\resources
2025-11-26 13:29:29,888 [Worker-145: Building workspace] INFO  o.a.m.s.f.DefaultMavenResourcesFiltering - Copying 1 resource from src\main\resources to target\classes
2025-11-26 13:29:29,913 [Worker-145: Building workspace] INFO  o.a.m.s.f.DefaultMavenResourcesFiltering - Copying 1 resource from src\main\resources to target\classes
2025-11-26 13:29:29,916 [Worker-145: Building workspace] INFO  o.a.m.s.f.DefaultMavenResourcesFiltering - skip non existing resourceDirectory C:\Users\archit.jain\Downloads\blog-cms-springboot-jwt-advanced\src\test\resources
2025-11-26 13:30:03,058 [Worker-147: Building workspace] INFO  o.a.m.s.f.DefaultMavenResourcesFiltering - Copying 1 resource from src\main\resources to target\classes
2025-11-26 13:30:03,078 [Worker-147: Building workspace] INFO  o.a.m.s.f.DefaultMavenResourcesFiltering - Copying 1 resource from src\main\resources to target\classes
2025-11-26 13:30:03,082 [Worker-147: Building workspace] INFO  o.a.m.s.f.DefaultMavenResourcesFiltering - skip non existing resourceDirectory C:\Users\archit.jain\Downloads\blog-cms-springboot-jwt-advanced\src\test\resources
2025-11-26 13:30:24,980 [Worker-147: Building workspace] INFO  o.a.m.s.f.DefaultMavenResourcesFiltering - Copying 1 resource from src\main\resources to target\classes
2025-11-26 13:30:24,986 [Worker-147: Building workspace] INFO  o.a.m.s.f.DefaultMavenResourcesFiltering - Copying 1 resource from src\main\resources to target\classes
2025-11-26 13:30:24,989 [Worker-147: Building workspace] INFO  o.a.m.s.f.DefaultMavenResourcesFiltering - skip non existing resourceDirectory C:\Users\archit.jain\Downloads\blog-cms-springboot-jwt-advanced\src\test\resources
2025-11-26 13:30:34,333 [Worker-147: Building workspace] INFO  o.a.m.s.f.DefaultMavenResourcesFiltering - Copying 1 resource from src\main\resources to target\classes
2025-11-26 13:30:34,339 [Worker-147: Building workspace] INFO  o.a.m.s.f.DefaultMavenResourcesFiltering - Copying 1 resource from src\main\resources to target\classes
2025-11-26 13:30:34,342 [Worker-147: Building workspace] INFO  o.a.m.s.f.DefaultMavenResourcesFiltering - skip non existing resourceDirectory C:\Users\archit.jain\Downloads\blog-cms-springboot-jwt-advanced\src\test\resources
2025-11-26 13:30:55,384 [Worker-148: Building workspace] INFO  o.a.m.s.f.DefaultMavenResourcesFiltering - Copying 1 resource from src\main\resources to target\classes
2025-11-26 13:30:55,390 [Worker-148: Building workspace] INFO  o.a.m.s.f.DefaultMavenResourcesFiltering - Copying 1 resource from src\main\resources to target\classes
2025-11-26 13:30:55,393 [Worker-148: Building workspace] INFO  o.a.m.s.f.DefaultMavenResourcesFiltering - skip non existing resourceDirectory C:\Users\archit.jain\Downloads\blog-cms-springboot-jwt-advanced\src\test\resources
2025-11-26 13:31:12,924 [Worker-144: Building workspace] INFO  o.a.m.s.f.DefaultMavenResourcesFiltering - Copying 1 resource from src\main\resources to target\classes
2025-11-26 13:31:12,929 [Worker-144: Building workspace] INFO  o.a.m.s.f.DefaultMavenResourcesFiltering - Copying 1 resource from src\main\resources to target\classes
2025-11-26 13:31:12,932 [Worker-144: Building workspace] INFO  o.a.m.s.f.DefaultMavenResourcesFiltering - skip non existing resourceDirectory C:\Users\archit.jain\Downloads\blog-cms-springboot-jwt-advanced\src\test\resources
2025-11-26 13:34:46,001 [Worker-150: Building workspace] INFO  o.a.m.s.f.DefaultMavenResourcesFiltering - Copying 1 resource from src\main\resources to target\classes
2025-11-26 13:34:46,008 [Worker-150: Building workspace] INFO  o.a.m.s.f.DefaultMavenResourcesFiltering - Copying 1 resource from src\main\resources to target\classes
2025-11-26 13:34:46,012 [Worker-150: Building workspace] INFO  o.a.m.s.f.DefaultMavenResourcesFiltering - skip non existing resourceDirectory C:\Users\archit.jain\Downloads\blog-cms-springboot-jwt-advanced\src\test\resources
2025-11-26 16:47:04,366 [Worker-174: Building workspace] INFO  o.a.m.s.f.DefaultMavenResourcesFiltering - Copying 1 resource from src\main\resources to target\classes
2025-11-26 16:47:04,385 [Worker-174: Building workspace] INFO  o.a.m.s.f.DefaultMavenResourcesFiltering - Copying 1 resource from src\main\resources to target\classes
2025-11-26 16:47:04,386 [Worker-174: Building workspace] INFO  o.a.m.s.f.DefaultMavenResourcesFiltering - skip non existing resourceDirectory C:\Users\archit.jain\Downloads\blog-cms-springboot-jwt-advanced\src\test\resources
2025-11-26 23:12:03,296 [Worker-218: Building workspace] INFO  o.a.m.s.f.DefaultMavenResourcesFiltering - Copying 0 resource from src\main\resources to target\classes
2025-11-26 23:12:03,297 [Worker-218: Building workspace] INFO  o.a.m.s.f.DefaultMavenResourcesFiltering - Copying 0 resource from src\main\resources to target\classes
2025-11-26 23:12:03,302 [Worker-218: Building workspace] INFO  o.a.m.s.f.DefaultMavenResourcesFiltering - skip non existing resourceDirectory C:\Users\archit.jain\OneDrive - HCL TECHNOLOGIES LIMITED\Documents\GuviProject\user5\src\test\resources
2025-11-27 15:17:40,577 [Worker-3: Loading available Gradle versions] INFO  c.g.t.t.d.PublishedGradleVersions - Gradle version information cache is out-of-date. Trying to update.
2025-11-27 15:17:51,023 [Worker-3: Loading available Gradle versions] INFO  c.g.t.t.d.PublishedGradleVersions - Updating Gradle version information cache failed. Using outdated cache.
2025-11-27 15:17:54,602 [Worker-7: Building workspace] INFO  o.a.m.s.f.DefaultMavenResourcesFiltering - Copying 1 resource from src\main\resources to target\classes
2025-11-27 15:17:54,637 [Worker-7: Building workspace] INFO  o.a.m.s.f.DefaultMavenResourcesFiltering - Copying 0 resource from src\main\resources to target\classes
2025-11-27 15:17:54,643 [Worker-7: Building workspace] INFO  o.a.m.s.f.DefaultMavenResourcesFiltering - skip non existing resourceDirectory C:\Users\archit.jain\OneDrive - HCL TECHNOLOGIES LIMITED\Documents\GuviProject\EurekaService\src\test\resources
2025-11-27 15:18:01,234 [Worker-10: Building workspace] INFO  o.a.m.s.f.DefaultMavenResourcesFiltering - Copying 1 resource from src\main\resources to target\classes
2025-11-27 15:18:01,244 [Worker-10: Building workspace] INFO  o.a.m.s.f.DefaultMavenResourcesFiltering - Copying 0 resource from src\main\resources to target\classes
2025-11-27 15:18:01,247 [Worker-10: Building workspace] INFO  o.a.m.s.f.DefaultMavenResourcesFiltering - skip non existing resourceDirectory C:\Users\archit.jain\OneDrive - HCL TECHNOLOGIES LIMITED\Documents\GuviProject\user5\src\test\resources
2025-11-27 15:38:35,948 [Worker-17: Building workspace] INFO  o.a.m.s.f.DefaultMavenResourcesFiltering - Copying 1 resource from src\main\resources to target\classes
2025-11-27 15:38:35,971 [Worker-17: Building workspace] INFO  o.a.m.s.f.DefaultMavenResourcesFiltering - Copying 0 resource from src\main\resources to target\classes
2025-11-27 15:38:35,974 [Worker-17: Building workspace] INFO  o.a.m.s.f.DefaultMavenResourcesFiltering - skip non existing resourceDirectory C:\Users\archit.jain\OneDrive - HCL TECHNOLOGIES LIMITED\Documents\GuviProject\user5\src\test\resources
2025-11-27 15:48:33,488 [Worker-3: Building workspace] INFO  o.a.m.s.f.DefaultMavenResourcesFiltering - Copying 1 resource from src\main\resources to target\classes
2025-11-27 15:48:33,502 [Worker-3: Building workspace] INFO  o.a.m.s.f.DefaultMavenResourcesFiltering - Copying 0 resource from src\main\resources to target\classes
2025-11-27 15:48:33,504 [Worker-3: Building workspace] INFO  o.a.m.s.f.DefaultMavenResourcesFiltering - skip non existing resourceDirectory C:\Users\archit.jain\OneDrive - HCL TECHNOLOGIES LIMITED\Documents\GuviProject\user5\src\test\resources
2025-11-27 16:13:53,029 [Worker-17: Building workspace] INFO  o.a.m.s.f.DefaultMavenResourcesFiltering - Copying 1 resource from src\main\resources to target\classes
2025-11-27 16:13:53,035 [Worker-17: Building workspace] INFO  o.a.m.s.f.DefaultMavenResourcesFiltering - Copying 0 resource from src\main\resources to target\classes
2025-11-27 16:13:53,038 [Worker-17: Building workspace] INFO  o.a.m.s.f.DefaultMavenResourcesFiltering - skip non existing resourceDirectory C:\Users\archit.jain\OneDrive - HCL TECHNOLOGIES LIMITED\Documents\GuviProject\eventmanagement\src\test\resources
2025-11-27 16:14:02,453 [Worker-16: Building workspace] INFO  o.a.m.s.f.DefaultMavenResourcesFiltering - Copying 1 resource from src\main\resources to target\classes
2025-11-27 16:14:02,467 [Worker-16: Building workspace] INFO  o.a.m.s.f.DefaultMavenResourcesFiltering - Copying 0 resource from src\main\resources to target\classes
2025-11-27 16:14:02,469 [Worker-16: Building workspace] INFO  o.a.m.s.f.DefaultMavenResourcesFiltering - skip non existing resourceDirectory C:\Users\archit.jain\OneDrive - HCL TECHNOLOGIES LIMITED\Documents\GuviProject\user5\src\test\resources
2025-11-27 16:15:26,885 [Worker-18: Building workspace] INFO  o.a.m.s.f.DefaultMavenResourcesFiltering - Copying 1 resource from src\main\resources to target\classes
2025-11-27 16:15:26,898 [Worker-18: Building workspace] INFO  o.a.m.s.f.DefaultMavenResourcesFiltering - Copying 0 resource from src\main\resources to target\classes
2025-11-27 16:15:26,900 [Worker-18: Building workspace] INFO  o.a.m.s.f.DefaultMavenResourcesFiltering - skip non existing resourceDirectory C:\Users\archit.jain\OneDrive - HCL TECHNOLOGIES LIMITED\Documents\GuviProject\eventmanagement\src\test\resources
2025-11-27 16:15:49,469 [Worker-16: Building workspace] INFO  o.a.m.s.f.DefaultMavenResourcesFiltering - Copying 1 resource from src\main\resources to target\classes
2025-11-27 16:15:49,483 [Worker-16: Building workspace] INFO  o.a.m.s.f.DefaultMavenResourcesFiltering - Copying 0 resource from src\main\resources to target\classes
2025-11-27 16:15:49,487 [Worker-16: Building workspace] INFO  o.a.m.s.f.DefaultMavenResourcesFiltering - skip non existing resourceDirectory C:\Users\archit.jain\OneDrive - HCL TECHNOLOGIES LIMITED\Documents\GuviProject\eventmanagement\src\test\resources
2025-11-27 16:55:11,567 [Worker-22: Building workspace] INFO  o.a.m.s.f.DefaultMavenResourcesFiltering - Copying 1 resource from src\main\resources to target\classes
2025-11-27 16:55:11,579 [Worker-22: Building workspace] INFO  o.a.m.s.f.DefaultMavenResourcesFiltering - Copying 0 resource from src\main\resources to target\classes
2025-11-27 16:55:11,583 [Worker-22: Building workspace] INFO  o.a.m.s.f.DefaultMavenResourcesFiltering - skip non existing resourceDirectory C:\Users\archit.jain\OneDrive - HCL TECHNOLOGIES LIMITED\Documents\GuviProject\user5\src\test\resources
2025-11-27 17:09:43,528 [Worker-24: Building workspace] INFO  o.a.m.s.f.DefaultMavenResourcesFiltering - Copying 1 resource from src\main\resources to target\classes
2025-11-27 17:09:43,550 [Worker-24: Building workspace] INFO  o.a.m.s.f.DefaultMavenResourcesFiltering - Copying 0 resource from src\main\resources to target\classes
2025-11-27 17:09:43,553 [Worker-24: Building workspace] INFO  o.a.m.s.f.DefaultMavenResourcesFiltering - skip non existing resourceDirectory C:\Users\archit.jain\OneDrive - HCL TECHNOLOGIES LIMITED\Documents\GuviProject\eventmanagement\src\test\resources
2025-11-27 17:13:16,961 [Worker-11: Building workspace] INFO  o.a.m.s.f.DefaultMavenResourcesFiltering - Copying 1 resource from src\main\resources to target\classes
2025-11-27 17:13:16,972 [Worker-11: Building workspace] INFO  o.a.m.s.f.DefaultMavenResourcesFiltering - Copying 0 resource from src\main\resources to target\classes
2025-11-27 17:13:16,974 [Worker-11: Building workspace] INFO  o.a.m.s.f.DefaultMavenResourcesFiltering - skip non existing resourceDirectory C:\Users\archit.jain\OneDrive - HCL TECHNOLOGIES LIMITED\Documents\GuviProject\eventmanagement\src\test\resources
2025-11-27 17:13:40,888 [Worker-11: Building workspace] INFO  o.a.m.s.f.DefaultMavenResourcesFiltering - Copying 1 resource from src\main\resources to target\classes
2025-11-27 17:13:40,899 [Worker-11: Building workspace] INFO  o.a.m.s.f.DefaultMavenResourcesFiltering - Copying 0 resource from src\main\resources to target\classes
2025-11-27 17:13:40,902 [Worker-11: Building workspace] INFO  o.a.m.s.f.DefaultMavenResourcesFiltering - skip non existing resourceDirectory C:\Users\archit.jain\OneDrive - HCL TECHNOLOGIES LIMITED\Documents\GuviProject\eventmanagement\src\test\resources
2025-11-27 17:15:15,025 [Worker-11: Building workspace] INFO  o.a.m.s.f.DefaultMavenResourcesFiltering - Copying 1 resource from src\main\resources to target\classes
2025-11-27 17:15:15,041 [Worker-11: Building workspace] INFO  o.a.m.s.f.DefaultMavenResourcesFiltering - Copying 0 resource from src\main\resources to target\classes
2025-11-27 17:15:15,044 [Worker-11: Building workspace] INFO  o.a.m.s.f.DefaultMavenResourcesFiltering - skip non existing resourceDirectory C:\Users\archit.jain\OneDrive - HCL TECHNOLOGIES LIMITED\Documents\GuviProject\eventmanagement\src\test\resources
2025-11-27 17:15:46,927 [Worker-16: Building workspace] INFO  o.a.m.s.f.DefaultMavenResourcesFiltering - Copying 1 resource from src\main\resources to target\classes
2025-11-27 17:15:46,934 [Worker-16: Building workspace] INFO  o.a.m.s.f.DefaultMavenResourcesFiltering - Copying 0 resource from src\main\resources to target\classes
2025-11-27 17:15:46,937 [Worker-16: Building workspace] INFO  o.a.m.s.f.DefaultMavenResourcesFiltering - skip non existing resourceDirectory C:\Users\archit.jain\OneDrive - HCL TECHNOLOGIES LIMITED\Documents\GuviProject\eventmanagement\src\test\resources
2025-11-27 17:20:53,765 [Worker-24: Building workspace] INFO  o.a.m.s.f.DefaultMavenResourcesFiltering - Copying 1 resource from src\main\resources to target\classes
2025-11-27 17:20:53,771 [Worker-24: Building workspace] INFO  o.a.m.s.f.DefaultMavenResourcesFiltering - Copying 0 resource from src\main\resources to target\classes
2025-11-27 17:20:53,772 [Worker-24: Building workspace] INFO  o.a.m.s.f.DefaultMavenResourcesFiltering - skip non existing resourceDirectory C:\Users\archit.jain\OneDrive - HCL TECHNOLOGIES LIMITED\Documents\GuviProject\eventmanagement\src\test\resources
2025-11-29 00:02:50,170 [Worker-47: Building workspace] INFO  o.a.m.s.f.DefaultMavenResourcesFiltering - Copying 1 resource from src\main\resources to target\classes
2025-11-29 00:02:50,202 [Worker-47: Building workspace] INFO  o.a.m.s.f.DefaultMavenResourcesFiltering - Copying 0 resource from src\main\resources to target\classes
2025-11-29 00:02:50,204 [Worker-47: Building workspace] INFO  o.a.m.s.f.DefaultMavenResourcesFiltering - skip non existing resourceDirectory C:\Users\archit.jain\OneDrive - HCL TECHNOLOGIES LIMITED\Documents\GuviProject\user5\src\test\resources
2025-11-29 00:06:10,840 [Worker-45: Building workspace] INFO  o.a.m.s.f.DefaultMavenResourcesFiltering - Copying 1 resource from src\main\resources to target\classes
2025-11-29 00:06:10,849 [Worker-45: Building workspace] INFO  o.a.m.s.f.DefaultMavenResourcesFiltering - Copying 0 resource from src\main\resources to target\classes
2025-11-29 00:06:10,852 [Worker-45: Building workspace] INFO  o.a.m.s.f.DefaultMavenResourcesFiltering - skip non existing resourceDirectory C:\Users\archit.jain\OneDrive - HCL TECHNOLOGIES LIMITED\Documents\GuviProject\user5\src\test\resources
2025-11-29 00:08:56,979 [Worker-43: Building workspace] INFO  o.a.m.s.f.DefaultMavenResourcesFiltering - Copying 1 resource from src\main\resources to target\classes
2025-11-29 00:08:56,995 [Worker-43: Building workspace] INFO  o.a.m.s.f.DefaultMavenResourcesFiltering - Copying 0 resource from src\main\resources to target\classes
2025-11-29 00:08:56,996 [Worker-43: Building workspace] INFO  o.a.m.s.f.DefaultMavenResourcesFiltering - skip non existing resourceDirectory C:\Users\archit.jain\OneDrive - HCL TECHNOLOGIES LIMITED\Documents\GuviProject\user5\src\test\resources
2025-11-29 00:35:53,400 [Worker-50: Building workspace] INFO  o.a.m.s.f.DefaultMavenResourcesFiltering - Copying 1 resource from src\main\resources to target\classes
2025-11-29 00:35:53,408 [Worker-50: Building workspace] INFO  o.a.m.s.f.DefaultMavenResourcesFiltering - Copying 0 resource from src\main\resources to target\classes
2025-11-29 00:35:53,410 [Worker-50: Building workspace] INFO  o.a.m.s.f.DefaultMavenResourcesFiltering - skip non existing resourceDirectory C:\Users\archit.jain\OneDrive - HCL TECHNOLOGIES LIMITED\Documents\GuviProject\user5\src\test\resources
2025-11-29 00:41:04,679 [Worker-3: Building workspace] INFO  o.a.m.s.f.DefaultMavenResourcesFiltering - Copying 1 resource from src\main\resources to target\classes
2025-11-29 00:41:04,692 [Worker-3: Building workspace] INFO  o.a.m.s.f.DefaultMavenResourcesFiltering - Copying 0 resource from src\main\resources to target\classes
2025-11-29 00:41:04,693 [Worker-3: Building workspace] INFO  o.a.m.s.f.DefaultMavenResourcesFiltering - skip non existing resourceDirectory C:\Users\archit.jain\OneDrive - HCL TECHNOLOGIES LIMITED\Documents\GuviProject\eventmanagement\src\test\resources
2025-11-30 00:00:17,524 [Worker-1: Loading available Gradle versions] INFO  c.g.t.t.d.PublishedGradleVersions - Gradle version information cache is out-of-date. Trying to update.
2025-11-30 00:00:31,568 [Worker-9: Building workspace] INFO  o.a.m.s.f.DefaultMavenResourcesFiltering - Copying 1 resource from src\main\resources to target\classes
2025-11-30 00:00:31,599 [Worker-9: Building workspace] INFO  o.a.m.s.f.DefaultMavenResourcesFiltering - Copying 0 resource from src\main\resources to target\classes
2025-11-30 00:00:31,603 [Worker-9: Building workspace] INFO  o.a.m.s.f.DefaultMavenResourcesFiltering - skip non existing resourceDirectory C:\Users\archit.jain\OneDrive - HCL TECHNOLOGIES LIMITED\Documents\GuviProject\eventmanagement\src\test\resources
2025-11-30 00:00:37,412 [Worker-9: Building workspace] INFO  o.a.m.s.f.DefaultMavenResourcesFiltering - Copying 1 resource from src\main\resources to target\classes
2025-11-30 00:00:37,421 [Worker-9: Building workspace] INFO  o.a.m.s.f.DefaultMavenResourcesFiltering - Copying 0 resource from src\main\resources to target\classes
2025-11-30 00:00:37,425 [Worker-9: Building workspace] INFO  o.a.m.s.f.DefaultMavenResourcesFiltering - skip non existing resourceDirectory C:\Users\archit.jain\OneDrive - HCL TECHNOLOGIES LIMITED\Documents\GuviProject\user5\src\test\resources
2025-11-30 00:17:16,695 [Worker-15: Building workspace] INFO  o.a.m.s.f.DefaultMavenResourcesFiltering - Copying 1 resource from src\main\resources to target\classes
2025-11-30 00:17:16,709 [Worker-15: Building workspace] INFO  o.a.m.s.f.DefaultMavenResourcesFiltering - Copying 0 resource from src\main\resources to target\classes
2025-11-30 00:17:16,712 [Worker-15: Building workspace] INFO  o.a.m.s.f.DefaultMavenResourcesFiltering - skip non existing resourceDirectory C:\Users\archit.jain\OneDrive - HCL TECHNOLOGIES LIMITED\Documents\GuviProject\user5\src\test\resources
2025-11-30 16:12:46,221 [Worker-20: Building workspace] INFO  o.a.m.s.f.DefaultMavenResourcesFiltering - Copying 1 resource from src\main\resources to target\classes
2025-11-30 16:12:46,237 [Worker-20: Building workspace] INFO  o.a.m.s.f.DefaultMavenResourcesFiltering - Copying 0 resource from src\main\resources to target\classes
2025-11-30 16:12:46,241 [Worker-20: Building workspace] INFO  o.a.m.s.f.DefaultMavenResourcesFiltering - skip non existing resourceDirectory C:\Users\archit.jain\OneDrive - HCL TECHNOLOGIES LIMITED\Documents\GuviProject\user5\src\test\resources
2025-11-30 16:13:44,636 [Worker-25: Building workspace] INFO  o.a.m.s.f.DefaultMavenResourcesFiltering - Copying 1 resource from src\main\resources to target\classes
2025-11-30 16:13:44,650 [Worker-25: Building workspace] INFO  o.a.m.s.f.DefaultMavenResourcesFiltering - Copying 0 resource from src\main\resources to target\classes
2025-11-30 16:13:44,654 [Worker-25: Building workspace] INFO  o.a.m.s.f.DefaultMavenResourcesFiltering - skip non existing resourceDirectory C:\Users\archit.jain\OneDrive - HCL TECHNOLOGIES LIMITED\Documents\GuviProject\user5\src\test\resources
2025-11-30 17:05:40,849 [Worker-28: Building workspace] INFO  o.a.m.s.f.DefaultMavenResourcesFiltering - Copying 1 resource from src\main\resources to target\classes
2025-11-30 17:05:40,883 [Worker-28: Building workspace] INFO  o.a.m.s.f.DefaultMavenResourcesFiltering - Copying 0 resource from src\main\resources to target\classes
2025-11-30 17:05:40,886 [Worker-28: Building workspace] INFO  o.a.m.s.f.DefaultMavenResourcesFiltering - skip non existing resourceDirectory C:\Users\archit.jain\OneDrive - HCL TECHNOLOGIES LIMITED\Documents\GuviProject\user5\src\test\resources
2025-11-30 17:22:34,774 [Worker-31: Building workspace] INFO  o.a.m.s.f.DefaultMavenResourcesFiltering - Copying 1 resource from src\main\resources to target\classes
2025-11-30 17:22:34,787 [Worker-31: Building workspace] INFO  o.a.m.s.f.DefaultMavenResourcesFiltering - Copying 0 resource from src\main\resources to target\classes
2025-11-30 17:22:34,789 [Worker-31: Building workspace] INFO  o.a.m.s.f.DefaultMavenResourcesFiltering - skip non existing resourceDirectory C:\Users\archit.jain\OneDrive - HCL TECHNOLOGIES LIMITED\Documents\GuviProject\eventmanagement\src\test\resources
2025-11-30 17:27:22,840 [Worker-20: Building workspace] INFO  o.a.m.s.f.DefaultMavenResourcesFiltering - Copying 1 resource from src\main\resources to target\classes
2025-11-30 17:27:22,866 [Worker-20: Building workspace] INFO  o.a.m.s.f.DefaultMavenResourcesFiltering - Copying 0 resource from src\main\resources to target\classes
2025-11-30 17:27:22,870 [Worker-20: Building workspace] INFO  o.a.m.s.f.DefaultMavenResourcesFiltering - skip non existing resourceDirectory C:\Users\archit.jain\OneDrive - HCL TECHNOLOGIES LIMITED\Documents\GuviProject\eventmanagement\src\test\resources
2025-11-30 17:31:00,102 [Worker-29: Building workspace] INFO  o.a.m.s.f.DefaultMavenResourcesFiltering - Copying 1 resource from src\main\resources to target\classes
2025-11-30 17:31:00,119 [Worker-29: Building workspace] INFO  o.a.m.s.f.DefaultMavenResourcesFiltering - Copying 0 resource from src\main\resources to target\classes
2025-11-30 17:31:00,121 [Worker-29: Building workspace] INFO  o.a.m.s.f.DefaultMavenResourcesFiltering - skip non existing resourceDirectory C:\Users\archit.jain\OneDrive - HCL TECHNOLOGIES LIMITED\Documents\GuviProject\eventmanagement\src\test\resources
2025-11-30 17:31:49,409 [Worker-31: Building workspace] INFO  o.a.m.s.f.DefaultMavenResourcesFiltering - Copying 1 resource from src\main\resources to target\classes
2025-11-30 17:31:49,458 [Worker-31: Building workspace] INFO  o.a.m.s.f.DefaultMavenResourcesFiltering - Copying 0 resource from src\main\resources to target\classes
2025-11-30 17:31:49,460 [Worker-31: Building workspace] INFO  o.a.m.s.f.DefaultMavenResourcesFiltering - skip non existing resourceDirectory C:\Users\archit.jain\OneDrive - HCL TECHNOLOGIES LIMITED\Documents\GuviProject\eventmanagement\src\test\resources
2025-11-30 17:33:00,514 [Worker-32: Building workspace] INFO  o.a.m.s.f.DefaultMavenResourcesFiltering - Copying 1 resource from src\main\resources to target\classes
2025-11-30 17:33:00,527 [Worker-32: Building workspace] INFO  o.a.m.s.f.DefaultMavenResourcesFiltering - Copying 0 resource from src\main\resources to target\classes
2025-11-30 17:33:00,529 [Worker-32: Building workspace] INFO  o.a.m.s.f.DefaultMavenResourcesFiltering - skip non existing resourceDirectory C:\Users\archit.jain\OneDrive - HCL TECHNOLOGIES LIMITED\Documents\GuviProject\eventmanagement\src\test\resources
2025-11-30 20:16:20,800 [Worker-35: Building workspace] INFO  o.a.m.s.f.DefaultMavenResourcesFiltering - Copying 1 resource from src\main\resources to target\classes
2025-11-30 20:16:20,834 [Worker-35: Building workspace] INFO  o.a.m.s.f.DefaultMavenResourcesFiltering - Copying 0 resource from src\main\resources to target\classes
2025-11-30 20:16:20,837 [Worker-35: Building workspace] INFO  o.a.m.s.f.DefaultMavenResourcesFiltering - skip non existing resourceDirectory C:\Users\archit.jain\OneDrive - HCL TECHNOLOGIES LIMITED\Documents\GuviProject\eventmanagement\src\test\resources
2025-11-30 20:24:02,009 [Worker-39: Building workspace] INFO  o.a.m.s.f.DefaultMavenResourcesFiltering - Copying 1 resource from src\main\resources to target\classes
2025-11-30 20:24:02,021 [Worker-39: Building workspace] INFO  o.a.m.s.f.DefaultMavenResourcesFiltering - Copying 0 resource from src\main\resources to target\classes
2025-11-30 20:24:02,024 [Worker-39: Building workspace] INFO  o.a.m.s.f.DefaultMavenResourcesFiltering - skip non existing resourceDirectory C:\Users\archit.jain\OneDrive - HCL TECHNOLOGIES LIMITED\Documents\GuviProject\eventmanagement\src\test\resources
2025-11-30 20:24:42,468 [Worker-39: Building workspace] INFO  o.a.m.s.f.DefaultMavenResourcesFiltering - Copying 1 resource from src\main\resources to target\classes
2025-11-30 20:24:42,491 [Worker-39: Building workspace] INFO  o.a.m.s.f.DefaultMavenResourcesFiltering - Copying 0 resource from src\main\resources to target\classes
2025-11-30 20:24:42,494 [Worker-39: Building workspace] INFO  o.a.m.s.f.DefaultMavenResourcesFiltering - skip non existing resourceDirectory C:\Users\archit.jain\OneDrive - HCL TECHNOLOGIES LIMITED\Documents\GuviProject\eventmanagement\src\test\resources
2025-11-30 20:29:08,425 [Worker-45: Building workspace] INFO  o.a.m.s.f.DefaultMavenResourcesFiltering - Copying 1 resource from src\main\resources to target\classes
2025-11-30 20:29:08,439 [Worker-45: Building workspace] INFO  o.a.m.s.f.DefaultMavenResourcesFiltering - Copying 0 resource from src\main\resources to target\classes
2025-11-30 20:29:08,442 [Worker-45: Building workspace] INFO  o.a.m.s.f.DefaultMavenResourcesFiltering - skip non existing resourceDirectory C:\Users\archit.jain\OneDrive - HCL TECHNOLOGIES LIMITED\Documents\GuviProject\eventmanagement\src\test\resources
2025-11-30 20:29:43,680 [Worker-43: Building workspace] INFO  o.a.m.s.f.DefaultMavenResourcesFiltering - Copying 1 resource from src\main\resources to target\classes
2025-11-30 20:29:43,689 [Worker-43: Building workspace] INFO  o.a.m.s.f.DefaultMavenResourcesFiltering - Copying 0 resource from src\main\resources to target\classes
2025-11-30 20:29:43,692 [Worker-43: Building workspace] INFO  o.a.m.s.f.DefaultMavenResourcesFiltering - skip non existing resourceDirectory C:\Users\archit.jain\OneDrive - HCL TECHNOLOGIES LIMITED\Documents\GuviProject\eventmanagement\src\test\resources
2025-11-30 20:35:56,519 [Worker-44: Building workspace] INFO  o.a.m.s.f.DefaultMavenResourcesFiltering - Copying 1 resource from src\main\resources to target\classes
2025-11-30 20:35:56,530 [Worker-44: Building workspace] INFO  o.a.m.s.f.DefaultMavenResourcesFiltering - Copying 0 resource from src\main\resources to target\classes
2025-11-30 20:35:56,532 [Worker-44: Building workspace] INFO  o.a.m.s.f.DefaultMavenResourcesFiltering - skip non existing resourceDirectory C:\Users\archit.jain\OneDrive - HCL TECHNOLOGIES LIMITED\Documents\GuviProject\eventmanagement\src\test\resources
2025-11-30 20:36:55,956 [Worker-48: Building workspace] INFO  o.a.m.s.f.DefaultMavenResourcesFiltering - Copying 1 resource from src\main\resources to target\classes
2025-11-30 20:36:55,970 [Worker-48: Building workspace] INFO  o.a.m.s.f.DefaultMavenResourcesFiltering - Copying 0 resource from src\main\resources to target\classes
2025-11-30 20:36:55,972 [Worker-48: Building workspace] INFO  o.a.m.s.f.DefaultMavenResourcesFiltering - skip non existing resourceDirectory C:\Users\archit.jain\OneDrive - HCL TECHNOLOGIES LIMITED\Documents\GuviProject\eventmanagement\src\test\resources
2025-11-30 20:38:22,644 [Worker-49: Building workspace] INFO  o.a.m.s.f.DefaultMavenResourcesFiltering - Copying 1 resource from src\main\resources to target\classes
2025-11-30 20:38:22,688 [Worker-49: Building workspace] INFO  o.a.m.s.f.DefaultMavenResourcesFiltering - Copying 0 resource from src\main\resources to target\classes
2025-11-30 20:38:22,690 [Worker-49: Building workspace] INFO  o.a.m.s.f.DefaultMavenResourcesFiltering - skip non existing resourceDirectory C:\Users\archit.jain\OneDrive - HCL TECHNOLOGIES LIMITED\Documents\GuviProject\eventmanagement\src\test\resources
2025-11-30 20:45:53,077 [Worker-51: Building workspace] INFO  o.a.m.s.f.DefaultMavenResourcesFiltering - Copying 1 resource from src\main\resources to target\classes
2025-11-30 20:45:53,090 [Worker-51: Building workspace] INFO  o.a.m.s.f.DefaultMavenResourcesFiltering - Copying 0 resource from src\main\resources to target\classes
2025-11-30 20:45:53,093 [Worker-51: Building workspace] INFO  o.a.m.s.f.DefaultMavenResourcesFiltering - skip non existing resourceDirectory C:\Users\archit.jain\OneDrive - HCL TECHNOLOGIES LIMITED\Documents\GuviProject\eventmanagement\src\test\resources
2025-11-30 20:47:46,272 [Worker-51: Building workspace] INFO  o.a.m.s.f.DefaultMavenResourcesFiltering - Copying 1 resource from src\main\resources to target\classes
2025-11-30 20:47:46,286 [Worker-51: Building workspace] INFO  o.a.m.s.f.DefaultMavenResourcesFiltering - Copying 0 resource from src\main\resources to target\classes
2025-11-30 20:47:46,290 [Worker-51: Building workspace] INFO  o.a.m.s.f.DefaultMavenResourcesFiltering - skip non existing resourceDirectory C:\Users\archit.jain\OneDrive - HCL TECHNOLOGIES LIMITED\Documents\GuviProject\eventmanagement\src\test\resources
2025-11-30 21:03:17,346 [Worker-46: Building workspace] INFO  o.a.m.s.f.DefaultMavenResourcesFiltering - Copying 1 resource from src\main\resources to target\classes
2025-11-30 21:03:17,370 [Worker-46: Building workspace] INFO  o.a.m.s.f.DefaultMavenResourcesFiltering - Copying 0 resource from src\main\resources to target\classes
2025-11-30 21:03:17,372 [Worker-46: Building workspace] INFO  o.a.m.s.f.DefaultMavenResourcesFiltering - skip non existing resourceDirectory C:\Users\archit.jain\OneDrive - HCL TECHNOLOGIES LIMITED\Documents\GuviProject\eventmanagement\src\test\resources
2025-11-30 21:23:01,931 [Worker-54: Building workspace] INFO  o.a.m.s.f.DefaultMavenResourcesFiltering - Copying 1 resource from src\main\resources to target\classes
2025-11-30 21:23:01,978 [Worker-54: Building workspace] INFO  o.a.m.s.f.DefaultMavenResourcesFiltering - Copying 0 resource from src\main\resources to target\classes
2025-11-30 21:23:01,981 [Worker-54: Building workspace] INFO  o.a.m.s.f.DefaultMavenResourcesFiltering - skip non existing resourceDirectory C:\Users\archit.jain\OneDrive - HCL TECHNOLOGIES LIMITED\Documents\GuviProject\user5\src\test\resources
2025-11-30 21:24:45,839 [Worker-47: Building workspace] INFO  o.a.m.s.f.DefaultMavenResourcesFiltering - Copying 1 resource from src\main\resources to target\classes
2025-11-30 21:24:45,855 [Worker-47: Building workspace] INFO  o.a.m.s.f.DefaultMavenResourcesFiltering - Copying 0 resource from src\main\resources to target\classes
2025-11-30 21:24:45,861 [Worker-47: Building workspace] INFO  o.a.m.s.f.DefaultMavenResourcesFiltering - skip non existing resourceDirectory C:\Users\archit.jain\OneDrive - HCL TECHNOLOGIES LIMITED\Documents\GuviProject\user5\src\test\resources
2025-11-30 22:07:56,413 [Worker-58: Building workspace] INFO  o.a.m.s.f.DefaultMavenResourcesFiltering - Copying 1 resource from src\main\resources to target\classes
2025-11-30 22:07:56,456 [Worker-58: Building workspace] INFO  o.a.m.s.f.DefaultMavenResourcesFiltering - Copying 0 resource from src\main\resources to target\classes
2025-11-30 22:07:56,458 [Worker-58: Building workspace] INFO  o.a.m.s.f.DefaultMavenResourcesFiltering - skip non existing resourceDirectory C:\Users\archit.jain\OneDrive - HCL TECHNOLOGIES LIMITED\Documents\GuviProject\user5\src\test\resources
2025-11-30 22:28:35,324 [Worker-58: Building workspace] INFO  o.a.m.s.f.DefaultMavenResourcesFiltering - Copying 1 resource from src\main\resources to target\classes
2025-11-30 22:28:35,345 [Worker-58: Building workspace] INFO  o.a.m.s.f.DefaultMavenResourcesFiltering - Copying 0 resource from src\main\resources to target\classes
2025-11-30 22:28:35,345 [Worker-58: Building workspace] INFO  o.a.m.s.f.DefaultMavenResourcesFiltering - skip non existing resourceDirectory C:\Users\archit.jain\OneDrive - HCL TECHNOLOGIES LIMITED\Documents\GuviProject\eventmanagement\src\test\resources
2025-11-30 22:29:21,042 [Worker-50: Building workspace] INFO  o.a.m.s.f.DefaultMavenResourcesFiltering - Copying 1 resource from src\main\resources to target\classes
2025-11-30 22:29:21,070 [Worker-50: Building workspace] INFO  o.a.m.s.f.DefaultMavenResourcesFiltering - Copying 0 resource from src\main\resources to target\classes
2025-11-30 22:29:21,073 [Worker-50: Building workspace] INFO  o.a.m.s.f.DefaultMavenResourcesFiltering - skip non existing resourceDirectory C:\Users\archit.jain\OneDrive - HCL TECHNOLOGIES LIMITED\Documents\GuviProject\eventmanagement\src\test\resources
2025-11-30 22:30:06,743 [Worker-58: Building workspace] INFO  o.a.m.s.f.DefaultMavenResourcesFiltering - Copying 1 resource from src\main\resources to target\classes
2025-11-30 22:30:06,755 [Worker-58: Building workspace] INFO  o.a.m.s.f.DefaultMavenResourcesFiltering - Copying 0 resource from src\main\resources to target\classes
2025-11-30 22:30:06,757 [Worker-58: Building workspace] INFO  o.a.m.s.f.DefaultMavenResourcesFiltering - skip non existing resourceDirectory C:\Users\archit.jain\OneDrive - HCL TECHNOLOGIES LIMITED\Documents\GuviProject\eventmanagement\src\test\resources
2025-11-30 22:30:19,684 [Worker-50: Building workspace] INFO  o.a.m.s.f.DefaultMavenResourcesFiltering - Copying 1 resource from src\main\resources to target\classes
2025-11-30 22:30:19,690 [Worker-50: Building workspace] INFO  o.a.m.s.f.DefaultMavenResourcesFiltering - Copying 0 resource from src\main\resources to target\classes
2025-11-30 22:30:19,692 [Worker-50: Building workspace] INFO  o.a.m.s.f.DefaultMavenResourcesFiltering - skip non existing resourceDirectory C:\Users\archit.jain\OneDrive - HCL TECHNOLOGIES LIMITED\Documents\GuviProject\eventmanagement\src\test\resources
2025-11-30 22:31:43,649 [Worker-50: Building workspace] INFO  o.a.m.s.f.DefaultMavenResourcesFiltering - Copying 1 resource from src\main\resources to target\classes
2025-11-30 22:31:43,657 [Worker-50: Building workspace] INFO  o.a.m.s.f.DefaultMavenResourcesFiltering - Copying 0 resource from src\main\resources to target\classes
2025-11-30 22:31:43,661 [Worker-50: Building workspace] INFO  o.a.m.s.f.DefaultMavenResourcesFiltering - skip non existing resourceDirectory C:\Users\archit.jain\OneDrive - HCL TECHNOLOGIES LIMITED\Documents\GuviProject\eventmanagement\src\test\resources
2025-11-30 22:32:20,150 [Worker-63: Building workspace] INFO  o.a.m.s.f.DefaultMavenResourcesFiltering - Copying 0 resource from src\main\resources to target\classes
2025-11-30 22:32:20,151 [Worker-63: Building workspace] INFO  o.a.m.s.f.DefaultMavenResourcesFiltering - Copying 0 resource from src\main\resources to target\classes
2025-11-30 22:32:20,153 [Worker-63: Building workspace] INFO  o.a.m.s.f.DefaultMavenResourcesFiltering - skip non existing resourceDirectory C:\Users\archit.jain\OneDrive - HCL TECHNOLOGIES LIMITED\Documents\GuviProject\eventmanagement\src\test\resources
2025-11-30 22:33:30,467 [Worker-60: Building workspace] INFO  o.a.m.s.f.DefaultMavenResourcesFiltering - Copying 1 resource from src\main\resources to target\classes
2025-11-30 22:33:30,473 [Worker-60: Building workspace] INFO  o.a.m.s.f.DefaultMavenResourcesFiltering - Copying 0 resource from src\main\resources to target\classes
2025-11-30 22:33:30,475 [Worker-60: Building workspace] INFO  o.a.m.s.f.DefaultMavenResourcesFiltering - skip non existing resourceDirectory C:\Users\archit.jain\OneDrive - HCL TECHNOLOGIES LIMITED\Documents\GuviProject\eventmanagement\src\test\resources
2025-11-30 22:34:36,655 [Worker-61: Building workspace] INFO  o.a.m.s.f.DefaultMavenResourcesFiltering - Copying 1 resource from src\main\resources to target\classes
2025-11-30 22:34:36,664 [Worker-61: Building workspace] INFO  o.a.m.s.f.DefaultMavenResourcesFiltering - Copying 0 resource from src\main\resources to target\classes
2025-11-30 22:34:36,667 [Worker-61: Building workspace] INFO  o.a.m.s.f.DefaultMavenResourcesFiltering - skip non existing resourceDirectory C:\Users\archit.jain\OneDrive - HCL TECHNOLOGIES LIMITED\Documents\GuviProject\eventmanagement\src\test\resources
2025-11-30 22:35:28,269 [Worker-58: Building workspace] INFO  o.a.m.s.f.DefaultMavenResourcesFiltering - Copying 1 resource from src\main\resources to target\classes
2025-11-30 22:35:28,277 [Worker-58: Building workspace] INFO  o.a.m.s.f.DefaultMavenResourcesFiltering - Copying 0 resource from src\main\resources to target\classes
2025-11-30 22:35:28,279 [Worker-58: Building workspace] INFO  o.a.m.s.f.DefaultMavenResourcesFiltering - skip non existing resourceDirectory C:\Users\archit.jain\OneDrive - HCL TECHNOLOGIES LIMITED\Documents\GuviProject\eventmanagement\src\test\resources
2025-11-30 22:35:47,467 [Worker-58: Building workspace] INFO  o.a.m.s.f.DefaultMavenResourcesFiltering - Copying 1 resource from src\main\resources to target\classes
2025-11-30 22:35:47,474 [Worker-58: Building workspace] INFO  o.a.m.s.f.DefaultMavenResourcesFiltering - Copying 0 resource from src\main\resources to target\classes
2025-11-30 22:35:47,475 [Worker-58: Building workspace] INFO  o.a.m.s.f.DefaultMavenResourcesFiltering - skip non existing resourceDirectory C:\Users\archit.jain\OneDrive - HCL TECHNOLOGIES LIMITED\Documents\GuviProject\eventmanagement\src\test\resources
2025-11-30 22:37:57,786 [Worker-58: Building workspace] INFO  o.a.m.s.f.DefaultMavenResourcesFiltering - Copying 0 resource from src\main\resources to target\classes
2025-11-30 22:37:57,786 [Worker-58: Building workspace] INFO  o.a.m.s.f.DefaultMavenResourcesFiltering - Copying 0 resource from src\main\resources to target\classes
2025-11-30 22:37:57,787 [Worker-58: Building workspace] INFO  o.a.m.s.f.DefaultMavenResourcesFiltering - skip non existing resourceDirectory C:\Users\archit.jain\OneDrive - HCL TECHNOLOGIES LIMITED\Documents\GuviProject\eventmanagement\src\test\resources
2025-11-30 22:38:26,184 [Worker-58: Building workspace] INFO  o.a.m.s.f.DefaultMavenResourcesFiltering - Copying 0 resource from src\main\resources to target\classes
2025-11-30 22:38:26,185 [Worker-58: Building workspace] INFO  o.a.m.s.f.DefaultMavenResourcesFiltering - Copying 0 resource from src\main\resources to target\classes
2025-11-30 22:38:26,186 [Worker-58: Building workspace] INFO  o.a.m.s.f.DefaultMavenResourcesFiltering - skip non existing resourceDirectory C:\Users\archit.jain\OneDrive - HCL TECHNOLOGIES LIMITED\Documents\GuviProject\eventmanagement\src\test\resources
2025-11-30 22:38:44,035 [Worker-60: Building workspace] INFO  o.a.m.s.f.DefaultMavenResourcesFiltering - Copying 0 resource from src\main\resources to target\classes
2025-11-30 22:38:44,036 [Worker-60: Building workspace] INFO  o.a.m.s.f.DefaultMavenResourcesFiltering - Copying 0 resource from src\main\resources to target\classes
2025-11-30 22:38:44,039 [Worker-60: Building workspace] INFO  o.a.m.s.f.DefaultMavenResourcesFiltering - skip non existing resourceDirectory C:\Users\archit.jain\OneDrive - HCL TECHNOLOGIES LIMITED\Documents\GuviProject\eventmanagement\src\test\resources
2025-11-30 22:38:59,583 [Worker-50: Building workspace] INFO  o.a.m.s.f.DefaultMavenResourcesFiltering - Copying 1 resource from src\main\resources to target\classes
2025-11-30 22:38:59,594 [Worker-50: Building workspace] INFO  o.a.m.s.f.DefaultMavenResourcesFiltering - Copying 0 resource from src\main\resources to target\classes
2025-11-30 22:38:59,596 [Worker-50: Building workspace] INFO  o.a.m.s.f.DefaultMavenResourcesFiltering - skip non existing resourceDirectory C:\Users\archit.jain\OneDrive - HCL TECHNOLOGIES LIMITED\Documents\GuviProject\eventmanagement\src\test\resources
2025-11-30 22:39:06,413 [Worker-63: Building workspace] INFO  o.a.m.s.f.DefaultMavenResourcesFiltering - Copying 0 resource from src\main\resources to target\classes
2025-11-30 22:39:06,414 [Worker-63: Building workspace] INFO  o.a.m.s.f.DefaultMavenResourcesFiltering - Copying 0 resource from src\main\resources to target\classes
2025-11-30 22:39:06,415 [Worker-63: Building workspace] INFO  o.a.m.s.f.DefaultMavenResourcesFiltering - skip non existing resourceDirectory C:\Users\archit.jain\OneDrive - HCL TECHNOLOGIES LIMITED\Documents\GuviProject\eventmanagement\src\test\resources
2025-11-30 22:40:18,824 [Worker-54: Building workspace] INFO  o.a.m.s.f.DefaultMavenResourcesFiltering - Copying 1 resource from src\main\resources to target\classes
2025-11-30 22:40:18,835 [Worker-54: Building workspace] INFO  o.a.m.s.f.DefaultMavenResourcesFiltering - Copying 0 resource from src\main\resources to target\classes
2025-11-30 22:40:18,838 [Worker-54: Building workspace] INFO  o.a.m.s.f.DefaultMavenResourcesFiltering - skip non existing resourceDirectory C:\Users\archit.jain\OneDrive - HCL TECHNOLOGIES LIMITED\Documents\GuviProject\eventmanagement\src\test\resources
2025-11-30 22:40:26,389 [Worker-63: Building workspace] INFO  o.a.m.s.f.DefaultMavenResourcesFiltering - Copying 0 resource from src\main\resources to target\classes
2025-11-30 22:40:26,389 [Worker-63: Building workspace] INFO  o.a.m.s.f.DefaultMavenResourcesFiltering - Copying 0 resource from src\main\resources to target\classes
2025-11-30 22:40:26,392 [Worker-63: Building workspace] INFO  o.a.m.s.f.DefaultMavenResourcesFiltering - skip non existing resourceDirectory C:\Users\archit.jain\OneDrive - HCL TECHNOLOGIES LIMITED\Documents\GuviProject\eventmanagement\src\test\resources
2025-11-30 22:40:57,057 [Worker-58: Building workspace] INFO  o.a.m.s.f.DefaultMavenResourcesFiltering - Copying 1 resource from src\main\resources to target\classes
2025-11-30 22:40:57,064 [Worker-58: Building workspace] INFO  o.a.m.s.f.DefaultMavenResourcesFiltering - Copying 0 resource from src\main\resources to target\classes
2025-11-30 22:40:57,066 [Worker-58: Building workspace] INFO  o.a.m.s.f.DefaultMavenResourcesFiltering - skip non existing resourceDirectory C:\Users\archit.jain\OneDrive - HCL TECHNOLOGIES LIMITED\Documents\GuviProject\eventmanagement\src\test\resources
2025-11-30 23:16:56,892 [Worker-64: Building workspace] INFO  o.a.m.s.f.DefaultMavenResourcesFiltering - Copying 1 resource from src\main\resources to target\classes
2025-11-30 23:16:56,986 [Worker-64: Building workspace] INFO  o.a.m.s.f.DefaultMavenResourcesFiltering - Copying 0 resource from src\main\resources to target\classes
2025-11-30 23:16:56,988 [Worker-64: Building workspace] INFO  o.a.m.s.f.DefaultMavenResourcesFiltering - skip non existing resourceDirectory C:\Users\archit.jain\OneDrive - HCL TECHNOLOGIES LIMITED\Documents\GuviProject\eventmanagement\src\test\resources
2025-11-30 23:17:19,214 [Worker-54: Building workspace] INFO  o.a.m.s.f.DefaultMavenResourcesFiltering - Copying 1 resource from src\main\resources to target\classes
2025-11-30 23:17:19,253 [Worker-54: Building workspace] INFO  o.a.m.s.f.DefaultMavenResourcesFiltering - Copying 0 resource from src\main\resources to target\classes
2025-11-30 23:17:19,256 [Worker-54: Building workspace] INFO  o.a.m.s.f.DefaultMavenResourcesFiltering - skip non existing resourceDirectory C:\Users\archit.jain\OneDrive - HCL TECHNOLOGIES LIMITED\Documents\GuviProject\eventmanagement\src\test\resources
2025-11-30 23:18:00,500 [Worker-54: Building workspace] INFO  o.a.m.s.f.DefaultMavenResourcesFiltering - Copying 1 resource from src\main\resources to target\classes
2025-11-30 23:18:00,511 [Worker-54: Building workspace] INFO  o.a.m.s.f.DefaultMavenResourcesFiltering - Copying 0 resource from src\main\resources to target\classes
2025-11-30 23:18:00,513 [Worker-54: Building workspace] INFO  o.a.m.s.f.DefaultMavenResourcesFiltering - skip non existing resourceDirectory C:\Users\archit.jain\OneDrive - HCL TECHNOLOGIES LIMITED\Documents\GuviProject\eventmanagement\src\test\resources
2025-11-30 23:18:18,354 [Worker-65: Building workspace] INFO  o.a.m.s.f.DefaultMavenResourcesFiltering - Copying 1 resource from src\main\resources to target\classes
2025-11-30 23:18:18,360 [Worker-65: Building workspace] INFO  o.a.m.s.f.DefaultMavenResourcesFiltering - Copying 0 resource from src\main\resources to target\classes
2025-11-30 23:18:18,362 [Worker-65: Building workspace] INFO  o.a.m.s.f.DefaultMavenResourcesFiltering - skip non existing resourceDirectory C:\Users\archit.jain\OneDrive - HCL TECHNOLOGIES LIMITED\Documents\GuviProject\eventmanagement\src\test\resources
2025-11-30 23:19:09,347 [Worker-54: Building workspace] INFO  o.a.m.s.f.DefaultMavenResourcesFiltering - Copying 1 resource from src\main\resources to target\classes
2025-11-30 23:19:09,354 [Worker-54: Building workspace] INFO  o.a.m.s.f.DefaultMavenResourcesFiltering - Copying 0 resource from src\main\resources to target\classes
2025-11-30 23:19:09,355 [Worker-54: Building workspace] INFO  o.a.m.s.f.DefaultMavenResourcesFiltering - skip non existing resourceDirectory C:\Users\archit.jain\OneDrive - HCL TECHNOLOGIES LIMITED\Documents\GuviProject\eventmanagement\src\test\resources
2025-11-30 23:19:22,558 [Worker-54: Building workspace] INFO  o.a.m.s.f.DefaultMavenResourcesFiltering - Copying 1 resource from src\main\resources to target\classes
2025-11-30 23:19:22,566 [Worker-54: Building workspace] INFO  o.a.m.s.f.DefaultMavenResourcesFiltering - Copying 0 resource from src\main\resources to target\classes
2025-11-30 23:19:22,567 [Worker-54: Building workspace] INFO  o.a.m.s.f.DefaultMavenResourcesFiltering - skip non existing resourceDirectory C:\Users\archit.jain\OneDrive - HCL TECHNOLOGIES LIMITED\Documents\GuviProject\eventmanagement\src\test\resources
2025-11-30 23:19:53,557 [Worker-54: Building workspace] INFO  o.a.m.s.f.DefaultMavenResourcesFiltering - Copying 1 resource from src\main\resources to target\classes
2025-11-30 23:19:53,569 [Worker-54: Building workspace] INFO  o.a.m.s.f.DefaultMavenResourcesFiltering - Copying 0 resource from src\main\resources to target\classes
2025-11-30 23:19:53,572 [Worker-54: Building workspace] INFO  o.a.m.s.f.DefaultMavenResourcesFiltering - skip non existing resourceDirectory C:\Users\archit.jain\OneDrive - HCL TECHNOLOGIES LIMITED\Documents\GuviProject\eventmanagement\src\test\resources
2025-11-30 23:20:17,974 [Worker-65: Building workspace] INFO  o.a.m.s.f.DefaultMavenResourcesFiltering - Copying 1 resource from src\main\resources to target\classes
2025-11-30 23:20:17,982 [Worker-65: Building workspace] INFO  o.a.m.s.f.DefaultMavenResourcesFiltering - Copying 0 resource from src\main\resources to target\classes
2025-11-30 23:20:17,984 [Worker-65: Building workspace] INFO  o.a.m.s.f.DefaultMavenResourcesFiltering - skip non existing resourceDirectory C:\Users\archit.jain\OneDrive - HCL TECHNOLOGIES LIMITED\Documents\GuviProject\eventmanagement\src\test\resources
2025-11-30 23:22:31,445 [Worker-54: Building workspace] INFO  o.a.m.s.f.DefaultMavenResourcesFiltering - Copying 1 resource from src\main\resources to target\classes
2025-11-30 23:22:31,455 [Worker-54: Building workspace] INFO  o.a.m.s.f.DefaultMavenResourcesFiltering - Copying 0 resource from src\main\resources to target\classes
2025-11-30 23:22:31,457 [Worker-54: Building workspace] INFO  o.a.m.s.f.DefaultMavenResourcesFiltering - skip non existing resourceDirectory C:\Users\archit.jain\OneDrive - HCL TECHNOLOGIES LIMITED\Documents\GuviProject\eventmanagement\src\test\resources
2025-11-30 23:22:47,921 [Worker-64: Building workspace] INFO  o.a.m.s.f.DefaultMavenResourcesFiltering - Copying 1 resource from src\main\resources to target\classes
2025-11-30 23:22:47,928 [Worker-64: Building workspace] INFO  o.a.m.s.f.DefaultMavenResourcesFiltering - Copying 0 resource from src\main\resources to target\classes
2025-11-30 23:22:47,931 [Worker-64: Building workspace] INFO  o.a.m.s.f.DefaultMavenResourcesFiltering - skip non existing resourceDirectory C:\Users\archit.jain\OneDrive - HCL TECHNOLOGIES LIMITED\Documents\GuviProject\eventmanagement\src\test\resources
2025-11-30 23:24:50,626 [Worker-58: Building workspace] INFO  o.a.m.s.f.DefaultMavenResourcesFiltering - Copying 1 resource from src\main\resources to target\classes
2025-11-30 23:24:50,646 [Worker-58: Building workspace] INFO  o.a.m.s.f.DefaultMavenResourcesFiltering - Copying 0 resource from src\main\resources to target\classes
2025-11-30 23:24:50,646 [Worker-58: Building workspace] INFO  o.a.m.s.f.DefaultMavenResourcesFiltering - skip non existing resourceDirectory C:\Users\archit.jain\OneDrive - HCL TECHNOLOGIES LIMITED\Documents\GuviProject\eventmanagement\src\test\resources
2025-11-30 23:25:41,983 [Worker-66: Building workspace] INFO  o.a.m.s.f.DefaultMavenResourcesFiltering - Copying 1 resource from src\main\resources to target\classes
2025-11-30 23:25:42,000 [Worker-66: Building workspace] INFO  o.a.m.s.f.DefaultMavenResourcesFiltering - Copying 0 resource from src\main\resources to target\classes
2025-11-30 23:25:42,003 [Worker-66: Building workspace] INFO  o.a.m.s.f.DefaultMavenResourcesFiltering - skip non existing resourceDirectory C:\Users\archit.jain\OneDrive - HCL TECHNOLOGIES LIMITED\Documents\GuviProject\eventmanagement\src\test\resources
2025-11-30 23:26:28,784 [Worker-66: Building workspace] INFO  o.a.m.s.f.DefaultMavenResourcesFiltering - Copying 1 resource from src\main\resources to target\classes
2025-11-30 23:26:28,797 [Worker-66: Building workspace] INFO  o.a.m.s.f.DefaultMavenResourcesFiltering - Copying 0 resource from src\main\resources to target\classes
2025-11-30 23:26:28,799 [Worker-66: Building workspace] INFO  o.a.m.s.f.DefaultMavenResourcesFiltering - skip non existing resourceDirectory C:\Users\archit.jain\OneDrive - HCL TECHNOLOGIES LIMITED\Documents\GuviProject\eventmanagement\src\test\resources
2025-11-30 23:28:30,663 [Worker-67: Building workspace] INFO  o.a.m.s.f.DefaultMavenResourcesFiltering - Copying 1 resource from src\main\resources to target\classes
2025-11-30 23:28:30,675 [Worker-67: Building workspace] INFO  o.a.m.s.f.DefaultMavenResourcesFiltering - Copying 0 resource from src\main\resources to target\classes
2025-11-30 23:28:30,677 [Worker-67: Building workspace] INFO  o.a.m.s.f.DefaultMavenResourcesFiltering - skip non existing resourceDirectory C:\Users\archit.jain\OneDrive - HCL TECHNOLOGIES LIMITED\Documents\GuviProject\eventmanagement\src\test\resources
2025-11-30 23:29:11,197 [Worker-64: Building workspace] INFO  o.a.m.s.f.DefaultMavenResourcesFiltering - Copying 1 resource from src\main\resources to target\classes
2025-11-30 23:29:11,212 [Worker-64: Building workspace] INFO  o.a.m.s.f.DefaultMavenResourcesFiltering - Copying 0 resource from src\main\resources to target\classes
2025-11-30 23:29:11,215 [Worker-64: Building workspace] INFO  o.a.m.s.f.DefaultMavenResourcesFiltering - skip non existing resourceDirectory C:\Users\archit.jain\OneDrive - HCL TECHNOLOGIES LIMITED\Documents\GuviProject\eventmanagement\src\test\resources
2025-12-01 12:08:30,926 [Worker-1: Loading available Gradle versions] INFO  c.g.t.t.d.PublishedGradleVersions - Gradle version information cache is out-of-date. Trying to update.
2025-12-01 12:08:41,571 [Worker-1: Loading available Gradle versions] INFO  c.g.t.t.d.PublishedGradleVersions - Updating Gradle version information cache failed. Using outdated cache.
2025-12-01 12:08:42,049 [Worker-12: Building workspace] INFO  o.a.m.s.f.DefaultMavenResourcesFiltering - Copying 1 resource from src\main\resources to target\classes
2025-12-01 12:08:42,092 [Worker-12: Building workspace] INFO  o.a.m.s.f.DefaultMavenResourcesFiltering - Copying 0 resource from src\main\resources to target\classes
2025-12-01 12:08:42,097 [Worker-12: Building workspace] INFO  o.a.m.s.f.DefaultMavenResourcesFiltering - skip non existing resourceDirectory C:\Users\archit.jain\OneDrive - HCL TECHNOLOGIES LIMITED\Documents\GuviProject\eventmanagement\src\test\resources
2025-12-01 15:35:53,169 [Worker-39: Building workspace] INFO  o.a.m.s.f.DefaultMavenResourcesFiltering - Copying 1 resource from src\main\resources to target\classes
2025-12-01 15:35:53,204 [Worker-39: Building workspace] INFO  o.a.m.s.f.DefaultMavenResourcesFiltering - Copying 0 resource from src\main\resources to target\classes
2025-12-01 15:35:53,206 [Worker-39: Building workspace] INFO  o.a.m.s.f.DefaultMavenResourcesFiltering - skip non existing resourceDirectory C:\Users\archit.jain\OneDrive - HCL TECHNOLOGIES LIMITED\Documents\GuviProject\eventmanagement\src\test\resources
2025-12-01 15:37:32,389 [Worker-46: Building workspace] INFO  o.a.m.s.f.DefaultMavenResourcesFiltering - Copying 1 resource from src\main\resources to target\classes
2025-12-01 15:37:32,395 [Worker-46: Building workspace] INFO  o.a.m.s.f.DefaultMavenResourcesFiltering - Copying 0 resource from src\main\resources to target\classes
2025-12-01 15:37:32,399 [Worker-46: Building workspace] INFO  o.a.m.s.f.DefaultMavenResourcesFiltering - skip non existing resourceDirectory C:\Users\archit.jain\OneDrive - HCL TECHNOLOGIES LIMITED\Documents\GuviProject\user5\src\test\resources
2025-12-01 15:37:52,483 [Worker-43: Building workspace] INFO  o.a.m.s.f.DefaultMavenResourcesFiltering - Copying 1 resource from src\main\resources to target\classes
2025-12-01 15:37:52,511 [Worker-43: Building workspace] INFO  o.a.m.s.f.DefaultMavenResourcesFiltering - Copying 0 resource from src\main\resources to target\classes
2025-12-01 15:37:52,512 [Worker-43: Building workspace] INFO  o.a.m.s.f.DefaultMavenResourcesFiltering - skip non existing resourceDirectory C:\Users\archit.jain\OneDrive - HCL TECHNOLOGIES LIMITED\Documents\GuviProject\user5\src\test\resources
2025-12-01 15:38:14,032 [Worker-46: Building workspace] INFO  o.a.m.s.f.DefaultMavenResourcesFiltering - Copying 1 resource from src\main\resources to target\classes
2025-12-01 15:38:14,061 [Worker-46: Building workspace] INFO  o.a.m.s.f.DefaultMavenResourcesFiltering - Copying 0 resource from src\main\resources to target\classes
2025-12-01 15:38:14,065 [Worker-46: Building workspace] INFO  o.a.m.s.f.DefaultMavenResourcesFiltering - skip non existing resourceDirectory C:\Users\archit.jain\OneDrive - HCL TECHNOLOGIES LIMITED\Documents\GuviProject\eventmanagement\src\test\resources
2025-12-01 15:38:26,973 [Worker-43: Building workspace] INFO  o.a.m.s.f.DefaultMavenResourcesFiltering - Copying 1 resource from src\main\resources to target\classes
2025-12-01 15:38:27,025 [Worker-43: Building workspace] INFO  o.a.m.s.f.DefaultMavenResourcesFiltering - Copying 0 resource from src\main\resources to target\classes
2025-12-01 15:38:27,028 [Worker-43: Building workspace] INFO  o.a.m.s.f.DefaultMavenResourcesFiltering - skip non existing resourceDirectory C:\Users\archit.jain\OneDrive - HCL TECHNOLOGIES LIMITED\Documents\GuviProject\eventmanagement\src\test\resources
2025-12-01 15:39:41,854 [Worker-46: Building workspace] INFO  o.a.m.s.f.DefaultMavenResourcesFiltering - Copying 1 resource from src\main\resources to target\classes
2025-12-01 15:39:41,860 [Worker-46: Building workspace] INFO  o.a.m.s.f.DefaultMavenResourcesFiltering - Copying 0 resource from src\main\resources to target\classes
2025-12-01 15:39:41,862 [Worker-46: Building workspace] INFO  o.a.m.s.f.DefaultMavenResourcesFiltering - skip non existing resourceDirectory C:\Users\archit.jain\OneDrive - HCL TECHNOLOGIES LIMITED\Documents\GuviProject\user5\src\test\resources
2025-12-01 15:41:34,967 [Worker-49: Building workspace] INFO  o.a.m.s.f.DefaultMavenResourcesFiltering - Copying 1 resource from src\main\resources to target\classes
2025-12-01 15:41:34,976 [Worker-49: Building workspace] INFO  o.a.m.s.f.DefaultMavenResourcesFiltering - Copying 0 resource from src\main\resources to target\classes
2025-12-01 15:41:34,979 [Worker-49: Building workspace] INFO  o.a.m.s.f.DefaultMavenResourcesFiltering - skip non existing resourceDirectory C:\Users\archit.jain\OneDrive - HCL TECHNOLOGIES LIMITED\Documents\GuviProject\user5\src\test\resources
2025-12-01 15:43:04,433 [Worker-50: Building workspace] INFO  o.a.m.s.f.DefaultMavenResourcesFiltering - Copying 1 resource from src\main\resources to target\classes
2025-12-01 15:43:04,439 [Worker-50: Building workspace] INFO  o.a.m.s.f.DefaultMavenResourcesFiltering - Copying 0 resource from src\main\resources to target\classes
2025-12-01 15:43:04,442 [Worker-50: Building workspace] INFO  o.a.m.s.f.DefaultMavenResourcesFiltering - skip non existing resourceDirectory C:\Users\archit.jain\OneDrive - HCL TECHNOLOGIES LIMITED\Documents\GuviProject\user5\src\test\resources
2025-12-01 15:44:03,261 [Worker-51: Building workspace] INFO  o.a.m.s.f.DefaultMavenResourcesFiltering - Copying 1 resource from src\main\resources to target\classes
2025-12-01 15:44:03,267 [Worker-51: Building workspace] INFO  o.a.m.s.f.DefaultMavenResourcesFiltering - Copying 0 resource from src\main\resources to target\classes
2025-12-01 15:44:03,269 [Worker-51: Building workspace] INFO  o.a.m.s.f.DefaultMavenResourcesFiltering - skip non existing resourceDirectory C:\Users\archit.jain\OneDrive - HCL TECHNOLOGIES LIMITED\Documents\GuviProject\user5\src\test\resources
2025-12-01 15:44:52,676 [Worker-43: Building workspace] INFO  o.a.m.s.f.DefaultMavenResourcesFiltering - Copying 1 resource from src\main\resources to target\classes
2025-12-01 15:44:52,682 [Worker-43: Building workspace] INFO  o.a.m.s.f.DefaultMavenResourcesFiltering - Copying 0 resource from src\main\resources to target\classes
2025-12-01 15:44:52,683 [Worker-43: Building workspace] INFO  o.a.m.s.f.DefaultMavenResourcesFiltering - skip non existing resourceDirectory C:\Users\archit.jain\OneDrive - HCL TECHNOLOGIES LIMITED\Documents\GuviProject\user5\src\test\resources
2025-12-01 15:44:57,821 [Worker-52: Building workspace] INFO  o.a.m.s.f.DefaultMavenResourcesFiltering - Copying 1 resource from src\main\resources to target\classes
2025-12-01 15:44:57,827 [Worker-52: Building workspace] INFO  o.a.m.s.f.DefaultMavenResourcesFiltering - Copying 0 resource from src\main\resources to target\classes
2025-12-01 15:44:57,829 [Worker-52: Building workspace] INFO  o.a.m.s.f.DefaultMavenResourcesFiltering - skip non existing resourceDirectory C:\Users\archit.jain\OneDrive - HCL TECHNOLOGIES LIMITED\Documents\GuviProject\user5\src\test\resources
2025-12-01 15:45:19,460 [Worker-49: Building workspace] INFO  o.a.m.s.f.DefaultMavenResourcesFiltering - Copying 1 resource from src\main\resources to target\classes
2025-12-01 15:45:19,469 [Worker-49: Building workspace] INFO  o.a.m.s.f.DefaultMavenResourcesFiltering - Copying 0 resource from src\main\resources to target\classes
2025-12-01 15:45:19,473 [Worker-49: Building workspace] INFO  o.a.m.s.f.DefaultMavenResourcesFiltering - skip non existing resourceDirectory C:\Users\archit.jain\OneDrive - HCL TECHNOLOGIES LIMITED\Documents\GuviProject\user5\src\test\resources
2025-12-01 15:45:40,075 [Worker-50: Building workspace] INFO  o.a.m.s.f.DefaultMavenResourcesFiltering - Copying 1 resource from src\main\resources to target\classes
2025-12-01 15:45:40,081 [Worker-50: Building workspace] INFO  o.a.m.s.f.DefaultMavenResourcesFiltering - Copying 0 resource from src\main\resources to target\classes
2025-12-01 15:45:40,084 [Worker-50: Building workspace] INFO  o.a.m.s.f.DefaultMavenResourcesFiltering - skip non existing resourceDirectory C:\Users\archit.jain\OneDrive - HCL TECHNOLOGIES LIMITED\Documents\GuviProject\user5\src\test\resources
2025-12-01 15:46:53,250 [Worker-49: Building workspace] INFO  o.a.m.s.f.DefaultMavenResourcesFiltering - Copying 1 resource from src\main\resources to target\classes
2025-12-01 15:46:53,258 [Worker-49: Building workspace] INFO  o.a.m.s.f.DefaultMavenResourcesFiltering - Copying 0 resource from src\main\resources to target\classes
2025-12-01 15:46:53,260 [Worker-49: Building workspace] INFO  o.a.m.s.f.DefaultMavenResourcesFiltering - skip non existing resourceDirectory C:\Users\archit.jain\OneDrive - HCL TECHNOLOGIES LIMITED\Documents\GuviProject\user5\src\test\resources
2025-12-01 15:48:38,077 [Worker-51: Building workspace] INFO  o.a.m.s.f.DefaultMavenResourcesFiltering - Copying 1 resource from src\main\resources to target\classes
2025-12-01 15:48:38,083 [Worker-51: Building workspace] INFO  o.a.m.s.f.DefaultMavenResourcesFiltering - Copying 0 resource from src\main\resources to target\classes
2025-12-01 15:48:38,085 [Worker-51: Building workspace] INFO  o.a.m.s.f.DefaultMavenResourcesFiltering - skip non existing resourceDirectory C:\Users\archit.jain\OneDrive - HCL TECHNOLOGIES LIMITED\Documents\GuviProject\user5\src\test\resources
2025-12-01 16:04:22,914 [Worker-52: Building workspace] INFO  o.a.m.s.f.DefaultMavenResourcesFiltering - Copying 1 resource from src\main\resources to target\classes
2025-12-01 16:04:22,937 [Worker-52: Building workspace] INFO  o.a.m.s.f.DefaultMavenResourcesFiltering - Copying 0 resource from src\main\resources to target\classes
2025-12-01 16:04:22,941 [Worker-52: Building workspace] INFO  o.a.m.s.f.DefaultMavenResourcesFiltering - skip non existing resourceDirectory C:\Users\archit.jain\OneDrive - HCL TECHNOLOGIES LIMITED\Documents\GuviProject\user5\src\test\resources
2025-12-01 16:05:26,654 [Worker-53: Building workspace] INFO  o.a.m.s.f.DefaultMavenResourcesFiltering - Copying 1 resource from src\main\resources to target\classes
2025-12-01 16:05:26,660 [Worker-53: Building workspace] INFO  o.a.m.s.f.DefaultMavenResourcesFiltering - Copying 0 resource from src\main\resources to target\classes
2025-12-01 16:05:26,662 [Worker-53: Building workspace] INFO  o.a.m.s.f.DefaultMavenResourcesFiltering - skip non existing resourceDirectory C:\Users\archit.jain\OneDrive - HCL TECHNOLOGIES LIMITED\Documents\GuviProject\user5\src\test\resources
2025-12-01 16:06:08,269 [Worker-54: Building workspace] INFO  o.a.m.s.f.DefaultMavenResourcesFiltering - Copying 1 resource from src\main\resources to target\classes
2025-12-01 16:06:08,309 [Worker-54: Building workspace] INFO  o.a.m.s.f.DefaultMavenResourcesFiltering - Copying 0 resource from src\main\resources to target\classes
2025-12-01 16:06:08,312 [Worker-54: Building workspace] INFO  o.a.m.s.f.DefaultMavenResourcesFiltering - skip non existing resourceDirectory C:\Users\archit.jain\OneDrive - HCL TECHNOLOGIES LIMITED\Documents\GuviProject\user5\src\test\resources
2025-12-01 16:06:29,780 [Worker-54: Building workspace] INFO  o.a.m.s.f.DefaultMavenResourcesFiltering - Copying 1 resource from src\main\resources to target\classes
2025-12-01 16:06:29,789 [Worker-54: Building workspace] INFO  o.a.m.s.f.DefaultMavenResourcesFiltering - Copying 0 resource from src\main\resources to target\classes
2025-12-01 16:06:29,792 [Worker-54: Building workspace] INFO  o.a.m.s.f.DefaultMavenResourcesFiltering - skip non existing resourceDirectory C:\Users\archit.jain\OneDrive - HCL TECHNOLOGIES LIMITED\Documents\GuviProject\user5\src\test\resources
2025-12-01 16:07:41,191 [Worker-56: Building workspace] INFO  o.a.m.s.f.DefaultMavenResourcesFiltering - Copying 1 resource from src\main\resources to target\classes
2025-12-01 16:07:41,199 [Worker-56: Building workspace] INFO  o.a.m.s.f.DefaultMavenResourcesFiltering - Copying 0 resource from src\main\resources to target\classes
2025-12-01 16:07:41,202 [Worker-56: Building workspace] INFO  o.a.m.s.f.DefaultMavenResourcesFiltering - skip non existing resourceDirectory C:\Users\archit.jain\OneDrive - HCL TECHNOLOGIES LIMITED\Documents\GuviProject\user5\src\test\resources
2025-12-01 16:11:46,059 [Worker-57: Building workspace] INFO  o.a.m.s.f.DefaultMavenResourcesFiltering - Copying 1 resource from src\main\resources to target\classes
2025-12-01 16:11:46,069 [Worker-57: Building workspace] INFO  o.a.m.s.f.DefaultMavenResourcesFiltering - Copying 0 resource from src\main\resources to target\classes
2025-12-01 16:11:46,071 [Worker-57: Building workspace] INFO  o.a.m.s.f.DefaultMavenResourcesFiltering - skip non existing resourceDirectory C:\Users\archit.jain\OneDrive - HCL TECHNOLOGIES LIMITED\Documents\GuviProject\user5\src\test\resources
2025-12-01 16:12:00,675 [Worker-56: Building workspace] INFO  o.a.m.s.f.DefaultMavenResourcesFiltering - Copying 1 resource from src\main\resources to target\classes
2025-12-01 16:12:00,683 [Worker-56: Building workspace] INFO  o.a.m.s.f.DefaultMavenResourcesFiltering - Copying 0 resource from src\main\resources to target\classes
2025-12-01 16:12:00,684 [Worker-56: Building workspace] INFO  o.a.m.s.f.DefaultMavenResourcesFiltering - skip non existing resourceDirectory C:\Users\archit.jain\OneDrive - HCL TECHNOLOGIES LIMITED\Documents\GuviProject\user5\src\test\resources
2025-12-01 16:15:01,332 [Worker-57: Building workspace] INFO  o.a.m.s.f.DefaultMavenResourcesFiltering - Copying 1 resource from src\main\resources to target\classes
2025-12-01 16:15:01,340 [Worker-57: Building workspace] INFO  o.a.m.s.f.DefaultMavenResourcesFiltering - Copying 0 resource from src\main\resources to target\classes
2025-12-01 16:15:01,342 [Worker-57: Building workspace] INFO  o.a.m.s.f.DefaultMavenResourcesFiltering - skip non existing resourceDirectory C:\Users\archit.jain\OneDrive - HCL TECHNOLOGIES LIMITED\Documents\GuviProject\user5\src\test\resources
2025-12-01 16:17:25,034 [Worker-63: Building workspace] INFO  o.a.m.s.f.DefaultMavenResourcesFiltering - Copying 1 resource from src\main\resources to target\classes
2025-12-01 16:17:25,041 [Worker-63: Building workspace] INFO  o.a.m.s.f.DefaultMavenResourcesFiltering - Copying 0 resource from src\main\resources to target\classes
2025-12-01 16:17:25,043 [Worker-63: Building workspace] INFO  o.a.m.s.f.DefaultMavenResourcesFiltering - skip non existing resourceDirectory C:\Users\archit.jain\OneDrive - HCL TECHNOLOGIES LIMITED\Documents\GuviProject\eventmanagement\src\test\resources
2025-12-01 16:17:39,967 [Worker-65: Building workspace] INFO  o.a.m.s.f.DefaultMavenResourcesFiltering - Copying 1 resource from src\main\resources to target\classes
2025-12-01 16:17:39,977 [Worker-65: Building workspace] INFO  o.a.m.s.f.DefaultMavenResourcesFiltering - Copying 0 resource from src\main\resources to target\classes
2025-12-01 16:17:39,979 [Worker-65: Building workspace] INFO  o.a.m.s.f.DefaultMavenResourcesFiltering - skip non existing resourceDirectory C:\Users\archit.jain\OneDrive - HCL TECHNOLOGIES LIMITED\Documents\GuviProject\eventmanagement\src\test\resources
2025-12-01 16:20:17,937 [Worker-67: Building workspace] INFO  o.a.m.s.f.DefaultMavenResourcesFiltering - Copying 1 resource from src\main\resources to target\classes
2025-12-01 16:20:17,945 [Worker-67: Building workspace] INFO  o.a.m.s.f.DefaultMavenResourcesFiltering - Copying 0 resource from src\main\resources to target\classes
2025-12-01 16:20:17,947 [Worker-67: Building workspace] INFO  o.a.m.s.f.DefaultMavenResourcesFiltering - skip non existing resourceDirectory C:\Users\archit.jain\OneDrive - HCL TECHNOLOGIES LIMITED\Documents\GuviProject\eventmanagement\src\test\resources
2025-12-01 16:21:20,959 [Worker-68: Building workspace] INFO  o.a.m.s.f.DefaultMavenResourcesFiltering - Copying 1 resource from src\main\resources to target\classes
2025-12-01 16:21:20,973 [Worker-68: Building workspace] INFO  o.a.m.s.f.DefaultMavenResourcesFiltering - Copying 0 resource from src\main\resources to target\classes
2025-12-01 16:21:20,975 [Worker-68: Building workspace] INFO  o.a.m.s.f.DefaultMavenResourcesFiltering - skip non existing resourceDirectory C:\Users\archit.jain\OneDrive - HCL TECHNOLOGIES LIMITED\Documents\GuviProject\eventmanagement\src\test\resources
2025-12-01 16:22:58,086 [Worker-67: Building workspace] INFO  o.a.m.s.f.DefaultMavenResourcesFiltering - Copying 1 resource from src\main\resources to target\classes
2025-12-01 16:22:58,100 [Worker-67: Building workspace] INFO  o.a.m.s.f.DefaultMavenResourcesFiltering - Copying 0 resource from src\main\resources to target\classes
2025-12-01 16:22:58,104 [Worker-67: Building workspace] INFO  o.a.m.s.f.DefaultMavenResourcesFiltering - skip non existing resourceDirectory C:\Users\archit.jain\OneDrive - HCL TECHNOLOGIES LIMITED\Documents\GuviProject\eventmanagement\src\test\resources
2025-12-01 16:23:45,538 [Worker-64: Building workspace] INFO  o.a.m.s.f.DefaultMavenResourcesFiltering - Copying 1 resource from src\main\resources to target\classes
2025-12-01 16:23:45,549 [Worker-64: Building workspace] INFO  o.a.m.s.f.DefaultMavenResourcesFiltering - Copying 0 resource from src\main\resources to target\classes
2025-12-01 16:23:45,551 [Worker-64: Building workspace] INFO  o.a.m.s.f.DefaultMavenResourcesFiltering - skip non existing resourceDirectory C:\Users\archit.jain\OneDrive - HCL TECHNOLOGIES LIMITED\Documents\GuviProject\eventmanagement\src\test\resources
2025-12-01 16:24:48,486 [Worker-64: Building workspace] INFO  o.a.m.s.f.DefaultMavenResourcesFiltering - Copying 1 resource from src\main\resources to target\classes
2025-12-01 16:24:48,498 [Worker-64: Building workspace] INFO  o.a.m.s.f.DefaultMavenResourcesFiltering - Copying 0 resource from src\main\resources to target\classes
2025-12-01 16:24:48,500 [Worker-64: Building workspace] INFO  o.a.m.s.f.DefaultMavenResourcesFiltering - skip non existing resourceDirectory C:\Users\archit.jain\OneDrive - HCL TECHNOLOGIES LIMITED\Documents\GuviProject\eventmanagement\src\test\resources
2025-12-01 16:26:16,171 [Worker-69: Building workspace] INFO  o.a.m.s.f.DefaultMavenResourcesFiltering - Copying 1 resource from src\main\resources to target\classes
2025-12-01 16:26:16,180 [Worker-69: Building workspace] INFO  o.a.m.s.f.DefaultMavenResourcesFiltering - Copying 0 resource from src\main\resources to target\classes
2025-12-01 16:26:16,182 [Worker-69: Building workspace] INFO  o.a.m.s.f.DefaultMavenResourcesFiltering - skip non existing resourceDirectory C:\Users\archit.jain\OneDrive - HCL TECHNOLOGIES LIMITED\Documents\GuviProject\eventmanagement\src\test\resources
2025-12-01 16:26:29,628 [Worker-69: Building workspace] INFO  o.a.m.s.f.DefaultMavenResourcesFiltering - Copying 1 resource from src\main\resources to target\classes
2025-12-01 16:26:29,633 [Worker-69: Building workspace] INFO  o.a.m.s.f.DefaultMavenResourcesFiltering - Copying 0 resource from src\main\resources to target\classes
2025-12-01 16:26:29,634 [Worker-69: Building workspace] INFO  o.a.m.s.f.DefaultMavenResourcesFiltering - skip non existing resourceDirectory C:\Users\archit.jain\OneDrive - HCL TECHNOLOGIES LIMITED\Documents\GuviProject\eventmanagement\src\test\resources
2025-12-01 16:27:16,554 [Worker-67: Building workspace] INFO  o.a.m.s.f.DefaultMavenResourcesFiltering - Copying 1 resource from src\main\resources to target\classes
2025-12-01 16:27:16,566 [Worker-67: Building workspace] INFO  o.a.m.s.f.DefaultMavenResourcesFiltering - Copying 0 resource from src\main\resources to target\classes
2025-12-01 16:27:16,568 [Worker-67: Building workspace] INFO  o.a.m.s.f.DefaultMavenResourcesFiltering - skip non existing resourceDirectory C:\Users\archit.jain\OneDrive - HCL TECHNOLOGIES LIMITED\Documents\GuviProject\eventmanagement\src\test\resources
2025-12-01 16:27:48,877 [Worker-67: Building workspace] INFO  o.a.m.s.f.DefaultMavenResourcesFiltering - Copying 1 resource from src\main\resources to target\classes
2025-12-01 16:27:48,886 [Worker-67: Building workspace] INFO  o.a.m.s.f.DefaultMavenResourcesFiltering - Copying 0 resource from src\main\resources to target\classes
2025-12-01 16:27:48,888 [Worker-67: Building workspace] INFO  o.a.m.s.f.DefaultMavenResourcesFiltering - skip non existing resourceDirectory C:\Users\archit.jain\OneDrive - HCL TECHNOLOGIES LIMITED\Documents\GuviProject\eventmanagement\src\test\resources
2025-12-01 16:28:01,323 [Worker-67: Building workspace] INFO  o.a.m.s.f.DefaultMavenResourcesFiltering - Copying 1 resource from src\main\resources to target\classes
2025-12-01 16:28:01,339 [Worker-67: Building workspace] INFO  o.a.m.s.f.DefaultMavenResourcesFiltering - Copying 0 resource from src\main\resources to target\classes
2025-12-01 16:28:01,341 [Worker-67: Building workspace] INFO  o.a.m.s.f.DefaultMavenResourcesFiltering - skip non existing resourceDirectory C:\Users\archit.jain\OneDrive - HCL TECHNOLOGIES LIMITED\Documents\GuviProject\eventmanagement\src\test\resources
2025-12-01 16:28:08,356 [Worker-57: Building workspace] INFO  o.a.m.s.f.DefaultMavenResourcesFiltering - Copying 1 resource from src\main\resources to target\classes
2025-12-01 16:28:08,361 [Worker-57: Building workspace] INFO  o.a.m.s.f.DefaultMavenResourcesFiltering - Copying 0 resource from src\main\resources to target\classes
2025-12-01 16:28:08,363 [Worker-57: Building workspace] INFO  o.a.m.s.f.DefaultMavenResourcesFiltering - skip non existing resourceDirectory C:\Users\archit.jain\OneDrive - HCL TECHNOLOGIES LIMITED\Documents\GuviProject\eventmanagement\src\test\resources
2025-12-01 16:37:30,282 [Worker-70: Building workspace] INFO  o.a.m.s.f.DefaultMavenResourcesFiltering - Copying 1 resource from src\main\resources to target\classes
2025-12-01 16:37:30,291 [Worker-70: Building workspace] INFO  o.a.m.s.f.DefaultMavenResourcesFiltering - Copying 0 resource from src\main\resources to target\classes
2025-12-01 16:37:30,292 [Worker-70: Building workspace] INFO  o.a.m.s.f.DefaultMavenResourcesFiltering - skip non existing resourceDirectory C:\Users\archit.jain\OneDrive - HCL TECHNOLOGIES LIMITED\Documents\GuviProject\eventmanagement\src\test\resources
2025-12-01 16:37:44,519 [Worker-73: Building workspace] INFO  o.a.m.s.f.DefaultMavenResourcesFiltering - Copying 1 resource from src\main\resources to target\classes
2025-12-01 16:37:44,524 [Worker-73: Building workspace] INFO  o.a.m.s.f.DefaultMavenResourcesFiltering - Copying 0 resource from src\main\resources to target\classes
2025-12-01 16:37:44,526 [Worker-73: Building workspace] INFO  o.a.m.s.f.DefaultMavenResourcesFiltering - skip non existing resourceDirectory C:\Users\archit.jain\OneDrive - HCL TECHNOLOGIES LIMITED\Documents\GuviProject\eventmanagement\src\test\resources
2025-12-01 16:40:09,334 [Worker-77: Building Workspace] INFO  o.a.m.s.f.DefaultMavenResourcesFiltering - Copying 1 resource from src\main\resources to target\classes
2025-12-01 16:40:09,345 [Worker-77: Building Workspace] INFO  o.a.m.s.f.DefaultMavenResourcesFiltering - Copying 0 resource from src\main\resources to target\classes
2025-12-01 16:40:09,347 [Worker-77: Building Workspace] INFO  o.a.m.s.f.DefaultMavenResourcesFiltering - skip non existing resourceDirectory C:\Users\archit.jain\OneDrive - HCL TECHNOLOGIES LIMITED\Documents\GuviProject\eventmanagement\src\test\resources
2025-12-01 16:40:49,822 [Worker-71: Building workspace] INFO  o.a.m.s.f.DefaultMavenResourcesFiltering - Copying 1 resource from src\main\resources to target\classes
2025-12-01 16:40:49,827 [Worker-71: Building workspace] INFO  o.a.m.s.f.DefaultMavenResourcesFiltering - Copying 0 resource from src\main\resources to target\classes
2025-12-01 16:40:49,829 [Worker-71: Building workspace] INFO  o.a.m.s.f.DefaultMavenResourcesFiltering - skip non existing resourceDirectory C:\Users\archit.jain\OneDrive - HCL TECHNOLOGIES LIMITED\Documents\GuviProject\eventmanagement\src\test\resources
2025-12-01 16:42:25,906 [Worker-71: Building workspace] INFO  o.a.m.s.f.DefaultMavenResourcesFiltering - Copying 1 resource from src\main\resources to target\classes
2025-12-01 16:42:25,913 [Worker-71: Building workspace] INFO  o.a.m.s.f.DefaultMavenResourcesFiltering - Copying 0 resource from src\main\resources to target\classes
2025-12-01 16:42:25,915 [Worker-71: Building workspace] INFO  o.a.m.s.f.DefaultMavenResourcesFiltering - skip non existing resourceDirectory C:\Users\archit.jain\OneDrive - HCL TECHNOLOGIES LIMITED\Documents\GuviProject\eventmanagement\src\test\resources
2025-12-01 16:44:47,468 [Worker-77: Building workspace] INFO  o.a.m.s.f.DefaultMavenResourcesFiltering - Copying 1 resource from src\main\resources to target\classes
2025-12-01 16:44:47,476 [Worker-77: Building workspace] INFO  o.a.m.s.f.DefaultMavenResourcesFiltering - Copying 0 resource from src\main\resources to target\classes
2025-12-01 16:44:47,478 [Worker-77: Building workspace] INFO  o.a.m.s.f.DefaultMavenResourcesFiltering - skip non existing resourceDirectory C:\Users\archit.jain\OneDrive - HCL TECHNOLOGIES LIMITED\Documents\GuviProject\eventmanagement\src\test\resources
2025-12-01 16:44:56,626 [Worker-79: Building workspace] INFO  o.a.m.s.f.DefaultMavenResourcesFiltering - Copying 1 resource from src\main\resources to target\classes
2025-12-01 16:44:56,633 [Worker-79: Building workspace] INFO  o.a.m.s.f.DefaultMavenResourcesFiltering - Copying 0 resource from src\main\resources to target\classes
2025-12-01 16:44:56,634 [Worker-79: Building workspace] INFO  o.a.m.s.f.DefaultMavenResourcesFiltering - skip non existing resourceDirectory C:\Users\archit.jain\OneDrive - HCL TECHNOLOGIES LIMITED\Documents\GuviProject\eventmanagement\src\test\resources
2025-12-01 16:49:39,849 [Worker-77: Building workspace] INFO  o.a.m.s.f.DefaultMavenResourcesFiltering - Copying 1 resource from src\main\resources to target\classes
2025-12-01 16:49:39,861 [Worker-77: Building workspace] INFO  o.a.m.s.f.DefaultMavenResourcesFiltering - Copying 0 resource from src\main\resources to target\classes
2025-12-01 16:49:39,864 [Worker-77: Building workspace] INFO  o.a.m.s.f.DefaultMavenResourcesFiltering - skip non existing resourceDirectory C:\Users\archit.jain\OneDrive - HCL TECHNOLOGIES LIMITED\Documents\GuviProject\eventmanagement\src\test\resources
2025-12-01 17:03:03,279 [Worker-82: Building workspace] INFO  o.a.m.s.f.DefaultMavenResourcesFiltering - Copying 1 resource from src\main\resources to target\classes
2025-12-01 17:03:03,285 [Worker-82: Building workspace] INFO  o.a.m.s.f.DefaultMavenResourcesFiltering - Copying 0 resource from src\main\resources to target\classes
2025-12-01 17:03:03,287 [Worker-82: Building workspace] INFO  o.a.m.s.f.DefaultMavenResourcesFiltering - skip non existing resourceDirectory C:\Users\archit.jain\OneDrive - HCL TECHNOLOGIES LIMITED\Documents\GuviProject\user5\src\test\resources
2025-12-01 17:03:45,358 [Worker-87: Building workspace] INFO  o.a.m.s.f.DefaultMavenResourcesFiltering - Copying 1 resource from src\main\resources to target\classes
2025-12-01 17:03:45,367 [Worker-87: Building workspace] INFO  o.a.m.s.f.DefaultMavenResourcesFiltering - Copying 0 resource from src\main\resources to target\classes
2025-12-01 17:03:45,369 [Worker-87: Building workspace] INFO  o.a.m.s.f.DefaultMavenResourcesFiltering - skip non existing resourceDirectory C:\Users\archit.jain\OneDrive - HCL TECHNOLOGIES LIMITED\Documents\GuviProject\eventmanagement\src\test\resources
2025-12-01 17:04:15,183 [Worker-85: Building workspace] INFO  o.a.m.s.f.DefaultMavenResourcesFiltering - Copying 1 resource from src\main\resources to target\classes
2025-12-01 17:04:15,192 [Worker-85: Building workspace] INFO  o.a.m.s.f.DefaultMavenResourcesFiltering - Copying 0 resource from src\main\resources to target\classes
2025-12-01 17:04:15,196 [Worker-85: Building workspace] INFO  o.a.m.s.f.DefaultMavenResourcesFiltering - skip non existing resourceDirectory C:\Users\archit.jain\OneDrive - HCL TECHNOLOGIES LIMITED\Documents\GuviProject\eventmanagement\src\test\resources
2025-12-01 17:14:25,697 [Worker-94: Building workspace] INFO  o.a.m.s.f.DefaultMavenResourcesFiltering - Copying 1 resource from src\main\resources to target\classes
2025-12-01 17:14:25,713 [Worker-94: Building workspace] INFO  o.a.m.s.f.DefaultMavenResourcesFiltering - Copying 0 resource from src\main\resources to target\classes
2025-12-01 17:14:25,715 [Worker-94: Building workspace] INFO  o.a.m.s.f.DefaultMavenResourcesFiltering - skip non existing resourceDirectory C:\Users\archit.jain\OneDrive - HCL TECHNOLOGIES LIMITED\Documents\GuviProject\eventmanagement\src\test\resources
2025-12-01 17:16:14,614 [Worker-91: Building workspace] INFO  o.a.m.s.f.DefaultMavenResourcesFiltering - Copying 1 resource from src\main\resources to target\classes
2025-12-01 17:16:14,626 [Worker-91: Building workspace] INFO  o.a.m.s.f.DefaultMavenResourcesFiltering - Copying 0 resource from src\main\resources to target\classes
2025-12-01 17:16:14,629 [Worker-91: Building workspace] INFO  o.a.m.s.f.DefaultMavenResourcesFiltering - skip non existing resourceDirectory C:\Users\archit.jain\OneDrive - HCL TECHNOLOGIES LIMITED\Documents\GuviProject\eventmanagement\src\test\resources
2025-12-01 17:16:20,351 [Worker-88: Building workspace] INFO  o.a.m.s.f.DefaultMavenResourcesFiltering - Copying 1 resource from src\main\resources to target\classes
2025-12-01 17:16:20,359 [Worker-88: Building workspace] INFO  o.a.m.s.f.DefaultMavenResourcesFiltering - Copying 0 resource from src\main\resources to target\classes
2025-12-01 17:16:20,361 [Worker-88: Building workspace] INFO  o.a.m.s.f.DefaultMavenResourcesFiltering - skip non existing resourceDirectory C:\Users\archit.jain\OneDrive - HCL TECHNOLOGIES LIMITED\Documents\GuviProject\eventmanagement\src\test\resources
2025-12-01 17:17:50,930 [Worker-90: Building workspace] INFO  o.a.m.s.f.DefaultMavenResourcesFiltering - Copying 1 resource from src\main\resources to target\classes
2025-12-01 17:17:50,939 [Worker-90: Building workspace] INFO  o.a.m.s.f.DefaultMavenResourcesFiltering - Copying 0 resource from src\main\resources to target\classes
2025-12-01 17:17:50,942 [Worker-90: Building workspace] INFO  o.a.m.s.f.DefaultMavenResourcesFiltering - skip non existing resourceDirectory C:\Users\archit.jain\OneDrive - HCL TECHNOLOGIES LIMITED\Documents\GuviProject\eventmanagement\src\test\resources
2025-12-02 12:18:36,406 [Worker-3: Loading available Gradle versions] INFO  c.g.t.t.d.PublishedGradleVersions - Gradle version information cache is out-of-date. Trying to update.
2025-12-02 12:18:51,192 [Worker-10: Building workspace] INFO  o.a.m.s.f.DefaultMavenResourcesFiltering - Copying 1 resource from src\main\resources to target\classes
2025-12-02 12:18:51,241 [Worker-10: Building workspace] INFO  o.a.m.s.f.DefaultMavenResourcesFiltering - Copying 0 resource from src\main\resources to target\classes
2025-12-02 12:18:51,247 [Worker-10: Building workspace] INFO  o.a.m.s.f.DefaultMavenResourcesFiltering - skip non existing resourceDirectory C:\Users\archit.jain\OneDrive - HCL TECHNOLOGIES LIMITED\Documents\GuviProject\eventmanagement\src\test\resources
2025-12-02 15:14:45,170 [Worker-22: Building workspace] INFO  o.a.m.s.f.DefaultMavenResourcesFiltering - Copying 1 resource from src\main\resources to target\classes
2025-12-02 15:14:45,177 [Worker-22: Building workspace] INFO  o.a.m.s.f.DefaultMavenResourcesFiltering - Copying 0 resource from src\main\resources to target\classes
2025-12-02 15:14:45,181 [Worker-22: Building workspace] INFO  o.a.m.s.f.DefaultMavenResourcesFiltering - skip non existing resourceDirectory C:\Users\archit.jain\OneDrive - HCL TECHNOLOGIES LIMITED\Documents\GuviProject\user5\src\test\resources
2025-12-02 15:15:00,813 [Worker-22: Building workspace] INFO  o.a.m.s.f.DefaultMavenResourcesFiltering - Copying 1 resource from src\main\resources to target\classes
2025-12-02 15:15:00,830 [Worker-22: Building workspace] INFO  o.a.m.s.f.DefaultMavenResourcesFiltering - Copying 0 resource from src\main\resources to target\classes
2025-12-02 15:15:00,832 [Worker-22: Building workspace] INFO  o.a.m.s.f.DefaultMavenResourcesFiltering - skip non existing resourceDirectory C:\Users\archit.jain\OneDrive - HCL TECHNOLOGIES LIMITED\Documents\GuviProject\eventmanagement\src\test\resources
2025-12-02 15:26:35,640 [Worker-18: Launching EventmanagementApplication] INFO  o.a.m.s.f.DefaultMavenResourcesFiltering - Copying 1 resource from src\main\resources to target\classes
2025-12-02 15:26:35,655 [Worker-18: Launching EventmanagementApplication] INFO  o.a.m.s.f.DefaultMavenResourcesFiltering - Copying 0 resource from src\main\resources to target\classes
2025-12-02 15:26:35,657 [Worker-18: Launching EventmanagementApplication] INFO  o.a.m.s.f.DefaultMavenResourcesFiltering - skip non existing resourceDirectory C:\Users\archit.jain\OneDrive - HCL TECHNOLOGIES LIMITED\Documents\GuviProject\eventmanagement\src\test\resources
2025-12-02 16:01:23,579 [Worker-25: Building workspace] INFO  o.a.m.s.f.DefaultMavenResourcesFiltering - Copying 1 resource from src\main\resources to target\classes
2025-12-02 16:01:23,591 [Worker-25: Building workspace] INFO  o.a.m.s.f.DefaultMavenResourcesFiltering - Copying 0 resource from src\main\resources to target\classes
2025-12-02 16:01:23,592 [Worker-25: Building workspace] INFO  o.a.m.s.f.DefaultMavenResourcesFiltering - skip non existing resourceDirectory C:\Users\archit.jain\OneDrive - HCL TECHNOLOGIES LIMITED\Documents\GuviProject\user5\src\test\resources
2025-12-02 18:39:28,740 [Worker-20: Building workspace] INFO  o.a.m.s.f.DefaultMavenResourcesFiltering - Copying 1 resource from src\main\resources to target\classes
2025-12-02 18:39:28,758 [Worker-20: Building workspace] INFO  o.a.m.s.f.DefaultMavenResourcesFiltering - Copying 0 resource from src\main\resources to target\classes
2025-12-02 18:39:28,761 [Worker-20: Building workspace] INFO  o.a.m.s.f.DefaultMavenResourcesFiltering - skip non existing resourceDirectory C:\Users\archit.jain\OneDrive - HCL TECHNOLOGIES LIMITED\Documents\GuviProject\user5\src\test\resources
2025-12-02 18:39:35,723 [Worker-20: Building workspace] INFO  o.a.m.s.f.DefaultMavenResourcesFiltering - Copying 1 resource from src\main\resources to target\classes
2025-12-02 18:39:35,775 [Worker-20: Building workspace] INFO  o.a.m.s.f.DefaultMavenResourcesFiltering - Copying 0 resource from src\main\resources to target\classes
2025-12-02 18:39:35,780 [Worker-20: Building workspace] INFO  o.a.m.s.f.DefaultMavenResourcesFiltering - skip non existing resourceDirectory C:\Users\archit.jain\OneDrive - HCL TECHNOLOGIES LIMITED\Documents\GuviProject\user5\src\test\resources
2025-12-02 18:40:15,102 [Worker-29: Building workspace] INFO  o.a.m.s.f.DefaultMavenResourcesFiltering - Copying 1 resource from src\main\resources to target\classes
2025-12-02 18:40:15,129 [Worker-29: Building workspace] INFO  o.a.m.s.f.DefaultMavenResourcesFiltering - Copying 0 resource from src\main\resources to target\classes
2025-12-02 18:40:15,170 [Worker-29: Building workspace] INFO  o.a.m.s.f.DefaultMavenResourcesFiltering - skip non existing resourceDirectory C:\Users\archit.jain\OneDrive - HCL TECHNOLOGIES LIMITED\Documents\GuviProject\user5\src\test\resources
2025-12-02 19:17:42,448 [Worker-32: Building workspace] INFO  o.a.m.s.f.DefaultMavenResourcesFiltering - Copying 1 resource from src\main\resources to target\classes
2025-12-02 19:17:42,467 [Worker-32: Building workspace] INFO  o.a.m.s.f.DefaultMavenResourcesFiltering - Copying 0 resource from src\main\resources to target\classes
2025-12-02 19:17:42,470 [Worker-32: Building workspace] INFO  o.a.m.s.f.DefaultMavenResourcesFiltering - skip non existing resourceDirectory C:\Users\archit.jain\OneDrive - HCL TECHNOLOGIES LIMITED\Documents\GuviProject\user5\src\test\resources
2025-12-02 19:32:55,423 [Worker-32: Building workspace] INFO  o.a.m.s.f.DefaultMavenResourcesFiltering - Copying 1 resource from src\main\resources to target\classes
2025-12-02 19:32:55,502 [Worker-32: Building workspace] INFO  o.a.m.s.f.DefaultMavenResourcesFiltering - Copying 0 resource from src\main\resources to target\classes
2025-12-02 19:32:55,504 [Worker-32: Building workspace] INFO  o.a.m.s.f.DefaultMavenResourcesFiltering - skip non existing resourceDirectory C:\Users\archit.jain\OneDrive - HCL TECHNOLOGIES LIMITED\Documents\GuviProject\user5\src\test\resources
2025-12-03 16:09:34,961 [Worker-22: Building workspace] INFO  o.a.m.s.f.DefaultMavenResourcesFiltering - Copying 1 resource from src\main\resources to target\classes
2025-12-03 16:09:35,024 [Worker-22: Building workspace] INFO  o.a.m.s.f.DefaultMavenResourcesFiltering - Copying 0 resource from src\main\resources to target\classes
2025-12-03 16:09:35,026 [Worker-22: Building workspace] INFO  o.a.m.s.f.DefaultMavenResourcesFiltering - skip non existing resourceDirectory C:\Users\archit.jain\OneDrive - HCL TECHNOLOGIES LIMITED\Documents\GuviProject\eventmanagement\src\test\resources
2025-12-03 16:37:19,275 [Worker-40: Building workspace] INFO  o.a.m.s.f.DefaultMavenResourcesFiltering - Copying 1 resource from src\main\resources to target\classes
2025-12-03 16:37:19,297 [Worker-40: Building workspace] INFO  o.a.m.s.f.DefaultMavenResourcesFiltering - Copying 0 resource from src\main\resources to target\classes
2025-12-03 16:37:19,300 [Worker-40: Building workspace] INFO  o.a.m.s.f.DefaultMavenResourcesFiltering - skip non existing resourceDirectory C:\Users\archit.jain\OneDrive - HCL TECHNOLOGIES LIMITED\Documents\GuviProject\user5\src\test\resources
2025-12-03 17:09:01,299 [Worker-41: Building workspace] INFO  o.a.m.s.f.DefaultMavenResourcesFiltering - Copying 1 resource from src\main\resources to target\classes
2025-12-03 17:09:01,306 [Worker-41: Building workspace] INFO  o.a.m.s.f.DefaultMavenResourcesFiltering - Copying 0 resource from src\main\resources to target\classes
2025-12-03 17:09:01,308 [Worker-41: Building workspace] INFO  o.a.m.s.f.DefaultMavenResourcesFiltering - skip non existing resourceDirectory C:\Users\archit.jain\OneDrive - HCL TECHNOLOGIES LIMITED\Documents\GuviProject\user5\src\test\resources
2025-12-03 17:09:37,615 [Worker-44: Building workspace] INFO  o.a.m.s.f.DefaultMavenResourcesFiltering - Copying 1 resource from src\main\resources to target\classes
2025-12-03 17:09:37,623 [Worker-44: Building workspace] INFO  o.a.m.s.f.DefaultMavenResourcesFiltering - Copying 0 resource from src\main\resources to target\classes
2025-12-03 17:09:37,625 [Worker-44: Building workspace] INFO  o.a.m.s.f.DefaultMavenResourcesFiltering - skip non existing resourceDirectory C:\Users\archit.jain\OneDrive - HCL TECHNOLOGIES LIMITED\Documents\GuviProject\eventmanagement\src\test\resources
2025-12-03 17:10:01,648 [Worker-39: Building workspace] INFO  o.a.m.s.f.DefaultMavenResourcesFiltering - Copying 1 resource from src\main\resources to target\classes
2025-12-03 17:10:01,654 [Worker-39: Building workspace] INFO  o.a.m.s.f.DefaultMavenResourcesFiltering - Copying 0 resource from src\main\resources to target\classes
2025-12-03 17:10:01,656 [Worker-39: Building workspace] INFO  o.a.m.s.f.DefaultMavenResourcesFiltering - skip non existing resourceDirectory C:\Users\archit.jain\OneDrive - HCL TECHNOLOGIES LIMITED\Documents\GuviProject\eventmanagement\src\test\resources
2025-12-03 17:11:09,243 [Worker-40: Building workspace] INFO  o.a.m.s.f.DefaultMavenResourcesFiltering - Copying 1 resource from src\main\resources to target\classes
2025-12-03 17:11:09,250 [Worker-40: Building workspace] INFO  o.a.m.s.f.DefaultMavenResourcesFiltering - Copying 0 resource from src\main\resources to target\classes
2025-12-03 17:11:09,254 [Worker-40: Building workspace] INFO  o.a.m.s.f.DefaultMavenResourcesFiltering - skip non existing resourceDirectory C:\Users\archit.jain\OneDrive - HCL TECHNOLOGIES LIMITED\Documents\GuviProject\user5\src\test\resources
2025-12-03 17:13:16,171 [Worker-43: Building workspace] INFO  o.a.m.s.f.DefaultMavenResourcesFiltering - Copying 1 resource from src\main\resources to target\classes
2025-12-03 17:13:16,206 [Worker-43: Building workspace] INFO  o.a.m.s.f.DefaultMavenResourcesFiltering - Copying 0 resource from src\main\resources to target\classes
2025-12-03 17:13:16,208 [Worker-43: Building workspace] INFO  o.a.m.s.f.DefaultMavenResourcesFiltering - skip non existing resourceDirectory C:\Users\archit.jain\OneDrive - HCL TECHNOLOGIES LIMITED\Documents\GuviProject\user5\src\test\resources
2025-12-03 17:13:53,700 [Worker-41: Building workspace] INFO  o.a.m.s.f.DefaultMavenResourcesFiltering - Copying 1 resource from src\main\resources to target\classes
2025-12-03 17:13:53,707 [Worker-41: Building workspace] INFO  o.a.m.s.f.DefaultMavenResourcesFiltering - Copying 0 resource from src\main\resources to target\classes
2025-12-03 17:13:53,708 [Worker-41: Building workspace] INFO  o.a.m.s.f.DefaultMavenResourcesFiltering - skip non existing resourceDirectory C:\Users\archit.jain\OneDrive - HCL TECHNOLOGIES LIMITED\Documents\GuviProject\user5\src\test\resources
2025-12-03 17:14:11,521 [Worker-38: Building workspace] INFO  o.a.m.s.f.DefaultMavenResourcesFiltering - Copying 1 resource from src\main\resources to target\classes
2025-12-03 17:14:11,531 [Worker-38: Building workspace] INFO  o.a.m.s.f.DefaultMavenResourcesFiltering - Copying 0 resource from src\main\resources to target\classes
2025-12-03 17:14:11,533 [Worker-38: Building workspace] INFO  o.a.m.s.f.DefaultMavenResourcesFiltering - skip non existing resourceDirectory C:\Users\archit.jain\OneDrive - HCL TECHNOLOGIES LIMITED\Documents\GuviProject\eventmanagement\src\test\resources
2025-12-03 17:14:21,105 [Worker-44: Building workspace] INFO  o.a.m.s.f.DefaultMavenResourcesFiltering - Copying 1 resource from src\main\resources to target\classes
2025-12-03 17:14:21,111 [Worker-44: Building workspace] INFO  o.a.m.s.f.DefaultMavenResourcesFiltering - Copying 0 resource from src\main\resources to target\classes
2025-12-03 17:14:21,113 [Worker-44: Building workspace] INFO  o.a.m.s.f.DefaultMavenResourcesFiltering - skip non existing resourceDirectory C:\Users\archit.jain\OneDrive - HCL TECHNOLOGIES LIMITED\Documents\GuviProject\eventmanagement\src\test\resources
2025-12-03 17:14:27,431 [Worker-39: Building workspace] INFO  o.a.m.s.f.DefaultMavenResourcesFiltering - Copying 1 resource from src\main\resources to target\classes
2025-12-03 17:14:27,459 [Worker-39: Building workspace] INFO  o.a.m.s.f.DefaultMavenResourcesFiltering - Copying 0 resource from src\main\resources to target\classes
2025-12-03 17:14:27,461 [Worker-39: Building workspace] INFO  o.a.m.s.f.DefaultMavenResourcesFiltering - skip non existing resourceDirectory C:\Users\archit.jain\OneDrive - HCL TECHNOLOGIES LIMITED\Documents\GuviProject\eventmanagement\src\test\resources
2025-12-03 17:14:34,430 [Worker-43: Building workspace] INFO  o.a.m.s.f.DefaultMavenResourcesFiltering - Copying 1 resource from src\main\resources to target\classes
2025-12-03 17:14:34,468 [Worker-43: Building workspace] INFO  o.a.m.s.f.DefaultMavenResourcesFiltering - Copying 0 resource from src\main\resources to target\classes
2025-12-03 17:14:34,470 [Worker-43: Building workspace] INFO  o.a.m.s.f.DefaultMavenResourcesFiltering - skip non existing resourceDirectory C:\Users\archit.jain\OneDrive - HCL TECHNOLOGIES LIMITED\Documents\GuviProject\eventmanagement\src\test\resources
2025-12-03 17:15:12,944 [Worker-40: Building workspace] INFO  o.a.m.s.f.DefaultMavenResourcesFiltering - Copying 1 resource from src\main\resources to target\classes
2025-12-03 17:15:12,954 [Worker-40: Building workspace] INFO  o.a.m.s.f.DefaultMavenResourcesFiltering - Copying 0 resource from src\main\resources to target\classes
2025-12-03 17:15:12,956 [Worker-40: Building workspace] INFO  o.a.m.s.f.DefaultMavenResourcesFiltering - skip non existing resourceDirectory C:\Users\archit.jain\OneDrive - HCL TECHNOLOGIES LIMITED\Documents\GuviProject\eventmanagement\src\test\resources
2025-12-03 17:23:25,765 [Worker-43: Building workspace] INFO  o.a.m.s.f.DefaultMavenResourcesFiltering - Copying 1 resource from src\main\resources to target\classes
2025-12-03 17:23:25,772 [Worker-43: Building workspace] INFO  o.a.m.s.f.DefaultMavenResourcesFiltering - Copying 0 resource from src\main\resources to target\classes
2025-12-03 17:23:25,774 [Worker-43: Building workspace] INFO  o.a.m.s.f.DefaultMavenResourcesFiltering - skip non existing resourceDirectory C:\Users\archit.jain\OneDrive - HCL TECHNOLOGIES LIMITED\Documents\GuviProject\user5\src\test\resources
2025-12-03 17:24:27,652 [Worker-46: Building workspace] INFO  o.a.m.s.f.DefaultMavenResourcesFiltering - Copying 1 resource from src\main\resources to target\classes
2025-12-03 17:24:27,672 [Worker-46: Building workspace] INFO  o.a.m.s.f.DefaultMavenResourcesFiltering - Copying 0 resource from src\main\resources to target\classes
2025-12-03 17:24:27,674 [Worker-46: Building workspace] INFO  o.a.m.s.f.DefaultMavenResourcesFiltering - skip non existing resourceDirectory C:\Users\archit.jain\OneDrive - HCL TECHNOLOGIES LIMITED\Documents\GuviProject\user5\src\test\resources
2025-12-03 17:31:38,596 [Worker-41: Building workspace] INFO  o.a.m.s.f.DefaultMavenResourcesFiltering - Copying 1 resource from src\main\resources to target\classes
2025-12-03 17:31:38,605 [Worker-41: Building workspace] INFO  o.a.m.s.f.DefaultMavenResourcesFiltering - Copying 0 resource from src\main\resources to target\classes
2025-12-03 17:31:38,607 [Worker-41: Building workspace] INFO  o.a.m.s.f.DefaultMavenResourcesFiltering - skip non existing resourceDirectory C:\Users\archit.jain\OneDrive - HCL TECHNOLOGIES LIMITED\Documents\GuviProject\eventmanagement\src\test\resources
2025-12-03 17:33:28,955 [Worker-41: Building workspace] INFO  o.a.m.s.f.DefaultMavenResourcesFiltering - Copying 1 resource from src\main\resources to target\classes
2025-12-03 17:33:28,962 [Worker-41: Building workspace] INFO  o.a.m.s.f.DefaultMavenResourcesFiltering - Copying 0 resource from src\main\resources to target\classes
2025-12-03 17:33:28,964 [Worker-41: Building workspace] INFO  o.a.m.s.f.DefaultMavenResourcesFiltering - skip non existing resourceDirectory C:\Users\archit.jain\OneDrive - HCL TECHNOLOGIES LIMITED\Documents\GuviProject\eventmanagement\src\test\resources
2025-12-03 17:34:41,836 [Worker-43: Building workspace] INFO  o.a.m.s.f.DefaultMavenResourcesFiltering - Copying 1 resource from src\main\resources to target\classes
2025-12-03 17:34:41,849 [Worker-43: Building workspace] INFO  o.a.m.s.f.DefaultMavenResourcesFiltering - Copying 0 resource from src\main\resources to target\classes
2025-12-03 17:34:41,851 [Worker-43: Building workspace] INFO  o.a.m.s.f.DefaultMavenResourcesFiltering - skip non existing resourceDirectory C:\Users\archit.jain\OneDrive - HCL TECHNOLOGIES LIMITED\Documents\GuviProject\eventmanagement\src\test\resources
2025-12-03 17:38:17,111 [Worker-39: Building workspace] INFO  o.a.m.s.f.DefaultMavenResourcesFiltering - Copying 1 resource from src\main\resources to target\classes
2025-12-03 17:38:17,120 [Worker-39: Building workspace] INFO  o.a.m.s.f.DefaultMavenResourcesFiltering - Copying 0 resource from src\main\resources to target\classes
2025-12-03 17:38:17,122 [Worker-39: Building workspace] INFO  o.a.m.s.f.DefaultMavenResourcesFiltering - skip non existing resourceDirectory C:\Users\archit.jain\OneDrive - HCL TECHNOLOGIES LIMITED\Documents\GuviProject\eventmanagement\src\test\resources
2025-12-03 17:57:26,540 [Worker-35: Building workspace] INFO  o.a.m.s.f.DefaultMavenResourcesFiltering - Copying 1 resource from src\main\resources to target\classes
2025-12-03 17:57:26,579 [Worker-35: Building workspace] INFO  o.a.m.s.f.DefaultMavenResourcesFiltering - Copying 0 resource from src\main\resources to target\classes
2025-12-03 17:57:26,580 [Worker-35: Building workspace] INFO  o.a.m.s.f.DefaultMavenResourcesFiltering - skip non existing resourceDirectory C:\Users\archit.jain\OneDrive - HCL TECHNOLOGIES LIMITED\Documents\GuviProject\user5\src\test\resources
2025-12-03 18:03:16,267 [Worker-49: Building workspace] INFO  o.a.m.s.f.DefaultMavenResourcesFiltering - Copying 1 resource from src\main\resources to target\classes
2025-12-03 18:03:16,278 [Worker-49: Building workspace] INFO  o.a.m.s.f.DefaultMavenResourcesFiltering - Copying 0 resource from src\main\resources to target\classes
2025-12-03 18:03:16,280 [Worker-49: Building workspace] INFO  o.a.m.s.f.DefaultMavenResourcesFiltering - skip non existing resourceDirectory C:\Users\archit.jain\OneDrive - HCL TECHNOLOGIES LIMITED\Documents\GuviProject\eventmanagement\src\test\resources
2025-12-03 18:06:00,414 [Worker-48: Building workspace] INFO  o.a.m.s.f.DefaultMavenResourcesFiltering - Copying 1 resource from src\main\resources to target\classes
2025-12-03 18:06:00,423 [Worker-48: Building workspace] INFO  o.a.m.s.f.DefaultMavenResourcesFiltering - Copying 0 resource from src\main\resources to target\classes
2025-12-03 18:06:00,425 [Worker-48: Building workspace] INFO  o.a.m.s.f.DefaultMavenResourcesFiltering - skip non existing resourceDirectory C:\Users\archit.jain\OneDrive - HCL TECHNOLOGIES LIMITED\Documents\GuviProject\eventmanagement\src\test\resources
2025-12-03 19:46:30,696 [Worker-49: Building workspace] INFO  o.a.m.s.f.DefaultMavenResourcesFiltering - Copying 1 resource from src\main\resources to target\classes
2025-12-03 19:46:30,751 [Worker-49: Building workspace] INFO  o.a.m.s.f.DefaultMavenResourcesFiltering - Copying 0 resource from src\main\resources to target\classes
2025-12-03 19:46:30,753 [Worker-49: Building workspace] INFO  o.a.m.s.f.DefaultMavenResourcesFiltering - skip non existing resourceDirectory C:\Users\archit.jain\OneDrive - HCL TECHNOLOGIES LIMITED\Documents\GuviProject\user5\src\test\resources
2025-12-03 19:50:42,479 [Worker-41: Building workspace] INFO  o.a.m.s.f.DefaultMavenResourcesFiltering - Copying 1 resource from src\main\resources to target\classes
2025-12-03 19:50:42,555 [Worker-41: Building workspace] INFO  o.a.m.s.f.DefaultMavenResourcesFiltering - Copying 0 resource from src\main\resources to target\classes
2025-12-03 19:50:42,557 [Worker-41: Building workspace] INFO  o.a.m.s.f.DefaultMavenResourcesFiltering - skip non existing resourceDirectory C:\Users\archit.jain\OneDrive - HCL TECHNOLOGIES LIMITED\Documents\GuviProject\user5\src\test\resources
2025-12-03 19:52:23,973 [Worker-55: Building workspace] INFO  o.a.m.s.f.DefaultMavenResourcesFiltering - Copying 1 resource from src\main\resources to target\classes
2025-12-03 19:52:23,986 [Worker-55: Building workspace] INFO  o.a.m.s.f.DefaultMavenResourcesFiltering - Copying 0 resource from src\main\resources to target\classes
2025-12-03 19:52:23,988 [Worker-55: Building workspace] INFO  o.a.m.s.f.DefaultMavenResourcesFiltering - skip non existing resourceDirectory C:\Users\archit.jain\OneDrive - HCL TECHNOLOGIES LIMITED\Documents\GuviProject\eventmanagement\src\test\resources
2025-12-03 20:00:05,828 [Worker-41: Building workspace] INFO  o.a.m.s.f.DefaultMavenResourcesFiltering - Copying 1 resource from src\main\resources to target\classes
2025-12-03 20:00:05,852 [Worker-41: Building workspace] INFO  o.a.m.s.f.DefaultMavenResourcesFiltering - Copying 0 resource from src\main\resources to target\classes
2025-12-03 20:00:05,855 [Worker-41: Building workspace] INFO  o.a.m.s.f.DefaultMavenResourcesFiltering - skip non existing resourceDirectory C:\Users\archit.jain\OneDrive - HCL TECHNOLOGIES LIMITED\Documents\GuviProject\user5\src\test\resources
2025-12-03 21:01:08,292 [Worker-60: Building workspace] INFO  o.a.m.s.f.DefaultMavenResourcesFiltering - Copying 1 resource from src\main\resources to target\classes
2025-12-03 21:01:08,308 [Worker-60: Building workspace] INFO  o.a.m.s.f.DefaultMavenResourcesFiltering - Copying 0 resource from src\main\resources to target\classes
2025-12-03 21:01:08,311 [Worker-60: Building workspace] INFO  o.a.m.s.f.DefaultMavenResourcesFiltering - skip non existing resourceDirectory C:\Users\archit.jain\OneDrive - HCL TECHNOLOGIES LIMITED\Documents\GuviProject\eventmanagement\src\test\resources
2025-12-03 21:01:24,511 [Worker-58: Building workspace] INFO  o.a.m.s.f.DefaultMavenResourcesFiltering - Copying 1 resource from src\main\resources to target\classes
2025-12-03 21:01:24,551 [Worker-58: Building workspace] INFO  o.a.m.s.f.DefaultMavenResourcesFiltering - Copying 0 resource from src\main\resources to target\classes
2025-12-03 21:01:24,553 [Worker-58: Building workspace] INFO  o.a.m.s.f.DefaultMavenResourcesFiltering - skip non existing resourceDirectory C:\Users\archit.jain\OneDrive - HCL TECHNOLOGIES LIMITED\Documents\GuviProject\eventmanagement\src\test\resources
2025-12-03 21:02:21,089 [Worker-58: Building workspace] INFO  o.a.m.s.f.DefaultMavenResourcesFiltering - Copying 1 resource from src\main\resources to target\classes
2025-12-03 21:02:21,100 [Worker-58: Building workspace] INFO  o.a.m.s.f.DefaultMavenResourcesFiltering - Copying 0 resource from src\main\resources to target\classes
2025-12-03 21:02:21,102 [Worker-58: Building workspace] INFO  o.a.m.s.f.DefaultMavenResourcesFiltering - skip non existing resourceDirectory C:\Users\archit.jain\OneDrive - HCL TECHNOLOGIES LIMITED\Documents\GuviProject\eventmanagement\src\test\resources
2025-12-03 21:02:39,548 [Worker-62: Building workspace] INFO  o.a.m.s.f.DefaultMavenResourcesFiltering - Copying 1 resource from src\main\resources to target\classes
2025-12-03 21:02:39,559 [Worker-62: Building workspace] INFO  o.a.m.s.f.DefaultMavenResourcesFiltering - Copying 0 resource from src\main\resources to target\classes
2025-12-03 21:02:39,562 [Worker-62: Building workspace] INFO  o.a.m.s.f.DefaultMavenResourcesFiltering - skip non existing resourceDirectory C:\Users\archit.jain\OneDrive - HCL TECHNOLOGIES LIMITED\Documents\GuviProject\eventmanagement\src\test\resources
2025-12-03 21:04:54,560 [Worker-63: Building workspace] INFO  o.a.m.s.f.DefaultMavenResourcesFiltering - Copying 1 resource from src\main\resources to target\classes
2025-12-03 21:04:54,575 [Worker-63: Building workspace] INFO  o.a.m.s.f.DefaultMavenResourcesFiltering - Copying 0 resource from src\main\resources to target\classes
2025-12-03 21:04:54,577 [Worker-63: Building workspace] INFO  o.a.m.s.f.DefaultMavenResourcesFiltering - skip non existing resourceDirectory C:\Users\archit.jain\OneDrive - HCL TECHNOLOGIES LIMITED\Documents\GuviProject\user5\src\test\resources
2025-12-03 21:06:20,505 [Worker-60: Building workspace] INFO  o.a.m.s.f.DefaultMavenResourcesFiltering - Copying 1 resource from src\main\resources to target\classes
2025-12-03 21:06:20,517 [Worker-60: Building workspace] INFO  o.a.m.s.f.DefaultMavenResourcesFiltering - Copying 0 resource from src\main\resources to target\classes
2025-12-03 21:06:20,520 [Worker-60: Building workspace] INFO  o.a.m.s.f.DefaultMavenResourcesFiltering - skip non existing resourceDirectory C:\Users\archit.jain\OneDrive - HCL TECHNOLOGIES LIMITED\Documents\GuviProject\user5\src\test\resources
2025-12-03 21:07:54,141 [Worker-60: Building workspace] INFO  o.a.m.s.f.DefaultMavenResourcesFiltering - Copying 1 resource from src\main\resources to target\classes
2025-12-03 21:07:54,158 [Worker-60: Building workspace] INFO  o.a.m.s.f.DefaultMavenResourcesFiltering - Copying 0 resource from src\main\resources to target\classes
2025-12-03 21:07:54,160 [Worker-60: Building workspace] INFO  o.a.m.s.f.DefaultMavenResourcesFiltering - skip non existing resourceDirectory C:\Users\archit.jain\OneDrive - HCL TECHNOLOGIES LIMITED\Documents\GuviProject\eventmanagement\src\test\resources
2025-12-03 21:15:35,207 [Worker-65: Building workspace] INFO  o.a.m.s.f.DefaultMavenResourcesFiltering - Copying 1 resource from src\main\resources to target\classes
2025-12-03 21:15:35,224 [Worker-65: Building workspace] INFO  o.a.m.s.f.DefaultMavenResourcesFiltering - Copying 0 resource from src\main\resources to target\classes
2025-12-03 21:15:35,227 [Worker-65: Building workspace] INFO  o.a.m.s.f.DefaultMavenResourcesFiltering - skip non existing resourceDirectory C:\Users\archit.jain\OneDrive - HCL TECHNOLOGIES LIMITED\Documents\GuviProject\eventmanagement\src\test\resources
2025-12-03 21:23:18,921 [Worker-70: Building workspace] INFO  o.a.m.s.f.DefaultMavenResourcesFiltering - Copying 1 resource from src\main\resources to target\classes
2025-12-03 21:23:18,934 [Worker-70: Building workspace] INFO  o.a.m.s.f.DefaultMavenResourcesFiltering - Copying 0 resource from src\main\resources to target\classes
2025-12-03 21:23:18,936 [Worker-70: Building workspace] INFO  o.a.m.s.f.DefaultMavenResourcesFiltering - skip non existing resourceDirectory C:\Users\archit.jain\OneDrive - HCL TECHNOLOGIES LIMITED\Documents\GuviProject\eventmanagement\src\test\resources
2025-12-03 21:24:04,082 [Worker-69: Building workspace] INFO  o.a.m.s.f.DefaultMavenResourcesFiltering - Copying 1 resource from src\main\resources to target\classes
2025-12-03 21:24:04,097 [Worker-69: Building workspace] INFO  o.a.m.s.f.DefaultMavenResourcesFiltering - Copying 0 resource from src\main\resources to target\classes
2025-12-03 21:24:04,100 [Worker-69: Building workspace] INFO  o.a.m.s.f.DefaultMavenResourcesFiltering - skip non existing resourceDirectory C:\Users\archit.jain\OneDrive - HCL TECHNOLOGIES LIMITED\Documents\GuviProject\eventmanagement\src\test\resources
2025-12-03 21:29:43,847 [Worker-69: Building workspace] INFO  o.a.m.s.f.DefaultMavenResourcesFiltering - Copying 1 resource from src\main\resources to target\classes
2025-12-03 21:29:43,869 [Worker-69: Building workspace] INFO  o.a.m.s.f.DefaultMavenResourcesFiltering - Copying 0 resource from src\main\resources to target\classes
2025-12-03 21:29:43,873 [Worker-69: Building workspace] INFO  o.a.m.s.f.DefaultMavenResourcesFiltering - skip non existing resourceDirectory C:\Users\archit.jain\OneDrive - HCL TECHNOLOGIES LIMITED\Documents\GuviProject\eventmanagement\src\test\resources
2025-12-03 21:37:21,996 [Worker-71: Building workspace] INFO  o.a.m.s.f.DefaultMavenResourcesFiltering - Copying 1 resource from src\main\resources to target\classes
2025-12-03 21:37:22,014 [Worker-71: Building workspace] INFO  o.a.m.s.f.DefaultMavenResourcesFiltering - Copying 0 resource from src\main\resources to target\classes
2025-12-03 21:37:22,018 [Worker-71: Building workspace] INFO  o.a.m.s.f.DefaultMavenResourcesFiltering - skip non existing resourceDirectory C:\Users\archit.jain\OneDrive - HCL TECHNOLOGIES LIMITED\Documents\GuviProject\user5\src\test\resources
2025-12-03 21:40:04,456 [Worker-70: Building workspace] INFO  o.a.m.s.f.DefaultMavenResourcesFiltering - Copying 1 resource from src\main\resources to target\classes
2025-12-03 21:40:04,474 [Worker-70: Building workspace] INFO  o.a.m.s.f.DefaultMavenResourcesFiltering - Copying 0 resource from src\main\resources to target\classes
2025-12-03 21:40:04,477 [Worker-70: Building workspace] INFO  o.a.m.s.f.DefaultMavenResourcesFiltering - skip non existing resourceDirectory C:\Users\archit.jain\OneDrive - HCL TECHNOLOGIES LIMITED\Documents\GuviProject\eventmanagement\src\test\resources
2025-12-03 21:40:13,436 [Worker-60: Building workspace] INFO  o.a.m.s.f.DefaultMavenResourcesFiltering - Copying 1 resource from src\main\resources to target\classes
2025-12-03 21:40:13,445 [Worker-60: Building workspace] INFO  o.a.m.s.f.DefaultMavenResourcesFiltering - Copying 0 resource from src\main\resources to target\classes
2025-12-03 21:40:13,446 [Worker-60: Building workspace] INFO  o.a.m.s.f.DefaultMavenResourcesFiltering - skip non existing resourceDirectory C:\Users\archit.jain\OneDrive - HCL TECHNOLOGIES LIMITED\Documents\GuviProject\user5\src\test\resources
2025-12-03 21:41:17,549 [Worker-71: Building workspace] INFO  o.a.m.s.f.DefaultMavenResourcesFiltering - Copying 0 resource from src\main\resources to target\classes
2025-12-03 21:41:17,550 [Worker-71: Building workspace] INFO  o.a.m.s.f.DefaultMavenResourcesFiltering - Copying 0 resource from src\main\resources to target\classes
2025-12-03 21:41:17,556 [Worker-71: Building workspace] INFO  o.a.m.s.f.DefaultMavenResourcesFiltering - skip non existing resourceDirectory C:\Users\archit.jain\OneDrive - HCL TECHNOLOGIES LIMITED\Documents\GuviProject\user5\src\test\resources
2025-12-03 21:52:08,896 [Worker-74: Building workspace] INFO  o.a.m.s.f.DefaultMavenResourcesFiltering - Copying 1 resource from src\main\resources to target\classes
2025-12-03 21:52:08,906 [Worker-74: Building workspace] INFO  o.a.m.s.f.DefaultMavenResourcesFiltering - Copying 0 resource from src\main\resources to target\classes
2025-12-03 21:52:08,908 [Worker-74: Building workspace] INFO  o.a.m.s.f.DefaultMavenResourcesFiltering - skip non existing resourceDirectory C:\Users\archit.jain\OneDrive - HCL TECHNOLOGIES LIMITED\Documents\GuviProject\user5\src\test\resources
2025-12-03 22:03:11,950 [Worker-60: Building workspace] INFO  o.a.m.s.f.DefaultMavenResourcesFiltering - Copying 1 resource from src\main\resources to target\classes
2025-12-03 22:03:11,985 [Worker-60: Building workspace] INFO  o.a.m.s.f.DefaultMavenResourcesFiltering - Copying 0 resource from src\main\resources to target\classes
2025-12-03 22:03:11,987 [Worker-60: Building workspace] INFO  o.a.m.s.f.DefaultMavenResourcesFiltering - skip non existing resourceDirectory C:\Users\archit.jain\OneDrive - HCL TECHNOLOGIES LIMITED\Documents\GuviProject\user5\src\test\resources
2025-12-03 22:03:27,879 [Worker-76: Building workspace] INFO  o.a.m.s.f.DefaultMavenResourcesFiltering - Copying 1 resource from src\main\resources to target\classes
2025-12-03 22:03:27,897 [Worker-76: Building workspace] INFO  o.a.m.s.f.DefaultMavenResourcesFiltering - Copying 0 resource from src\main\resources to target\classes
2025-12-03 22:03:27,899 [Worker-76: Building workspace] INFO  o.a.m.s.f.DefaultMavenResourcesFiltering - skip non existing resourceDirectory C:\Users\archit.jain\OneDrive - HCL TECHNOLOGIES LIMITED\Documents\GuviProject\user5\src\test\resources
2025-12-03 22:05:31,618 [Worker-74: Building workspace] INFO  o.a.m.s.f.DefaultMavenResourcesFiltering - Copying 1 resource from src\main\resources to target\classes
2025-12-03 22:05:31,641 [Worker-74: Building workspace] INFO  o.a.m.s.f.DefaultMavenResourcesFiltering - Copying 0 resource from src\main\resources to target\classes
2025-12-03 22:05:31,643 [Worker-74: Building workspace] INFO  o.a.m.s.f.DefaultMavenResourcesFiltering - skip non existing resourceDirectory C:\Users\archit.jain\OneDrive - HCL TECHNOLOGIES LIMITED\Documents\GuviProject\user5\src\test\resources
2025-12-03 22:10:00,751 [Worker-77: Building workspace] INFO  o.a.m.s.f.DefaultMavenResourcesFiltering - Copying 1 resource from src\main\resources to target\classes
2025-12-03 22:10:00,767 [Worker-77: Building workspace] INFO  o.a.m.s.f.DefaultMavenResourcesFiltering - Copying 0 resource from src\main\resources to target\classes
2025-12-03 22:10:00,768 [Worker-77: Building workspace] INFO  o.a.m.s.f.DefaultMavenResourcesFiltering - skip non existing resourceDirectory C:\Users\archit.jain\OneDrive - HCL TECHNOLOGIES LIMITED\Documents\GuviProject\eventmanagement\src\test\resources
2025-12-03 22:11:24,306 [Worker-74: Building workspace] INFO  o.a.m.s.f.DefaultMavenResourcesFiltering - Copying 1 resource from src\main\resources to target\classes
2025-12-03 22:11:24,318 [Worker-74: Building workspace] INFO  o.a.m.s.f.DefaultMavenResourcesFiltering - Copying 0 resource from src\main\resources to target\classes
2025-12-03 22:11:24,320 [Worker-74: Building workspace] INFO  o.a.m.s.f.DefaultMavenResourcesFiltering - skip non existing resourceDirectory C:\Users\archit.jain\OneDrive - HCL TECHNOLOGIES LIMITED\Documents\GuviProject\eventmanagement\src\test\resources
2025-12-03 22:13:36,652 [Worker-77: Launching EventmanagementApplication] INFO  o.a.m.s.f.DefaultMavenResourcesFiltering - Copying 1 resource from src\main\resources to target\classes
2025-12-03 22:13:36,659 [Worker-77: Launching EventmanagementApplication] INFO  o.a.m.s.f.DefaultMavenResourcesFiltering - Copying 0 resource from src\main\resources to target\classes
2025-12-03 22:13:36,660 [Worker-77: Launching EventmanagementApplication] INFO  o.a.m.s.f.DefaultMavenResourcesFiltering - skip non existing resourceDirectory C:\Users\archit.jain\OneDrive - HCL TECHNOLOGIES LIMITED\Documents\GuviProject\eventmanagement\src\test\resources
2025-12-05 12:58:09,463 [Worker-1: Loading available Gradle versions] INFO  c.g.t.t.d.PublishedGradleVersions - Gradle version information cache is out-of-date. Trying to update.
2025-12-05 12:58:20,190 [Worker-1: Loading available Gradle versions] INFO  c.g.t.t.d.PublishedGradleVersions - Updating Gradle version information cache failed. Using outdated cache.
2025-12-05 12:58:23,690 [Worker-10: Building workspace] INFO  o.a.m.s.f.DefaultMavenResourcesFiltering - Copying 1 resource from src\main\resources to target\classes
2025-12-05 12:58:23,761 [Worker-10: Building workspace] INFO  o.a.m.s.f.DefaultMavenResourcesFiltering - Copying 0 resource from src\main\resources to target\classes
2025-12-05 12:58:23,765 [Worker-10: Building workspace] INFO  o.a.m.s.f.DefaultMavenResourcesFiltering - skip non existing resourceDirectory C:\Users\archit.jain\OneDrive - HCL TECHNOLOGIES LIMITED\Documents\GuviProject\user5\src\test\resources
2025-12-05 16:49:34,743 [Worker-40: Building workspace] INFO  o.a.m.s.f.DefaultMavenResourcesFiltering - Copying 1 resource from src\main\resources to target\classes
2025-12-05 16:49:34,750 [Worker-40: Building workspace] INFO  o.a.m.s.f.DefaultMavenResourcesFiltering - Copying 0 resource from src\main\resources to target\classes
2025-12-05 16:49:34,752 [Worker-40: Building workspace] INFO  o.a.m.s.f.DefaultMavenResourcesFiltering - skip non existing resourceDirectory C:\Users\archit.jain\OneDrive - HCL TECHNOLOGIES LIMITED\Documents\GuviProject\eventmanagement\src\test\resources
2025-12-05 16:51:19,066 [Worker-23: Building workspace] INFO  o.a.m.s.f.DefaultMavenResourcesFiltering - Copying 1 resource from src\main\resources to target\classes
2025-12-05 16:51:19,077 [Worker-23: Building workspace] INFO  o.a.m.s.f.DefaultMavenResourcesFiltering - Copying 0 resource from src\main\resources to target\classes
2025-12-05 16:51:19,080 [Worker-23: Building workspace] INFO  o.a.m.s.f.DefaultMavenResourcesFiltering - skip non existing resourceDirectory C:\Users\archit.jain\OneDrive - HCL TECHNOLOGIES LIMITED\Documents\GuviProject\eventmanagement\src\test\resources
2025-12-05 16:52:17,652 [Worker-23: Building workspace] INFO  o.a.m.s.f.DefaultMavenResourcesFiltering - Copying 1 resource from src\main\resources to target\classes
2025-12-05 16:52:17,661 [Worker-23: Building workspace] INFO  o.a.m.s.f.DefaultMavenResourcesFiltering - Copying 0 resource from src\main\resources to target\classes
2025-12-05 16:52:17,663 [Worker-23: Building workspace] INFO  o.a.m.s.f.DefaultMavenResourcesFiltering - skip non existing resourceDirectory C:\Users\archit.jain\OneDrive - HCL TECHNOLOGIES LIMITED\Documents\GuviProject\eventmanagement\src\test\resources
2025-12-05 16:55:21,744 [Worker-38: Building workspace] INFO  o.a.m.s.f.DefaultMavenResourcesFiltering - Copying 1 resource from src\main\resources to target\classes
2025-12-05 16:55:21,755 [Worker-38: Building workspace] INFO  o.a.m.s.f.DefaultMavenResourcesFiltering - Copying 0 resource from src\main\resources to target\classes
2025-12-05 16:55:21,757 [Worker-38: Building workspace] INFO  o.a.m.s.f.DefaultMavenResourcesFiltering - skip non existing resourceDirectory C:\Users\archit.jain\OneDrive - HCL TECHNOLOGIES LIMITED\Documents\GuviProject\eventmanagement\src\test\resources
2025-12-05 16:57:01,418 [Worker-40: Building workspace] INFO  o.a.m.s.f.DefaultMavenResourcesFiltering - Copying 1 resource from src\main\resources to target\classes
2025-12-05 16:57:01,425 [Worker-40: Building workspace] INFO  o.a.m.s.f.DefaultMavenResourcesFiltering - Copying 0 resource from src\main\resources to target\classes
2025-12-05 16:57:01,427 [Worker-40: Building workspace] INFO  o.a.m.s.f.DefaultMavenResourcesFiltering - skip non existing resourceDirectory C:\Users\archit.jain\OneDrive - HCL TECHNOLOGIES LIMITED\Documents\GuviProject\eventmanagement\src\test\resources
2025-12-05 16:57:18,128 [Worker-41: Building workspace] INFO  o.a.m.s.f.DefaultMavenResourcesFiltering - Copying 1 resource from src\main\resources to target\classes
2025-12-05 16:57:18,139 [Worker-41: Building workspace] INFO  o.a.m.s.f.DefaultMavenResourcesFiltering - Copying 0 resource from src\main\resources to target\classes
2025-12-05 16:57:18,143 [Worker-41: Building workspace] INFO  o.a.m.s.f.DefaultMavenResourcesFiltering - skip non existing resourceDirectory C:\Users\archit.jain\OneDrive - HCL TECHNOLOGIES LIMITED\Documents\GuviProject\eventmanagement\src\test\resources
2025-12-05 16:58:14,827 [Worker-34: Building workspace] INFO  o.a.m.s.f.DefaultMavenResourcesFiltering - Copying 1 resource from src\main\resources to target\classes
2025-12-05 16:58:14,838 [Worker-34: Building workspace] INFO  o.a.m.s.f.DefaultMavenResourcesFiltering - Copying 0 resource from src\main\resources to target\classes
2025-12-05 16:58:14,840 [Worker-34: Building workspace] INFO  o.a.m.s.f.DefaultMavenResourcesFiltering - skip non existing resourceDirectory C:\Users\archit.jain\OneDrive - HCL TECHNOLOGIES LIMITED\Documents\GuviProject\eventmanagement\src\test\resources
2025-12-05 17:05:50,090 [Worker-34: Building workspace] INFO  o.a.m.s.f.DefaultMavenResourcesFiltering - Copying 1 resource from src\main\resources to target\classes
2025-12-05 17:05:50,097 [Worker-34: Building workspace] INFO  o.a.m.s.f.DefaultMavenResourcesFiltering - Copying 0 resource from src\main\resources to target\classes
2025-12-05 17:05:50,100 [Worker-34: Building workspace] INFO  o.a.m.s.f.DefaultMavenResourcesFiltering - skip non existing resourceDirectory C:\Users\archit.jain\OneDrive - HCL TECHNOLOGIES LIMITED\Documents\GuviProject\eventmanagement\src\test\resources
2025-12-05 17:17:48,473 [Worker-42: Building workspace] INFO  o.a.m.s.f.DefaultMavenResourcesFiltering - Copying 1 resource from src\main\resources to target\classes
2025-12-05 17:17:48,519 [Worker-42: Building workspace] INFO  o.a.m.s.f.DefaultMavenResourcesFiltering - Copying 0 resource from src\main\resources to target\classes
2025-12-05 17:17:48,522 [Worker-42: Building workspace] INFO  o.a.m.s.f.DefaultMavenResourcesFiltering - skip non existing resourceDirectory C:\Users\archit.jain\OneDrive - HCL TECHNOLOGIES LIMITED\Documents\GuviProject\eventmanagement\src\test\resources
2025-12-05 17:18:07,059 [Worker-34: Building workspace] INFO  o.a.m.s.f.DefaultMavenResourcesFiltering - Copying 1 resource from src\main\resources to target\classes
2025-12-05 17:18:07,066 [Worker-34: Building workspace] INFO  o.a.m.s.f.DefaultMavenResourcesFiltering - Copying 0 resource from src\main\resources to target\classes
2025-12-05 17:18:07,068 [Worker-34: Building workspace] INFO  o.a.m.s.f.DefaultMavenResourcesFiltering - skip non existing resourceDirectory C:\Users\archit.jain\OneDrive - HCL TECHNOLOGIES LIMITED\Documents\GuviProject\eventmanagement\src\test\resources
2025-12-05 17:19:31,394 [Worker-34: Building workspace] INFO  o.a.m.s.f.DefaultMavenResourcesFiltering - Copying 1 resource from src\main\resources to target\classes
2025-12-05 17:19:31,401 [Worker-34: Building workspace] INFO  o.a.m.s.f.DefaultMavenResourcesFiltering - Copying 0 resource from src\main\resources to target\classes
2025-12-05 17:19:31,403 [Worker-34: Building workspace] INFO  o.a.m.s.f.DefaultMavenResourcesFiltering - skip non existing resourceDirectory C:\Users\archit.jain\OneDrive - HCL TECHNOLOGIES LIMITED\Documents\GuviProject\eventmanagement\src\test\resources
2025-12-05 17:21:43,482 [Worker-23: Building workspace] INFO  o.a.m.s.f.DefaultMavenResourcesFiltering - Copying 1 resource from src\main\resources to target\classes
2025-12-05 17:21:43,492 [Worker-23: Building workspace] INFO  o.a.m.s.f.DefaultMavenResourcesFiltering - Copying 0 resource from src\main\resources to target\classes
2025-12-05 17:21:43,494 [Worker-23: Building workspace] INFO  o.a.m.s.f.DefaultMavenResourcesFiltering - skip non existing resourceDirectory C:\Users\archit.jain\OneDrive - HCL TECHNOLOGIES LIMITED\Documents\GuviProject\user5\src\test\resources
2025-12-05 17:26:19,683 [Worker-45: Building workspace] INFO  o.a.m.s.f.DefaultMavenResourcesFiltering - Copying 1 resource from src\main\resources to target\classes
2025-12-05 17:26:19,697 [Worker-45: Building workspace] INFO  o.a.m.s.f.DefaultMavenResourcesFiltering - Copying 0 resource from src\main\resources to target\classes
2025-12-05 17:26:19,700 [Worker-45: Building workspace] INFO  o.a.m.s.f.DefaultMavenResourcesFiltering - skip non existing resourceDirectory C:\Users\archit.jain\OneDrive - HCL TECHNOLOGIES LIMITED\Documents\GuviProject\eventmanagement\src\test\resources
2025-12-05 17:26:37,998 [Worker-39: Building workspace] INFO  o.a.m.s.f.DefaultMavenResourcesFiltering - Copying 1 resource from src\main\resources to target\classes
2025-12-05 17:26:38,006 [Worker-39: Building workspace] INFO  o.a.m.s.f.DefaultMavenResourcesFiltering - Copying 0 resource from src\main\resources to target\classes
2025-12-05 17:26:38,008 [Worker-39: Building workspace] INFO  o.a.m.s.f.DefaultMavenResourcesFiltering - skip non existing resourceDirectory C:\Users\archit.jain\OneDrive - HCL TECHNOLOGIES LIMITED\Documents\GuviProject\eventmanagement\src\test\resources
2025-12-05 17:27:14,099 [Worker-44: Building workspace] INFO  o.a.m.s.f.DefaultMavenResourcesFiltering - Copying 1 resource from src\main\resources to target\classes
2025-12-05 17:27:14,107 [Worker-44: Building workspace] INFO  o.a.m.s.f.DefaultMavenResourcesFiltering - Copying 0 resource from src\main\resources to target\classes
2025-12-05 17:27:14,109 [Worker-44: Building workspace] INFO  o.a.m.s.f.DefaultMavenResourcesFiltering - skip non existing resourceDirectory C:\Users\archit.jain\OneDrive - HCL TECHNOLOGIES LIMITED\Documents\GuviProject\user5\src\test\resources
2025-12-05 17:28:58,149 [Worker-41: Building workspace] INFO  o.a.m.s.f.DefaultMavenResourcesFiltering - Copying 1 resource from src\main\resources to target\classes
2025-12-05 17:28:58,155 [Worker-41: Building workspace] INFO  o.a.m.s.f.DefaultMavenResourcesFiltering - Copying 0 resource from src\main\resources to target\classes
2025-12-05 17:28:58,158 [Worker-41: Building workspace] INFO  o.a.m.s.f.DefaultMavenResourcesFiltering - skip non existing resourceDirectory C:\Users\archit.jain\OneDrive - HCL TECHNOLOGIES LIMITED\Documents\GuviProject\user5\src\test\resources
2025-12-05 17:30:30,480 [Worker-42: Building workspace] INFO  o.a.m.s.f.DefaultMavenResourcesFiltering - Copying 1 resource from src\main\resources to target\classes
2025-12-05 17:30:30,543 [Worker-42: Building workspace] INFO  o.a.m.s.f.DefaultMavenResourcesFiltering - Copying 0 resource from src\main\resources to target\classes
2025-12-05 17:30:30,545 [Worker-42: Building workspace] INFO  o.a.m.s.f.DefaultMavenResourcesFiltering - skip non existing resourceDirectory C:\Users\archit.jain\OneDrive - HCL TECHNOLOGIES LIMITED\Documents\GuviProject\user5\src\test\resources
2025-12-05 17:30:43,271 [Worker-34: Building workspace] INFO  o.a.m.s.f.DefaultMavenResourcesFiltering - Copying 1 resource from src\main\resources to target\classes
2025-12-05 17:30:43,281 [Worker-34: Building workspace] INFO  o.a.m.s.f.DefaultMavenResourcesFiltering - Copying 0 resource from src\main\resources to target\classes
2025-12-05 17:30:43,284 [Worker-34: Building workspace] INFO  o.a.m.s.f.DefaultMavenResourcesFiltering - skip non existing resourceDirectory C:\Users\archit.jain\OneDrive - HCL TECHNOLOGIES LIMITED\Documents\GuviProject\user5\src\test\resources
2025-12-05 17:31:12,119 [Worker-39: Building workspace] INFO  o.a.m.s.f.DefaultMavenResourcesFiltering - Copying 1 resource from src\main\resources to target\classes
2025-12-05 17:31:12,126 [Worker-39: Building workspace] INFO  o.a.m.s.f.DefaultMavenResourcesFiltering - Copying 0 resource from src\main\resources to target\classes
2025-12-05 17:31:12,128 [Worker-39: Building workspace] INFO  o.a.m.s.f.DefaultMavenResourcesFiltering - skip non existing resourceDirectory C:\Users\archit.jain\OneDrive - HCL TECHNOLOGIES LIMITED\Documents\GuviProject\user5\src\test\resources
2025-12-08 15:56:19,173 [Worker-57: Building workspace] INFO  o.a.m.s.f.DefaultMavenResourcesFiltering - Copying 1 resource from src\main\resources to target\classes
2025-12-08 15:56:19,195 [Worker-57: Building workspace] INFO  o.a.m.s.f.DefaultMavenResourcesFiltering - Copying 0 resource from src\main\resources to target\classes
2025-12-08 15:56:19,197 [Worker-57: Building workspace] INFO  o.a.m.s.f.DefaultMavenResourcesFiltering - skip non existing resourceDirectory C:\Users\archit.jain\OneDrive - HCL TECHNOLOGIES LIMITED\Documents\GuviProject\eventmanagement\src\test\resources
2025-12-08 16:08:54,171 [Worker-56: Building workspace] INFO  o.a.m.s.f.DefaultMavenResourcesFiltering - Copying 1 resource from src\main\resources to target\classes
2025-12-08 16:08:54,179 [Worker-56: Building workspace] INFO  o.a.m.s.f.DefaultMavenResourcesFiltering - Copying 0 resource from src\main\resources to target\classes
2025-12-08 16:08:54,181 [Worker-56: Building workspace] INFO  o.a.m.s.f.DefaultMavenResourcesFiltering - skip non existing resourceDirectory C:\Users\archit.jain\OneDrive - HCL TECHNOLOGIES LIMITED\Documents\GuviProject\eventmanagement\src\test\resources
2025-12-08 16:53:19,677 [Worker-63: Building workspace] INFO  o.a.m.s.f.DefaultMavenResourcesFiltering - Copying 1 resource from src\main\resources to target\classes
2025-12-08 16:53:19,695 [Worker-63: Building workspace] INFO  o.a.m.s.f.DefaultMavenResourcesFiltering - Copying 0 resource from src\main\resources to target\classes
2025-12-08 16:53:19,697 [Worker-63: Building workspace] INFO  o.a.m.s.f.DefaultMavenResourcesFiltering - skip non existing resourceDirectory C:\Users\archit.jain\OneDrive - HCL TECHNOLOGIES LIMITED\Documents\GuviProject\eventmanagement\src\test\resources
2025-12-08 16:57:41,257 [Worker-61: Building workspace] INFO  o.a.m.s.f.DefaultMavenResourcesFiltering - Copying 1 resource from src\main\resources to target\classes
2025-12-08 16:57:41,265 [Worker-61: Building workspace] INFO  o.a.m.s.f.DefaultMavenResourcesFiltering - Copying 0 resource from src\main\resources to target\classes
2025-12-08 16:57:41,267 [Worker-61: Building workspace] INFO  o.a.m.s.f.DefaultMavenResourcesFiltering - skip non existing resourceDirectory C:\Users\archit.jain\OneDrive - HCL TECHNOLOGIES LIMITED\Documents\GuviProject\eventmanagement\src\test\resources
2025-12-08 17:06:09,221 [Worker-66: Launching EventmanagementApplication] INFO  o.a.m.s.f.DefaultMavenResourcesFiltering - Copying 1 resource from src\main\resources to target\classes
2025-12-08 17:06:09,238 [Worker-66: Launching EventmanagementApplication] INFO  o.a.m.s.f.DefaultMavenResourcesFiltering - Copying 0 resource from src\main\resources to target\classes
2025-12-08 17:06:09,240 [Worker-66: Launching EventmanagementApplication] INFO  o.a.m.s.f.DefaultMavenResourcesFiltering - skip non existing resourceDirectory C:\Users\archit.jain\OneDrive - HCL TECHNOLOGIES LIMITED\Documents\GuviProject\eventmanagement\src\test\resources
2025-12-08 17:18:12,832 [Worker-63: Building workspace] INFO  o.a.m.s.f.DefaultMavenResourcesFiltering - Copying 1 resource from src\main\resources to target\classes
2025-12-08 17:18:12,839 [Worker-63: Building workspace] INFO  o.a.m.s.f.DefaultMavenResourcesFiltering - Copying 0 resource from src\main\resources to target\classes
2025-12-08 17:18:12,840 [Worker-63: Building workspace] INFO  o.a.m.s.f.DefaultMavenResourcesFiltering - skip non existing resourceDirectory C:\Users\archit.jain\OneDrive - HCL TECHNOLOGIES LIMITED\Documents\GuviProject\eventmanagement\src\test\resources
2025-12-08 21:38:21,320 [Worker-61: Building workspace] INFO  o.a.m.s.f.DefaultMavenResourcesFiltering - Copying 1 resource from src\main\resources to target\classes
2025-12-08 21:38:21,329 [Worker-61: Building workspace] INFO  o.a.m.s.f.DefaultMavenResourcesFiltering - Copying 0 resource from src\main\resources to target\classes
2025-12-08 21:38:21,331 [Worker-61: Building workspace] INFO  o.a.m.s.f.DefaultMavenResourcesFiltering - skip non existing resourceDirectory C:\Users\archit.jain\OneDrive - HCL TECHNOLOGIES LIMITED\Documents\GuviProject\eventmanagement\src\test\resources
2025-12-08 21:50:47,357 [Worker-61: Building workspace] INFO  o.a.m.s.f.DefaultMavenResourcesFiltering - Copying 1 resource from src\main\resources to target\classes
2025-12-08 21:50:47,366 [Worker-61: Building workspace] INFO  o.a.m.s.f.DefaultMavenResourcesFiltering - Copying 0 resource from src\main\resources to target\classes
2025-12-08 21:50:47,368 [Worker-61: Building workspace] INFO  o.a.m.s.f.DefaultMavenResourcesFiltering - skip non existing resourceDirectory C:\Users\archit.jain\OneDrive - HCL TECHNOLOGIES LIMITED\Documents\GuviProject\eventmanagement\src\test\resources
